Mata Pelajaran,Soal,Jawaban,Skor,Keterangan
Bahasa Indonesia ,Jelaskan dengan bahasamu sendiri apa yang dimaksud dengan Teks Laporan Hasil Observasi!,LHO adalah teks yang berisi hasil pengamatan terhadap suatu objek secara faktual.,10,Jawaban Kunci
Bahasa Indonesia ,Sebutkan tiga ciri utama dari Teks Laporan Hasil Observasi!,"faktual, objektif, menggunakan bahasa baku.",10,Jawaban Kunci
Bahasa Indonesia ,Apa tujuan dibuatnya teks laporan hasil observasi? Jelaskan secara sederhana.,memberi informasi faktual kepada pembaca.,10,Jawaban Kunci
Bahasa Indonesia ,Jelaskan apa yang dimaksud dengan teks anekdot menurut pemahamanmu.,cerita singkat yang lucu atau menyindir.,10,Jawaban Kunci
Bahasa Indonesia ,Sebutkan dua ciri yang selalu ada dalam teks anekdot.,mengandung kelucuan dan sindiran.,10,Jawaban Kunci
Bahasa Indonesia ,Sebutkan struktur teks anekdot dan jelaskan secara singkat setiap bagiannya.,"abstraksi, orientasi, krisis, reaksi, koda.",10,Jawaban Kunci
Bahasa Indonesia ,Apa yang dimaksud dengan hikayat? Jelaskan dengan bahasamu sendiri.,cerita lama yang berisi keajaiban dan unsur fantastis.,10,Jawaban Kunci
Bahasa Indonesia ,Sebutkan tiga ciri khas hikayat sebagai karya sastra lama.,"tokoh sakti, alur sederhana, penuh keajaiban.",10,Jawaban Kunci
Bahasa Indonesia ,Sebutkan struktur umum hikayat dan jelaskan fungsi masing-masing bagian.,"pendahuluan, peristiwa, penutup.",10,Jawaban Kunci
Bahasa Indonesia ,"Dari ketiga jenis teks (LHO, Anekdot, Hikayat), pilih salah satu dan jelaskan pesan atau nilai yang biasanya ingin disampaikan penulis melalui teks tersebut, berdasarkan pemahamanmu",hikayat mengajarkan keberanian dan kejujuran.,10,Jawaban Kunci
Bahasa Indonesia ,Jelaskan dengan bahasamu sendiri apa yang dimaksud dengan Teks Laporan Hasil Observasi!,"Teks LHO adalah teks yg kita tulis dari melihat atau menonton suatu seperti hewan, tumbuhan atau Penjelasan, secara rinci",10,Jawaban Siswa
Bahasa Indonesia ,Sebutkan tiga ciri utama dari Teks Laporan Hasil Observasi!,"bersifat objektif, disusun sistematis, ditulis berdasarkan fakta",10,Jawaban Siswa
Bahasa Indonesia ,Apa tujuan dibuatnya teks laporan hasil observasi? Jelaskan secara sederhana.,untuk menjelaskan suatu benda/Peristiwa,0,Jawaban Siswa
Bahasa Indonesia ,Jelaskan apa yang dimaksud dengan teks anekdot menurut pemahamanmu.,Teks anekdot cerita singkat yg lucu / menyindir,10,Jawaban Siswa
Bahasa Indonesia ,Sebutkan dua ciri yang selalu ada dalam teks anekdot.,"mengandung humor, berdasarkan kejadian yang hampir nyata",10,Jawaban Siswa
Bahasa Indonesia ,Sebutkan struktur teks anekdot dan jelaskan secara singkat setiap bagiannya.,"abstrak, krisis, koda, orientasi, rekasi",10,Jawaban Siswa
Bahasa Indonesia ,Apa yang dimaksud dengan hikayat? Jelaskan dengan bahasamu sendiri.,cerita klasik yg berisi tentang tokoh hebat biasanya banyak kejadian,10,Jawaban Siswa
Bahasa Indonesia ,Sebutkan tiga ciri khas hikayat sebagai karya sastra lama.,"mengandung unsur fantastis, bersifat turun temurun, cerita berdasarkan kejadian",5,Jawaban Siswa
Bahasa Indonesia ,Sebutkan struktur umum hikayat dan jelaskan fungsi masing-masing bagian.,"tema, tokoh, alur, latar, alamat",0,Jawaban Siswa
Bahasa Indonesia ,"Dari ketiga jenis teks (LHO, Anekdot, Hikayat), pilih salah satu dan jelaskan pesan atau nilai yang biasanya ingin disampaikan penulis melalui teks tersebut, berdasarkan pemahamanmu","nilai moral, krisis sosial, informasi penting, Pelajaran hidup yg ingin disampaikan si penulis",0,Jawaban Siswa
Bahasa Indonesia ,Jelaskan dengan bahasamu sendiri apa yang dimaksud dengan Teks Laporan Hasil Observasi!,laporan berisi fakta dan hasil pengamatan,10,Jawaban Siswa
Bahasa Indonesia ,Sebutkan tiga ciri utama dari Teks Laporan Hasil Observasi!,"Fakta, teratur dan jelas, bahasa baku",10,Jawaban Siswa
Bahasa Indonesia ,Apa tujuan dibuatnya teks laporan hasil observasi? Jelaskan secara sederhana.,menyampaikan fakta hasil Pengamatan,5,Jawaban Siswa
Bahasa Indonesia ,Jelaskan apa yang dimaksud dengan teks anekdot menurut pemahamanmu.,cerita pendek yang lucu sekaligus menyindir,10,Jawaban Siswa
Bahasa Indonesia ,Sebutkan dua ciri yang selalu ada dalam teks anekdot.,"Lucu, kritik, dan menyindir",10,Jawaban Siswa
Bahasa Indonesia ,Sebutkan struktur teks anekdot dan jelaskan secara singkat setiap bagiannya.,"abraksi = Pembuka cerita,
orientasi = mengenalkan situasi dan tokoh,
kritik = masalah atau kejadian,
reaksi = penyelesaian,
koda = penutup / Pesan",10,Jawaban Siswa
Bahasa Indonesia ,Apa yang dimaksud dengan hikayat? Jelaskan dengan bahasamu sendiri.,crita tradisional tentang tokoh luar biasah dengan unsur Fantasi,0,Jawaban Siswa
Bahasa Indonesia ,Sebutkan tiga ciri khas hikayat sebagai karya sastra lama.,"mengandung unsur khayal, tokoh istimewa, melayu klasik",0,Jawaban Siswa
Bahasa Indonesia ,Sebutkan struktur umum hikayat dan jelaskan fungsi masing-masing bagian.,"Pengantar, isi / Pristiwa, penutup",0,Jawaban Siswa
Bahasa Indonesia ,"Dari ketiga jenis teks (LHO, Anekdot, Hikayat), pilih salah satu dan jelaskan pesan atau nilai yang biasanya ingin disampaikan penulis melalui teks tersebut, berdasarkan pemahamanmu",LHO = jangan buang sampah sembarangan karena menyebabkan banjir,0,Jawaban Siswa
Bahasa Indonesia ,Jelaskan dengan bahasamu sendiri apa yang dimaksud dengan Teks Laporan Hasil Observasi!,LHO = Laporan berisi fakta dari hasil pengamatan,10,Jawaban Siswa
Bahasa Indonesia ,Sebutkan tiga ciri utama dari Teks Laporan Hasil Observasi!,"berisi fakta, Menggunakan bahasa baku, Disusun teratur dan jelas",10,Jawaban Siswa
Bahasa Indonesia ,Apa tujuan dibuatnya teks laporan hasil observasi? Jelaskan secara sederhana.,menyampaikan fakta hasil Pengamatan,5,Jawaban Siswa
Bahasa Indonesia ,Jelaskan apa yang dimaksud dengan teks anekdot menurut pemahamanmu.,Cerita Pendek Yang lucu Sekaligus Menyindir,10,Jawaban Siswa
Bahasa Indonesia ,Sebutkan dua ciri yang selalu ada dalam teks anekdot.,"Bersifat lucu dan Menghibur, Bersifat Menyindir / Mengkritik",10,Jawaban Siswa
Bahasa Indonesia ,Sebutkan struktur teks anekdot dan jelaskan secara singkat setiap bagiannya.,"abstraksi = Pembuka Cerita / bagian awal Yang Memberikan Gambaran Umum,
Orientasi = Bagian yang berfungsi Untuk Mengenalkan Situasi,
reaksi = tanggapan / Penyelesaian",10,Jawaban Siswa
Bahasa Indonesia ,Apa yang dimaksud dengan hikayat? Jelaskan dengan bahasamu sendiri.,hikayat = Cerita tradisional tentang tokoh luar biasanya dengan Unsur fantasi,0,Jawaban Siswa
Bahasa Indonesia ,Sebutkan tiga ciri khas hikayat sebagai karya sastra lama.,"Menampilkan tokoh istimewa, Menggunakan bahasa Melayu, Menggunakan Unsur Khayalan",0,Jawaban Siswa
Bahasa Indonesia ,Sebutkan struktur umum hikayat dan jelaskan fungsi masing-masing bagian.,"Pengertian, Isi / Peristiwa, Penutup",10,Jawaban Siswa
Bahasa Indonesia ,"Dari ketiga jenis teks (LHO, Anekdot, Hikayat), pilih salah satu dan jelaskan pesan atau nilai yang biasanya ingin disampaikan penulis melalui teks tersebut, berdasarkan pemahamanmu",LHO = berisi fakta / Kenyataan Karena tidak buatan dan Penyampaian yang di beri berakurat atau tidak bohong dan tidak fiksi / di buat- buat,10,Jawaban Siswa
Bahasa Indonesia ,Jelaskan dengan bahasamu sendiri apa yang dimaksud dengan Teks Laporan Hasil Observasi!,"teks yang mnjelaskan laporan yang berisi hasi pengamatan suatu objek, tempat, hewan, tumbuhan, d prsitiwa secara nyata",10,Jawaban Siswa
Bahasa Indonesia ,Sebutkan tiga ciri utama dari Teks Laporan Hasil Observasi!,"Brsifat faktual, bersifat objektif, Disajikan scara sistematis",10,Jawaban Siswa
Bahasa Indonesia ,Apa tujuan dibuatnya teks laporan hasil observasi? Jelaskan secara sederhana.,memberikan informasi yang akurat tntang objek yang diteliti/amati,10,Jawaban Siswa
Bahasa Indonesia ,Jelaskan apa yang dimaksud dengan teks anekdot menurut pemahamanmu.,"Yaitu teks yang menceritakan kejadian nyata / imajinatif yang  bersifat lucu, unik, menyampaikan pesan dg cara menyindir",10,Jawaban Siswa
Bahasa Indonesia ,Sebutkan dua ciri yang selalu ada dalam teks anekdot.,"mengandung unsur humor (hal lucu), memiliki unsur sindiran / kritik",10,Jawaban Siswa
Bahasa Indonesia ,Sebutkan struktur teks anekdot dan jelaskan secara singkat setiap bagiannya.,"abstraksi (pembuka) = menarik prhatian pmbaca,
orientasi = memberikan latar blkng cerita,
krisis = mnjdi inti cerita,
reaksi = penyelesaian,
koda = (penutup)",10,Jawaban Siswa
Bahasa Indonesia ,Apa yang dimaksud dengan hikayat? Jelaskan dengan bahasamu sendiri.,"hikayat adalah karya sastra lama yang berisi cerita tntang tokoh-tokoh sprti raja, putri, dll",10,Jawaban Siswa
Bahasa Indonesia ,Sebutkan tiga ciri khas hikayat sebagai karya sastra lama.,"tokoh digambarkan luar biasa, mengandung unsur keajaiban / hal gaib, brsifat istana",10,Jawaban Siswa
Bahasa Indonesia ,Sebutkan struktur umum hikayat dan jelaskan fungsi masing-masing bagian.,"Pendahuluan (untuk membuka cerita),
Pristiwa (isi yang trjadi),
Penutup (penutup cerita)",10,Jawaban Siswa
Bahasa Indonesia ,"Dari ketiga jenis teks (LHO, Anekdot, Hikayat), pilih salah satu dan jelaskan pesan atau nilai yang biasanya ingin disampaikan penulis melalui teks tersebut, berdasarkan pemahamanmu",teks anekdot = mmberi Pesan moral / kritik yang ingin dismpaikan Penulis melalui cerita lucu dan mnyindir,10,Jawaban Siswa
Bahasa Indonesia ,Jelaskan dengan bahasamu sendiri apa yang dimaksud dengan Teks Laporan Hasil Observasi!,Teks Laporan yaitu Teks yang awal mulainya tahu Kejadian,10,Jawaban Siswa
Bahasa Indonesia ,Sebutkan tiga ciri utama dari Teks Laporan Hasil Observasi!,"Dimana, Kapan, dan Siapa",0,Jawaban Siswa
Bahasa Indonesia ,Apa tujuan dibuatnya teks laporan hasil observasi? Jelaskan secara sederhana.,agar kita tidak susah mencari Laporan,0,Jawaban Siswa
Bahasa Indonesia ,Jelaskan apa yang dimaksud dengan teks anekdot menurut pemahamanmu.,Cerita singkat yg berisi cerita cerita lucu / sindiran,10,Jawaban Siswa
Bahasa Indonesia ,Sebutkan dua ciri yang selalu ada dalam teks anekdot.,"Pembahasan, Cerita Singkat",10,Jawaban Siswa
Bahasa Indonesia ,Sebutkan struktur teks anekdot dan jelaskan secara singkat setiap bagiannya.,"Abstraksi = gambaran,
Krisis = bagian inti",10,Jawaban Siswa
Bahasa Indonesia ,Apa yang dimaksud dengan hikayat? Jelaskan dengan bahasamu sendiri.,Karya satsra lama mlayu berbentuk prosa yg berisi cerita,10,Jawaban Siswa
Bahasa Indonesia ,Sebutkan tiga ciri khas hikayat sebagai karya sastra lama.,"mustahil, istana, santris, anunim",0,Jawaban Siswa
Bahasa Indonesia ,Sebutkan struktur umum hikayat dan jelaskan fungsi masing-masing bagian.,abstraksi orientasi kompleks evatuasi,0,Jawaban Siswa
Bahasa Indonesia ,"Dari ketiga jenis teks (LHO, Anekdot, Hikayat), pilih salah satu dan jelaskan pesan atau nilai yang biasanya ingin disampaikan penulis melalui teks tersebut, berdasarkan pemahamanmu",Pembahasan Jurusan menggunakan bhs baku secara sistem,0,Jawaban Siswa
Bahasa Indonesia ,Jelaskan dengan bahasamu sendiri apa yang dimaksud dengan Teks Laporan Hasil Observasi!,"(LHO) adalah secara singkat pengertian teks yang berisi penjabaran umum dan pelaporan hasil pengamatan yg sistematik terhadap suara objek (benda, hewan, tumbuhan, fenomena alam)",10,Jawaban Siswa
Bahasa Indonesia ,Sebutkan tiga ciri utama dari Teks Laporan Hasil Observasi!,"Ciri-ciri  Teks (LHO)
Objek & Ilmiah,
Sistematis & Terstruktur,
Bahasa baku & ilmiah,
Fokus pada objek Tunggal,
informatif,
Tidak ada prasangka",10,Jawaban Siswa
Bahasa Indonesia ,Apa tujuan dibuatnya teks laporan hasil observasi? Jelaskan secara sederhana.,Tujuannya di buatnya (LHO) untuk melaporkan hasil Pengamatan secara sistematis agar dapat di pahami dan Di gunakan sebagai Landasan untuk tindakan atau Pemahaman Lebih lanjut.,10,Jawaban Siswa
Bahasa Indonesia ,Jelaskan apa yang dimaksud dengan teks anekdot menurut pemahamanmu.,Teks anekdot adalah Tulisan singkat berisi cerita lucu / sindiran,10,Jawaban Siswa
Bahasa Indonesia ,Sebutkan dua ciri yang selalu ada dalam teks anekdot.,"cerita singkat, humor",10,Jawaban Siswa
Bahasa Indonesia ,Sebutkan struktur teks anekdot dan jelaskan secara singkat setiap bagiannya.,"abstrak = pembuka dari sebuah cerita
oreantasi = menjelaskan latar, Tokoh dan situasi
Krisis = bagian ini dari kejadian luka,
reaksi = Seorang tokoh memberikan respon
Koda = Penutup dari sebuah cerita",10,Jawaban Siswa
Bahasa Indonesia ,Apa yang dimaksud dengan hikayat? Jelaskan dengan bahasamu sendiri.,"Hikayat adalah karya sastra mlayu klasik, hikayat Termasuk kedalam Teks cerita rakyat, juga cerita perkaan berisi cerita sisilah UDD  yg bersifat sejarah keagamaan dan dll.",10,Jawaban Siswa
Bahasa Indonesia ,Sebutkan tiga ciri khas hikayat sebagai karya sastra lama.,"Bersifat Tentang sentris, proogis / Tidak logis, statis / logis",10,Jawaban Siswa
Bahasa Indonesia ,Sebutkan struktur umum hikayat dan jelaskan fungsi masing-masing bagian.,"abstraksi, oreantasi, komplikasi, evaluasi, koda",10,Jawaban Siswa
Bahasa Indonesia ,"Dari ketiga jenis teks (LHO, Anekdot, Hikayat), pilih salah satu dan jelaskan pesan atau nilai yang biasanya ingin disampaikan penulis melalui teks tersebut, berdasarkan pemahamanmu","(LHO) adalah secara singkat pengertian teks yang berisi Penjabaran umum. Pesan yang biasanya di sampaikan penulis ialah : objek, sistematis, bahasa baku & ilmiah",10,Jawaban Siswa
Bahasa Indonesia ,Jelaskan dengan bahasamu sendiri apa yang dimaksud dengan Teks Laporan Hasil Observasi!,tulisan yg menyajikan informasi hasil pengamatan langsung terhadap objek tertentu,10,Jawaban Siswa
Bahasa Indonesia ,Sebutkan tiga ciri utama dari Teks Laporan Hasil Observasi!,"berdasarkan faktan dan pengamatan langsung, struktur terorganisir dan sistematis, bahasa jelas, tegas dan objektif",10,Jawaban Siswa
Bahasa Indonesia ,Apa tujuan dibuatnya teks laporan hasil observasi? Jelaskan secara sederhana.,untuk menyampaikan informasi akurat dan terpercaya tentang objek yang di amati kepada pembaca,10,Jawaban Siswa
Bahasa Indonesia ,Jelaskan apa yang dimaksud dengan teks anekdot menurut pemahamanmu.,cerita singkat yang berisi pujian / keritikan pada suatu perilaku / kebijakan dengna cara menghibur dan tetap ada pesan moralnya,10,Jawaban Siswa
Bahasa Indonesia ,Sebutkan dua ciri yang selalu ada dalam teks anekdot.,cerita singkat - sindiran,10,Jawaban Siswa
Bahasa Indonesia ,Sebutkan struktur teks anekdot dan jelaskan secara singkat setiap bagiannya.,"Abstraksi = gambaran cerita,
orientasi = latar cerita, memperkenalkan tokoh, tempat dan waktu,
krisis = bagian inti cerita,
reaksi = tanggapan,
koda = penutup cerita",10,Jawaban Siswa
Bahasa Indonesia ,Apa yang dimaksud dengan hikayat? Jelaskan dengan bahasamu sendiri.,karya sastra prosa melayu yang berisi cerita / undangan undangan  yg bersifat keagamaan rekaan dan historis,10,Jawaban Siswa
Bahasa Indonesia ,Sebutkan tiga ciri khas hikayat sebagai karya sastra lama.,"mustahil, istana sentris, anonim / menceritakan tentang tokoh pahalawan, mengandung unsur metologi, menyampaikan pesan moral",10,Jawaban Siswa
Bahasa Indonesia ,Sebutkan struktur umum hikayat dan jelaskan fungsi masing-masing bagian.,"Abstaksi = gambaran cerita,
orientasi = latas cerita,
komplikasi = bagian inti masalah,
evaluasi = bagian Pembenaran,
Resolusi = solusi dalam cerita,
koda = penutup",10,Jawaban Siswa
Bahasa Indonesia ,"Dari ketiga jenis teks (LHO, Anekdot, Hikayat), pilih salah satu dan jelaskan pesan atau nilai yang biasanya ingin disampaikan penulis melalui teks tersebut, berdasarkan pemahamanmu",poin utama : kelebihan dan kesetiaan terhadap tanah air,0,Jawaban Siswa
Bahasa Indonesia ,Jelaskan dengan bahasamu sendiri apa yang dimaksud dengan Teks Laporan Hasil Observasi!,Teks LHO adalah teks Penjabaran umum suatu objek / Sesuatu berupa hasil pengamatan / Observasi,10,Jawaban Siswa
Bahasa Indonesia ,Sebutkan tiga ciri utama dari Teks Laporan Hasil Observasi!,"3 Ciri utama teks LHO
Disusun secara struktur, Menggunakan bahasa baku dan ilmiah, bersifat objektif.",10,Jawaban Siswa
Bahasa Indonesia ,Apa tujuan dibuatnya teks laporan hasil observasi? Jelaskan secara sederhana.,Tujuan dibuatnya teks LHO adalah untuk menjelaskan informasi bedasarkan aoa yang diamati secara langsung,10,Jawaban Siswa
Bahasa Indonesia ,Jelaskan apa yang dimaksud dengan teks anekdot menurut pemahamanmu.,Teks anekdot adalah teks yang berisi kritikan dan didalamnya terdapat lelucon / humor,10,Jawaban Siswa
Bahasa Indonesia ,Sebutkan dua ciri yang selalu ada dalam teks anekdot.,"Ciri-ciri teks anekdot = Mengandung Kejadian unik, berupa kata Sindiran, Lelucon.",10,Jawaban Siswa
Bahasa Indonesia ,Sebutkan struktur teks anekdot dan jelaskan secara singkat setiap bagiannya.,"Struktur teks Anekdot
abstrak,
Orientasi = Pengenalan suatu kejadian,
Krisis = timbul masalah,
Rekasi = Menyelesaikan masalah,
Koda = Akhir Cerita / ending.",10,Jawaban Siswa
Bahasa Indonesia ,Apa yang dimaksud dengan hikayat? Jelaskan dengan bahasamu sendiri.,"Teks Hikayat adalah Karya Sastra lama melayu berbentuk Prosa berisi Cerita, historis, kesaktian, kehebatan.",10,Jawaban Siswa
Bahasa Indonesia ,Sebutkan tiga ciri khas hikayat sebagai karya sastra lama.,"3 Ciri Khas Hikayat
Unsur fantastis,
ada Cerita Keajaiban,
Menggunakan bahasa melayu asli",10,Jawaban Siswa
Bahasa Indonesia ,Sebutkan struktur umum hikayat dan jelaskan fungsi masing-masing bagian.,"Struktur teks Hikayat
Abstrak,
Orientasi = Pengenalan tokoh,
Komplikasi = munculnya suatu masalah,
Klimaks = ,
Resolusi = , 
Koda = ending ddari Cerita
Pendahuluan = pembuka cerita,
Peristiwa = isi dari cerita,
Penutup = ending dari cerita",10,Jawaban Siswa
Bahasa Indonesia ,"Dari ketiga jenis teks (LHO, Anekdot, Hikayat), pilih salah satu dan jelaskan pesan atau nilai yang biasanya ingin disampaikan penulis melalui teks tersebut, berdasarkan pemahamanmu",Teks Anekdot menyampaikan Pesan kritikan sindiran yang disampaikan penulis  lewat Cerita humoris - lelucon,10,Jawaban Siswa
Bahasa Indonesia ,Jelaskan dengan bahasamu sendiri apa yang dimaksud dengan Teks Laporan Hasil Observasi!,"LHO = Singkatan dari Laporan hasil observasi, LHO merupakan laporan yang berisi hasil pengamatan terhadap suatu objek",10,Jawaban Siswa
Bahasa Indonesia ,Sebutkan tiga ciri utama dari Teks Laporan Hasil Observasi!,"bersifat objektif, data virtual dan menggunakan bahasa baku",10,Jawaban Siswa
Bahasa Indonesia ,Apa tujuan dibuatnya teks laporan hasil observasi? Jelaskan secara sederhana.,menyampaikan hasil pengamatan secara jelas dan virtual,8,Jawaban Siswa
Bahasa Indonesia ,Jelaskan apa yang dimaksud dengan teks anekdot menurut pemahamanmu.,teks yang berisi cerita lucu,0,Jawaban Siswa
Bahasa Indonesia ,Sebutkan dua ciri yang selalu ada dalam teks anekdot.,mengandung unsur humor/ lelucon dan berfungsi sebagai kritik,10,Jawaban Siswa
Bahasa Indonesia ,Sebutkan struktur teks anekdot dan jelaskan secara singkat setiap bagiannya.,"abstrak = menarik perhatian pembaca,
krisis = membangun konflik",10,Jawaban Siswa
Bahasa Indonesia ,Apa yang dimaksud dengan hikayat? Jelaskan dengan bahasamu sendiri.,karya satra lama berbentuk prosa yang berisi cerita kehidupan tokoh dengan unsur keajaiban,10,Jawaban Siswa
Bahasa Indonesia ,Sebutkan tiga ciri khas hikayat sebagai karya sastra lama.,"mengandung unsur fantastis, tokoh digambarkan luar biasa",0,Jawaban Siswa
Bahasa Indonesia ,Sebutkan struktur umum hikayat dan jelaskan fungsi masing-masing bagian.,"abstrak, orientasi (pengenalan), konflikasi (konflik), Resolusi (Penyelasaian),  koda (penutup)",10,Jawaban Siswa
Bahasa Indonesia ,"Dari ketiga jenis teks (LHO, Anekdot, Hikayat), pilih salah satu dan jelaskan pesan atau nilai yang biasanya ingin disampaikan penulis melalui teks tersebut, berdasarkan pemahamanmu",hikayat menurut saya karya sastra yang menceritakan tentang masa dahulu tokoh digambarkan sangat luar biasa,10,Jawaban Siswa
Bahasa Indonesia ,Jelaskan dengan bahasamu sendiri apa yang dimaksud dengan Teks Laporan Hasil Observasi!,"Lho = Singkat dari laporan hasi observasi. Lho merupakan laporan yang berisi  hasi pengamatan terhadap suatu objek Peristiwa, teks atau Dokumen yang memaparkan data dan informasi yang diperoleh melalui kegiatan observasi.",10,Jawaban Siswa
Bahasa Indonesia ,Sebutkan tiga ciri utama dari Teks Laporan Hasil Observasi!,"bersifat objek, data Faktual, menggunakan bahasa baku dan jelas.",10,Jawaban Siswa
Bahasa Indonesia ,Apa tujuan dibuatnya teks laporan hasil observasi? Jelaskan secara sederhana.,menyampaikan hasil pengamatan secara jelas dan Faktual mendokumentasikan data hasil observasi,0,Jawaban Siswa
Bahasa Indonesia ,Jelaskan apa yang dimaksud dengan teks anekdot menurut pemahamanmu.,teks berisi singkat yang lucu / menggelitik memberikan Tujuan kritik.,10,Jawaban Siswa
Bahasa Indonesia ,Sebutkan dua ciri yang selalu ada dalam teks anekdot.,mengandung unsur himor/kelucuan berfungsi sebagai kritik sindiran sindiran.,10,Jawaban Siswa
Bahasa Indonesia ,Sebutkan struktur teks anekdot dan jelaskan secara singkat setiap bagiannya.,"objek = menarik Perhatian Pembaca orientasi =  memberikan latar,
Krisis = membangun konflik reaksi =  memberikan belakang menyelesaikan.",10,Jawaban Siswa
Bahasa Indonesia ,Apa yang dimaksud dengan hikayat? Jelaskan dengan bahasamu sendiri.,Karya sastra Lama berbetuk proses yang berisi cerita kehidupan Tokoh dengan unsur keajaiban / kesaktian.,10,Jawaban Siswa
Bahasa Indonesia ,Sebutkan tiga ciri khas hikayat sebagai karya sastra lama.,mengandung unsur fantastis Tokoh digambarkan luar biasa bertujuan menghibur/ pelajar moral,10,Jawaban Siswa
Bahasa Indonesia ,Sebutkan struktur umum hikayat dan jelaskan fungsi masing-masing bagian.,"objek orientasi (pengenalan, konplikasi konfik peristiwa) resolusi  (penyelesaian. Kode (penutupan)",10,Jawaban Siswa
Bahasa Indonesia ,"Dari ketiga jenis teks (LHO, Anekdot, Hikayat), pilih salah satu dan jelaskan pesan atau nilai yang biasanya ingin disampaikan penulis melalui teks tersebut, berdasarkan pemahamanmu",,0,Jawaban Siswa
Bahasa Indonesia ,Jelaskan dengan bahasamu sendiri apa yang dimaksud dengan Teks Laporan Hasil Observasi!,Teks yang menggunakan bahasa baku,0,Jawaban Siswa
Bahasa Indonesia ,Sebutkan tiga ciri utama dari Teks Laporan Hasil Observasi!,"bersifat objek, faktual, Menggunakan bahasa baku dan jelas.",10,Jawaban Siswa
Bahasa Indonesia ,Apa tujuan dibuatnya teks laporan hasil observasi? Jelaskan secara sederhana.,menyapaikan hasil Pengamatan Scara jelas dn fktual.,0,Jawaban Siswa
Bahasa Indonesia ,Jelaskan apa yang dimaksud dengan teks anekdot menurut pemahamanmu.,Teks berisi Cerita Singkat,0,Jawaban Siswa
Bahasa Indonesia ,Sebutkan dua ciri yang selalu ada dalam teks anekdot.,"Mengandung unsur humor, mengandung kritik atau Sindiran.",10,Jawaban Siswa
Bahasa Indonesia ,Sebutkan struktur teks anekdot dan jelaskan secara singkat setiap bagiannya.,"abstraksi, orientasi, krisis, Reaksi.",8,Jawaban Siswa
Bahasa Indonesia ,Apa yang dimaksud dengan hikayat? Jelaskan dengan bahasamu sendiri.,salah satu bentuk karya Sastra,0,Jawaban Siswa
Bahasa Indonesia ,Sebutkan tiga ciri khas hikayat sebagai karya sastra lama.,"kemustahilan, Istana Sentris, anonim",10,Jawaban Siswa
Bahasa Indonesia ,Sebutkan struktur umum hikayat dan jelaskan fungsi masing-masing bagian.,"eksposisi / Orientasi komplikasi / Permasalahan, klimaks, Resolusi, koda.",0,Jawaban Siswa
Bahasa Indonesia ,"Dari ketiga jenis teks (LHO, Anekdot, Hikayat), pilih salah satu dan jelaskan pesan atau nilai yang biasanya ingin disampaikan penulis melalui teks tersebut, berdasarkan pemahamanmu","nilai, moral, nilai budaya, nilai sosial.",0,Jawaban Siswa
Bahasa Indonesia ,Jelaskan dengan bahasamu sendiri apa yang dimaksud dengan Teks Laporan Hasil Observasi!,"Teks yg berisi penjabaran umum dan laporan hasil pengamatan yg sistematis terhadap suatu objek ( Benda, hewan, Tumbuhan, fenomena alam dan dll)",10,Jawaban Siswa
Bahasa Indonesia ,Sebutkan tiga ciri utama dari Teks Laporan Hasil Observasi!,"bersifat sistematis, pembahasan, bahasa baku",10,Jawaban Siswa
Bahasa Indonesia ,Apa tujuan dibuatnya teks laporan hasil observasi? Jelaskan secara sederhana.,Tujuannya untuk melaporkan hasil  pengamatan secara sistematis agar dapat dipahami dan digunakan Sebagai Landasan Tindakan / pemikiran lebih lanjut.,8,Jawaban Siswa
Bahasa Indonesia ,Jelaskan apa yang dimaksud dengan teks anekdot menurut pemahamanmu.,Teks anekdot adalah Cerita singkat yg berisi cerita lucu / Sindiran,10,Jawaban Siswa
Bahasa Indonesia ,Sebutkan dua ciri yang selalu ada dalam teks anekdot.,"Cerita Singkat, humor",10,Jawaban Siswa
Bahasa Indonesia ,Sebutkan struktur teks anekdot dan jelaskan secara singkat setiap bagiannya.,"abstraksi (sebagai pembuka dari sebuah cerita), orientasi ( sebagai penjelasan latar, tokoh dan situasi), krisis (sebagai bagian inti kejadian lucu), reaksi (seorang tokoh memberikan respon), koda (sebagai penutup dari sebuah cerita dan kesimpulan).",10,Jawaban Siswa
Bahasa Indonesia ,Apa yang dimaksud dengan hikayat? Jelaskan dengan bahasamu sendiri.,"Hikayat adalah karya sastra klasik melayu, Hikayat juga termasuk ke dalam cerita rakyat, cerita kraan Cerita Silsilah, UDD, bersifat keagamaan dan dll",10,Jawaban Siswa
Bahasa Indonesia ,Sebutkan tiga ciri khas hikayat sebagai karya sastra lama.,"bersifat intonatif, praogis/tidak logis, statis/logis",10,Jawaban Siswa
Bahasa Indonesia ,Sebutkan struktur umum hikayat dan jelaskan fungsi masing-masing bagian.,"abstraksi (sebagai pembuka dari sebuah cerita), oreantasi (sebagai penjelasan latar, tokoh, dan situasi), komflikasi (Sebagai permasalahan dari sebuah cerita), evaluasi (Sebagai penyelesaian masalalu dari sebuah cerita), koda (Sebagai penutup dari sebuah cerita)",10,Jawaban Siswa
Bahasa Indonesia ,"Dari ketiga jenis teks (LHO, Anekdot, Hikayat), pilih salah satu dan jelaskan pesan atau nilai yang biasanya ingin disampaikan penulis melalui teks tersebut, berdasarkan pemahamanmu",Setelah seseorang mempelajari Teks LHO seorang dapat memahami apa yg di  di amati dgn jelas.,0,Jawaban Siswa
Bahasa Indonesia ,Jelaskan dengan bahasamu sendiri apa yang dimaksud dengan Teks Laporan Hasil Observasi!,"Teks Laporan Hasil Observasi adalah teks yang berisi laporan tentang pemahaman secara Faktual, akurat, dan sistematis",10,Jawaban Siswa
Bahasa Indonesia ,Sebutkan tiga ciri utama dari Teks Laporan Hasil Observasi!,"bersifat faktual, objektif, sistematis",10,Jawaban Siswa
Bahasa Indonesia ,Apa tujuan dibuatnya teks laporan hasil observasi? Jelaskan secara sederhana.,"agar untuk memahami suatu objek secara Faktual, akurat, dan sistematis",0,Jawaban Siswa
Bahasa Indonesia ,Jelaskan apa yang dimaksud dengan teks anekdot menurut pemahamanmu.,teks Anekdot ialah sebuah teks yang tentang mengkritik,0,Jawaban Siswa
Bahasa Indonesia ,Sebutkan dua ciri yang selalu ada dalam teks anekdot.,"mencari tahu, menyelidiki, berisi tentang mengkritik",0,Jawaban Siswa
Bahasa Indonesia ,Sebutkan struktur teks anekdot dan jelaskan secara singkat setiap bagiannya.,"abstraksi = permulaan,
orientasi,
koda = kesimpulan",10,Jawaban Siswa
Bahasa Indonesia ,Apa yang dimaksud dengan hikayat? Jelaskan dengan bahasamu sendiri.,teks yang berisi tentang aneka lucu serta Pelajaran Penting.,10,Jawaban Siswa
Bahasa Indonesia ,Sebutkan tiga ciri khas hikayat sebagai karya sastra lama.,"adanya keajaiban, tokohnya luar biasa",0,Jawaban Siswa
Bahasa Indonesia ,Sebutkan struktur umum hikayat dan jelaskan fungsi masing-masing bagian.,inspiratif,0,Jawaban Siswa
Bahasa Indonesia ,"Dari ketiga jenis teks (LHO, Anekdot, Hikayat), pilih salah satu dan jelaskan pesan atau nilai yang biasanya ingin disampaikan penulis melalui teks tersebut, berdasarkan pemahamanmu","LHO (Agar lebih mudah dalam meneliti, mendeskripsikan)",0,Jawaban Siswa
Bahasa Indonesia ,Jelaskan dengan bahasamu sendiri apa yang dimaksud dengan Teks Laporan Hasil Observasi!,teks LHO adalah teks laporan observasi / menjelaskan arti umum dari Suatu objek hasil Pengamatan langsung,10,Jawaban Siswa
Bahasa Indonesia ,Sebutkan tiga ciri utama dari Teks Laporan Hasil Observasi!,"berisi Pembahasan tentang Suatu objek, disusun secara Sistematis, terdapat perincian bagian Suatu Objek",10,Jawaban Siswa
Bahasa Indonesia ,Apa tujuan dibuatnya teks laporan hasil observasi? Jelaskan secara sederhana.,tujuan teks laporan hasil observasi adalah untuk menyampaikan Informasi Faktual tentang Suatu objek atau peristiwa,10,Jawaban Siswa
Bahasa Indonesia ,Jelaskan apa yang dimaksud dengan teks anekdot menurut pemahamanmu.,"cerita Singkat yang bersifat lucu/menyindir. Biasanya digunakan mengeritik Perilaku, kebijakan atau keadaan tertentu",10,Jawaban Siswa
Bahasa Indonesia ,Sebutkan dua ciri yang selalu ada dalam teks anekdot.,"cerita Singkat, menyindiri",10,Jawaban Siswa
Bahasa Indonesia ,Sebutkan struktur teks anekdot dan jelaskan secara singkat setiap bagiannya.,"abstraksi, orientasi, krisis, Reaksi, koda",5,Jawaban Siswa
Bahasa Indonesia ,Apa yang dimaksud dengan hikayat? Jelaskan dengan bahasamu sendiri.,hikayat merupakan karya Sastra melayu klasik berupa Prosa,10,Jawaban Siswa
Bahasa Indonesia ,Sebutkan tiga ciri khas hikayat sebagai karya sastra lama.,"menggunakan bahasa melayu, bersifat intonatif, pratogis",10,Jawaban Siswa
Bahasa Indonesia ,Sebutkan struktur umum hikayat dan jelaskan fungsi masing-masing bagian.,"abstraksi, komunikasi, orientasi, Evaluasi, koda, resolusi",10,Jawaban Siswa
Bahasa Indonesia ,"Dari ketiga jenis teks (LHO, Anekdot, Hikayat), pilih salah satu dan jelaskan pesan atau nilai yang biasanya ingin disampaikan penulis melalui teks tersebut, berdasarkan pemahamanmu",anekdhot = mengritik orang yang maupun ngeritik baik atau buruk dan menyindir. Menyindir biasanya menyindir orang entah itu sindiran baik atau buruk.,10,Jawaban Siswa
Bahasa Indonesia ,Jelaskan dengan bahasamu sendiri apa yang dimaksud dengan Teks Laporan Hasil Observasi!,teks observasi adalah teks Laporan yang deskripsi nya berurutan seperti teks tutorial atau cara,10,Jawaban Siswa
Bahasa Indonesia ,Sebutkan tiga ciri utama dari Teks Laporan Hasil Observasi!,deskripsi nya bersetep / berurut - berdeskripsi jelas menunjukan cara / tutorial,10,Jawaban Siswa
Bahasa Indonesia ,Apa tujuan dibuatnya teks laporan hasil observasi? Jelaskan secara sederhana.,menunjukan cara bagaimana atau mamahami teks observasi,10,Jawaban Siswa
Bahasa Indonesia ,Jelaskan apa yang dimaksud dengan teks anekdot menurut pemahamanmu.,teks anekdot adalah teks yang berupa hiburan dan ada mengandung sedikit sindiran,10,Jawaban Siswa
Bahasa Indonesia ,Sebutkan dua ciri yang selalu ada dalam teks anekdot.,Sindiran Publik dan sindiran Lingkungan,10,Jawaban Siswa
Bahasa Indonesia ,Sebutkan struktur teks anekdot dan jelaskan secara singkat setiap bagiannya.,"berisi tentang hiburan, dan sedikit berisi tentang sindiran ublik",10,Jawaban Siswa
Bahasa Indonesia ,Apa yang dimaksud dengan hikayat? Jelaskan dengan bahasamu sendiri.,"hikayat adalah sebuah cerita Legenda, orang melayu",10,Jawaban Siswa
Bahasa Indonesia ,Sebutkan tiga ciri khas hikayat sebagai karya sastra lama.,menggunakan bahasa melayu lama - menceritakan sosok pahlawan - tokoh terkenal,10,Jawaban Siswa
Bahasa Indonesia ,Sebutkan struktur umum hikayat dan jelaskan fungsi masing-masing bagian.,bahasa melayu lama / karas dan sosok pahlawan,10,Jawaban Siswa
Bahasa Indonesia ,"Dari ketiga jenis teks (LHO, Anekdot, Hikayat), pilih salah satu dan jelaskan pesan atau nilai yang biasanya ingin disampaikan penulis melalui teks tersebut, berdasarkan pemahamanmu","teks anekdok pesan yang disampaikan, jangan bersikap tidak adil di hadapan Publik",10,Jawaban Siswa
Bahasa Indonesia ,Jelaskan dengan bahasamu sendiri apa yang dimaksud dengan Teks Laporan Hasil Observasi!,teks yang berisi penjabaran umum dan pelaporan hasil pengamatan yang sistematis terhadap suatu objek,10,Jawaban Siswa
Bahasa Indonesia ,Sebutkan tiga ciri utama dari Teks Laporan Hasil Observasi!,"bahasa baku dan ilmiah, fokus pada objek tunggal",10,Jawaban Siswa
Bahasa Indonesia ,Apa tujuan dibuatnya teks laporan hasil observasi? Jelaskan secara sederhana.,untuk melaporkan hasil pengamtaan secara sistematis agar dpt di pahami dan digunakan sebagai landasan untuk tindakan / pemahaman lebih.,10,Jawaban Siswa
Bahasa Indonesia ,Jelaskan apa yang dimaksud dengan teks anekdot menurut pemahamanmu.,teks anekdot adalah tujuan singkat berisi cerita lucu / sindiran,10,Jawaban Siswa
Bahasa Indonesia ,Sebutkan dua ciri yang selalu ada dalam teks anekdot.,"cerita singkat, humor",10,Jawaban Siswa
Bahasa Indonesia ,Sebutkan struktur teks anekdot dan jelaskan secara singkat setiap bagiannya.,"abstrak = pembuka dari sebuah cerita
oreantasi = menjelaskan latar, Tokoh dan situasi
Krisis = bagian ini dari kejadian lucu,
Koda = Penutup dari sebuah cerita",10,Jawaban Siswa
Bahasa Indonesia ,Apa yang dimaksud dengan hikayat? Jelaskan dengan bahasamu sendiri.,hikayat adalah karya sastra malayu klasik hikayat termasuk kedalam teks cerita rakyat. Juga cerita terkaam berisi cerita sisilan (DD yg bersifat sejarah keagamaan dll),10,Jawaban Siswa
Bahasa Indonesia ,Sebutkan tiga ciri khas hikayat sebagai karya sastra lama.,"bersifat intanosantris, Tidak logis, Staris / logis",10,Jawaban Siswa
Bahasa Indonesia ,Sebutkan struktur umum hikayat dan jelaskan fungsi masing-masing bagian.,"abstraksi, orientasi, komplikasi, elaqsi, koda",10,Jawaban Siswa
Bahasa Indonesia ,"Dari ketiga jenis teks (LHO, Anekdot, Hikayat), pilih salah satu dan jelaskan pesan atau nilai yang biasanya ingin disampaikan penulis melalui teks tersebut, berdasarkan pemahamanmu",,10,Jawaban Siswa
Bahasa Indonesia ,Jelaskan dengan bahasamu sendiri apa yang dimaksud dengan Teks Laporan Hasil Observasi!,Teks laporan oBservasi adalah Dimana orang menulis cerita Dengan Sederhana Tapi harus rinci,10,Jawaban Siswa
Bahasa Indonesia ,Sebutkan tiga ciri utama dari Teks Laporan Hasil Observasi!,"kata Pembuka, kata Pentup, Tokoh,  Tempat, Waktu",10,Jawaban Siswa
Bahasa Indonesia ,Apa tujuan dibuatnya teks laporan hasil observasi? Jelaskan secara sederhana.,Orang akan Gampang menceritakan kejadian yang pernah Dia alami. Secara rinci / sederhana,10,Jawaban Siswa
Bahasa Indonesia ,Jelaskan apa yang dimaksud dengan teks anekdot menurut pemahamanmu.,texs anexdot adalah Dimana orang menjelaskan secara rinci dan tIeliti,10,Jawaban Siswa
Bahasa Indonesia ,Sebutkan dua ciri yang selalu ada dalam teks anekdot.,"Paragraf, Tokoh",10,Jawaban Siswa
Bahasa Indonesia ,Sebutkan struktur teks anekdot dan jelaskan secara singkat setiap bagiannya.,"Paragraf 1 / Pembukaan,
Paragraf 2 menjelaskan cerita / kejadian,
Paragraf 3 Penutupan",10,Jawaban Siswa
Bahasa Indonesia ,Apa yang dimaksud dengan hikayat? Jelaskan dengan bahasamu sendiri.,Texs hikayat aDalah Dimana seseorang menceritakan / Dongeng Jaman Dulu.,10,Jawaban Siswa
Bahasa Indonesia ,Sebutkan tiga ciri khas hikayat sebagai karya sastra lama.,"Pembuka, Pengantar, Penutup",10,Jawaban Siswa
Bahasa Indonesia ,Sebutkan struktur umum hikayat dan jelaskan fungsi masing-masing bagian.,"abraksi, areantasi, kompinasi, elavasi, kode",10,Jawaban Siswa
Bahasa Indonesia ,"Dari ketiga jenis teks (LHO, Anekdot, Hikayat), pilih salah satu dan jelaskan pesan atau nilai yang biasanya ingin disampaikan penulis melalui teks tersebut, berdasarkan pemahamanmu",lho adalah pengertian texs yang berisi Penjabaran umum dan Pelaporan hasil Pengamatan tang sistematis Terhadap Sesuatu Objek,10,Jawaban Siswa
Bahasa Indonesia ,Jelaskan dengan bahasamu sendiri apa yang dimaksud dengan Teks Laporan Hasil Observasi!,teks yang untuk menyampaikan hasil laporan,10,Jawaban Siswa
Bahasa Indonesia ,Sebutkan tiga ciri utama dari Teks Laporan Hasil Observasi!,abstraksi,10,Jawaban Siswa
Bahasa Indonesia ,Apa tujuan dibuatnya teks laporan hasil observasi? Jelaskan secara sederhana.,agar dapat mengetahui laporan hasil observasi dengna rinci,10,Jawaban Siswa
Bahasa Indonesia ,Jelaskan apa yang dimaksud dengan teks anekdot menurut pemahamanmu.,teks anekdot = teks yang menjelaskan tentang kritikan / pesan moral.,10,Jawaban Siswa
Bahasa Indonesia ,Sebutkan dua ciri yang selalu ada dalam teks anekdot.,"sindiran, kritik.",10,Jawaban Siswa
Bahasa Indonesia ,Sebutkan struktur teks anekdot dan jelaskan secara singkat setiap bagiannya.,"teks, laporan, hasil, Pesan atau nilai",10,Jawaban Siswa
Bahasa Indonesia ,Apa yang dimaksud dengan hikayat? Jelaskan dengan bahasamu sendiri.,gambar yang berbentuk Prosa dan Mengalami peristiwa dahulu / karya sastra lama.,10,Jawaban Siswa
Bahasa Indonesia ,Sebutkan tiga ciri khas hikayat sebagai karya sastra lama.,"pesan moral, kritikan, atau nilai.",10,Jawaban Siswa
Bahasa Indonesia ,Sebutkan struktur umum hikayat dan jelaskan fungsi masing-masing bagian.,"teks, gambar/ karya sastra lama, Laporan, hasil, pesan atau nilai.",10,Jawaban Siswa
Bahasa Indonesia ,"Dari ketiga jenis teks (LHO, Anekdot, Hikayat), pilih salah satu dan jelaskan pesan atau nilai yang biasanya ingin disampaikan penulis melalui teks tersebut, berdasarkan pemahamanmu",agar seseorang Melihat / Mencontoh hal positifnya,10,Jawaban Siswa
Bahasa Indonesia ,Jelaskan dengan bahasamu sendiri apa yang dimaksud dengan Teks Laporan Hasil Observasi!,Laporan Hasil Observasi adalah untuk menejlaskan Suatu Kejadia Dan di Jelaskan Hasil Observasi itu dengan Secara detail.,10,Jawaban Siswa
Bahasa Indonesia ,Sebutkan tiga ciri utama dari Teks Laporan Hasil Observasi!,Lucu (meggelitik),10,Jawaban Siswa
Bahasa Indonesia ,Apa tujuan dibuatnya teks laporan hasil observasi? Jelaskan secara sederhana.,menceritakan Hasil Observasi itu,10,Jawaban Siswa
Bahasa Indonesia ,Jelaskan apa yang dimaksud dengan teks anekdot menurut pemahamanmu.,menjelaskan Suatu Pemohonan,10,Jawaban Siswa
Bahasa Indonesia ,Sebutkan dua ciri yang selalu ada dalam teks anekdot.,Karya Sastra lama.,10,Jawaban Siswa
Bahasa Indonesia ,Sebutkan struktur teks anekdot dan jelaskan secara singkat setiap bagiannya.,memahami suatu struktur Secara detail,10,Jawaban Siswa
Bahasa Indonesia ,Apa yang dimaksud dengan hikayat? Jelaskan dengan bahasamu sendiri.,menjelaskan Suatu Penemuan lama  Dan di Jelaskan Penerima lama itu Dengan  Secara Detail,10,Jawaban Siswa
Bahasa Indonesia ,Sebutkan tiga ciri khas hikayat sebagai karya sastra lama.,waktu penemuan Usia karya itu,10,Jawaban Siswa
Bahasa Indonesia ,Sebutkan struktur umum hikayat dan jelaskan fungsi masing-masing bagian.,menjelaskan suatu Penerima Dan Karya Sastra Lama,10,Jawaban Siswa
Bahasa Indonesia ,"Dari ketiga jenis teks (LHO, Anekdot, Hikayat), pilih salah satu dan jelaskan pesan atau nilai yang biasanya ingin disampaikan penulis melalui teks tersebut, berdasarkan pemahamanmu",LHO menceritakan suatu cerita yang dibuat,10,Jawaban Siswa
Bahasa Indonesia ,Jelaskan dengan bahasamu sendiri apa yang dimaksud dengan Teks Laporan Hasil Observasi!,Berbicara Sopan santun,10,Jawaban Siswa
Bahasa Indonesia ,Sebutkan tiga ciri utama dari Teks Laporan Hasil Observasi!,"menjaga toleransi, menolong dan Membantu orang sakit",10,Jawaban Siswa
Bahasa Indonesia ,Apa tujuan dibuatnya teks laporan hasil observasi? Jelaskan secara sederhana.,membicarakan hal sesuatu,10,Jawaban Siswa
Bahasa Indonesia ,Jelaskan apa yang dimaksud dengan teks anekdot menurut pemahamanmu.,teks laporan,10,Jawaban Siswa
Bahasa Indonesia ,Sebutkan dua ciri yang selalu ada dalam teks anekdot.,laporan pehaman,10,Jawaban Siswa
Bahasa Indonesia ,Sebutkan struktur teks anekdot dan jelaskan secara singkat setiap bagiannya.,kata kata,10,Jawaban Siswa
Bahasa Indonesia ,Apa yang dimaksud dengan hikayat? Jelaskan dengan bahasamu sendiri.,muslim,10,Jawaban Siswa
Bahasa Indonesia ,Sebutkan tiga ciri khas hikayat sebagai karya sastra lama.,melukis,10,Jawaban Siswa
Bahasa Indonesia ,Sebutkan struktur umum hikayat dan jelaskan fungsi masing-masing bagian.,Toa,10,Jawaban Siswa
Bahasa Indonesia ,"Dari ketiga jenis teks (LHO, Anekdot, Hikayat), pilih salah satu dan jelaskan pesan atau nilai yang biasanya ingin disampaikan penulis melalui teks tersebut, berdasarkan pemahamanmu",untuk memikir sesuatu,10,Jawaban Siswa
Bahasa Indonesia ,Jelaskan dengan bahasamu sendiri apa yang dimaksud dengan Teks Laporan Hasil Observasi!,"Teks Laporan Hasil observasi adalah teks yg kita tulis dari melihat atau Menonton sesuatu seperti hewan, Tumbuhan dsb atau Penjelasan Secara rinci",10,Jawaban Siswa
Bahasa Indonesia ,Sebutkan tiga ciri utama dari Teks Laporan Hasil Observasi!,"Bersifat Objektif,Disusun sistematis, Ditulis Berdasarkan Fakta",10,Jawaban Siswa
Bahasa Indonesia ,Apa tujuan dibuatnya teks laporan hasil observasi? Jelaskan secara sederhana.,agar memberikan Informasi faktual tentang suatu objek pengamatan,10,Jawaban Siswa
Bahasa Indonesia ,Jelaskan apa yang dimaksud dengan teks anekdot menurut pemahamanmu.,Teks Anekdot Cerita Singkat yg Lucu atau menyindir,10,Jawaban Siswa
Bahasa Indonesia ,Sebutkan dua ciri yang selalu ada dalam teks anekdot.,"Mengandung Humor, Berdasarkan Kejadian yg hampir nyala",10,Jawaban Siswa
Bahasa Indonesia ,Sebutkan struktur teks anekdot dan jelaskan secara singkat setiap bagiannya.,"Abstrak, orientasi, krisis, Reaksi, Koda",10,Jawaban Siswa
Bahasa Indonesia ,Apa yang dimaksud dengan hikayat? Jelaskan dengan bahasamu sendiri.,Hikayat adalah Cerita Klasik yg berisi tentang tokoh hebat biasanya banyak kejadian,10,Jawaban Siswa
Bahasa Indonesia ,Sebutkan tiga ciri khas hikayat sebagai karya sastra lama.,"Mengandung unsur fantastik, Bersifat Turun Temurun, Cerita berdasarkan Kejadian",10,Jawaban Siswa
Bahasa Indonesia ,Sebutkan struktur umum hikayat dan jelaskan fungsi masing-masing bagian.,"Tema, Tokoh, alur, Latar , amanat",10,Jawaban Siswa
Bahasa Indonesia ,"Dari ketiga jenis teks (LHO, Anekdot, Hikayat), pilih salah satu dan jelaskan pesan atau nilai yang biasanya ingin disampaikan penulis melalui teks tersebut, berdasarkan pemahamanmu","nilai moral, krisis sosial, informasi penting, Pelajaran hidup yg ingin disampaikan si penulis",10,Jawaban Siswa
Bahasa Indonesia ,Jelaskan dengan bahasamu sendiri apa yang dimaksud dengan Teks Laporan Hasil Observasi!,Laporan hasil observasi adalah teks yang berisi penjabaran umum atau laporan faktual tentang suatu objek,10,Jawaban Siswa
Bahasa Indonesia ,Sebutkan tiga ciri utama dari Teks Laporan Hasil Observasi!,"bersifat objektif, berdasarkan fakta, disusun secara sistematis",10,Jawaban Siswa
Bahasa Indonesia ,Apa tujuan dibuatnya teks laporan hasil observasi? Jelaskan secara sederhana.,untuk menyajikan Informasi data dan fakta secara objektif tentang suatu objek atau Fenomena,10,Jawaban Siswa
Bahasa Indonesia ,Jelaskan apa yang dimaksud dengan teks anekdot menurut pemahamanmu.,cerita singkat yang lucu dan mengsankan biasanya berdasarkan kejadian nyata,10,Jawaban Siswa
Bahasa Indonesia ,Sebutkan dua ciri yang selalu ada dalam teks anekdot.,"humor yg mengkritik, sindiran halus",10,Jawaban Siswa
Bahasa Indonesia ,Sebutkan struktur teks anekdot dan jelaskan secara singkat setiap bagiannya.,"abstrak (gambaran umum),
orientasi (menunjukkan latar belakang),
krisis (puncak cerita yang berisi masala / konflik),
Reaksi (tanggapan atau Respon karakter krisis),
Koda (bagian Penutup yg berisi Kesimpulan)",10,Jawaban Siswa
Bahasa Indonesia ,Apa yang dimaksud dengan hikayat? Jelaskan dengan bahasamu sendiri.,"Karya Sastra melayi lama berbentuk Prosa yg berisi cerita, undang undang atau silsilah",10,Jawaban Siswa
Bahasa Indonesia ,Sebutkan tiga ciri khas hikayat sebagai karya sastra lama.,"bersifat istanasentris, pralogis, menggunakan bahasa melayu lama",10,Jawaban Siswa
Bahasa Indonesia ,Sebutkan struktur umum hikayat dan jelaskan fungsi masing-masing bagian.,"abstraksi, orientasi, komplikasi, evaluasi, resolusi, koda",8,Jawaban Siswa
Bahasa Indonesia ,"Dari ketiga jenis teks (LHO, Anekdot, Hikayat), pilih salah satu dan jelaskan pesan atau nilai yang biasanya ingin disampaikan penulis melalui teks tersebut, berdasarkan pemahamanmu",teks anekdot = hiburan yang dibungkus kritik sosial Sindiran halus dan Pesan moral  atau amanat,10,Jawaban Siswa
Bahasa Indonesia ,Jelaskan dengan bahasamu sendiri apa yang dimaksud dengan Teks Laporan Hasil Observasi!,laporan Hasill pengamatan yg mencatat Secara Fakta Berdasarkan objektif dn Strukturnya,10,Jawaban Siswa
Bahasa Indonesia ,Sebutkan tiga ciri utama dari Teks Laporan Hasil Observasi!,"objektif, sistematis, kontrenatif",5,Jawaban Siswa
Bahasa Indonesia ,Apa tujuan dibuatnya teks laporan hasil observasi? Jelaskan secara sederhana.,"memberikan informasi, menganalisis, mengevaluasi",10,Jawaban Siswa
Bahasa Indonesia ,Jelaskan apa yang dimaksud dengan teks anekdot menurut pemahamanmu.,cerita singkat lucu dn menarik biasanya yata,0,Jawaban Siswa
Bahasa Indonesia ,Sebutkan dua ciri yang selalu ada dalam teks anekdot.,humor yg mnegeritik sindiran halus,10,Jawaban Siswa
Bahasa Indonesia ,Sebutkan struktur teks anekdot dan jelaskan secara singkat setiap bagiannya.,"Pembuka, isi, Penutup",10,Jawaban Siswa
Bahasa Indonesia ,Apa yang dimaksud dengan hikayat? Jelaskan dengan bahasamu sendiri.,cerita pendek yg mengunakan Bahasa melayu menceritakan pertualangan pahlamawan,10,Jawaban Siswa
Bahasa Indonesia ,Sebutkan tiga ciri khas hikayat sebagai karya sastra lama.,"Bersifat instaniSentres, prlogis, mengunakan Bahasa melayu lama",10,Jawaban Siswa
Bahasa Indonesia ,Sebutkan struktur umum hikayat dan jelaskan fungsi masing-masing bagian.,"Abstraksi, orientasi, famlikasi, eramlikasi, revolusi, koda",5,Jawaban Siswa
Bahasa Indonesia ,"Dari ketiga jenis teks (LHO, Anekdot, Hikayat), pilih salah satu dan jelaskan pesan atau nilai yang biasanya ingin disampaikan penulis melalui teks tersebut, berdasarkan pemahamanmu","nilai moral = berhubungan dgn baik / buruk prilaku 9jujur, sabar, tamak
Teks Anekdot = Hiburan yg dibungkus kritik Sosial sindiran halus dn pesan moral/amanat",10,Jawaban Siswa
Bahasa Indonesia ,Jelaskan dengan bahasamu sendiri apa yang dimaksud dengan Teks Laporan Hasil Observasi!,hasil teks observasi itu Seperti teks deskripsi dengan mencatat sebuah benda dengan rinci.,10,Jawaban Siswa
Bahasa Indonesia ,Sebutkan tiga ciri utama dari Teks Laporan Hasil Observasi!,"bersifat objektif, disusun sistematis, ditulis berdasarkan fakta",10,Jawaban Siswa
Bahasa Indonesia ,Apa tujuan dibuatnya teks laporan hasil observasi? Jelaskan secara sederhana.,agar dapat mengenali benda asing,0,Jawaban Siswa
Bahasa Indonesia ,Jelaskan apa yang dimaksud dengan teks anekdot menurut pemahamanmu.,teks anekdot adalah teks yang berisi sesuatu lelucon atau candaan dengan bahasa yang sederhana,10,Jawaban Siswa
Bahasa Indonesia ,Sebutkan dua ciri yang selalu ada dalam teks anekdot.,mengandung humor berdasarkan kejadian yang hampir nyata,10,Jawaban Siswa
Bahasa Indonesia ,Sebutkan struktur teks anekdot dan jelaskan secara singkat setiap bagiannya.,"artefak, orientasi",0,Jawaban Siswa
Bahasa Indonesia ,Apa yang dimaksud dengan hikayat? Jelaskan dengan bahasamu sendiri.,hikayat adalah teks berisi cerita laman atau fiksi yang menggunakan bahasa melayu lama.,10,Jawaban Siswa
Bahasa Indonesia ,Sebutkan tiga ciri khas hikayat sebagai karya sastra lama.,"mengandung unsur tethenik, bersifat turun menurut, berdasarkan kejadian",10,Jawaban Siswa
Bahasa Indonesia ,Sebutkan struktur umum hikayat dan jelaskan fungsi masing-masing bagian.,"tema, tokoh, alur, latar , amanat",0,Jawaban Siswa
Bahasa Indonesia ,"Dari ketiga jenis teks (LHO, Anekdot, Hikayat), pilih salah satu dan jelaskan pesan atau nilai yang biasanya ingin disampaikan penulis melalui teks tersebut, berdasarkan pemahamanmu","nilai moral , krisis sosial, informasi penting , pelajaran hidup yang disampaikan si penulis",0,Jawaban Siswa
Bahasa Indonesia ,Jelaskan dengan bahasamu sendiri apa yang dimaksud dengan Teks Laporan Hasil Observasi!,laporan berisi fajta dan hasil pengalaman,10,Jawaban Siswa
Bahasa Indonesia ,Sebutkan tiga ciri utama dari Teks Laporan Hasil Observasi!,"fakta, teratur dan menggunakan bahasa baku",10,Jawaban Siswa
Bahasa Indonesia ,Apa tujuan dibuatnya teks laporan hasil observasi? Jelaskan secara sederhana.,menyampaikan fakta hasil pengamatan,0,Jawaban Siswa
Bahasa Indonesia ,Jelaskan apa yang dimaksud dengan teks anekdot menurut pemahamanmu.,cerita pendek yang lucu sekaligus menyindir,10,Jawaban Siswa
Bahasa Indonesia ,Sebutkan dua ciri yang selalu ada dalam teks anekdot.,menyindir dan lucu ,10,Jawaban Siswa
Bahasa Indonesia ,Sebutkan struktur teks anekdot dan jelaskan secara singkat setiap bagiannya.,"abstraksi = pembuka,
orientasi = mengenalkan,
kritik = masalah,
reaksi = penyelesaian,
koda = penutupan",10,Jawaban Siswa
Bahasa Indonesia ,Apa yang dimaksud dengan hikayat? Jelaskan dengan bahasamu sendiri.,cerita tradisional tentang tokoh luar biasa dengan unsur positif,10,Jawaban Siswa
Bahasa Indonesia ,Sebutkan tiga ciri khas hikayat sebagai karya sastra lama.,"mengandung unsur istimewa,khayal dan tokoh",0,Jawaban Siswa
Bahasa Indonesia ,Sebutkan struktur umum hikayat dan jelaskan fungsi masing-masing bagian.,mengantar isi peristiwa penting,0,Jawaban Siswa
Bahasa Indonesia ,"Dari ketiga jenis teks (LHO, Anekdot, Hikayat), pilih salah satu dan jelaskan pesan atau nilai yang biasanya ingin disampaikan penulis melalui teks tersebut, berdasarkan pemahamanmu",hikayat = karena menceritakkan kisah kisah jaman dulu,0,Jawaban Siswa
Bahasa Indonesia ,Jelaskan dengan bahasamu sendiri apa yang dimaksud dengan Teks Laporan Hasil Observasi!,Adalah teks yg berisi laporan hasil dari pengamatan (observasi),10,Jawaban Siswa
Bahasa Indonesia ,Sebutkan tiga ciri utama dari Teks Laporan Hasil Observasi!,"Menggunakan bahasa yg baku, menggunakan cara yg sistematis, Pembahasan",10,Jawaban Siswa
Bahasa Indonesia ,Apa tujuan dibuatnya teks laporan hasil observasi? Jelaskan secara sederhana.,untuk mendapatkan informasi,10,Jawaban Siswa
Bahasa Indonesia ,Jelaskan apa yang dimaksud dengan teks anekdot menurut pemahamanmu.,Adalah cerita singkat yg berisi pujian/kritikan pada suatu prilaku/kebijakan dg cara menghibur dan ttp ada pesan moralnya ,10,Jawaban Siswa
Bahasa Indonesia ,Sebutkan dua ciri yang selalu ada dalam teks anekdot.,"cerita, singkat, sindiran",10,Jawaban Siswa
Bahasa Indonesia ,Sebutkan struktur teks anekdot dan jelaskan secara singkat setiap bagiannya.,"Abstraksi = gambaran cerita,
orientasi = latar cerita, memperkenalkan tokoh, tempat dan waktu,
krisis = bagian inti cerita,
reaksi = tanggapan,
koda = penutup cerita",10,Jawaban Siswa
Bahasa Indonesia ,Apa yang dimaksud dengan hikayat? Jelaskan dengan bahasamu sendiri.,"Adalah karya Sastra Prosa Melayu lama yg berisi Cerita / undang undang yg bersifat keagamaan, rekaan dan Historis",10,Jawaban Siswa
Bahasa Indonesia ,Sebutkan tiga ciri khas hikayat sebagai karya sastra lama.,"Mustahil, Istanasentris, Anonoim",10,Jawaban Siswa
Bahasa Indonesia ,Sebutkan struktur umum hikayat dan jelaskan fungsi masing-masing bagian.,"Abstraksi = gambaran cerita,
Orientasi = latar cerita,
Komplikasi = bagian inti masalah,
evaluasi = bagian pembenaran,
resolusi = solusi dalam cerita
koda = penutup",10,Jawaban Siswa
Bahasa Indonesia ,"Dari ketiga jenis teks (LHO, Anekdot, Hikayat), pilih salah satu dan jelaskan pesan atau nilai yang biasanya ingin disampaikan penulis melalui teks tersebut, berdasarkan pemahamanmu",Penulis dapat mengirim pesan berupa Pujian/kritikan dg hal lucu dan sarkas kpd siapa saja.,10,Jawaban Siswa
Bahasa Indonesia ,Jelaskan dengan bahasamu sendiri apa yang dimaksud dengan Teks Laporan Hasil Observasi!,"menjelaskan ciri-ciri umum dari satu objek atau fenomena  berdasarkan hasil  pengamatan langsung objeknya bisa berupa benda, hewan, tumbuhan dan fenomena alam",10,Jawaban Siswa
Bahasa Indonesia ,Sebutkan tiga ciri utama dari Teks Laporan Hasil Observasi!,bersifat objektif penyusunan teks nya sistematis dan berdasarkan fakta hasil pengamatan,10,Jawaban Siswa
Bahasa Indonesia ,Apa tujuan dibuatnya teks laporan hasil observasi? Jelaskan secara sederhana.,"memberikan informasi yang objektif, faktual, dan rinci kepada Pembaca tentang objek fenomena, atau peristiwa, berdasarkan hasil pengamatan ilmiah atau penelitian degan tujuan menngulaisifikasi dokumen tasikan, fakta menjadi sumber data terpercaya untuk analisis atau pengambilan keputusan",10,Jawaban Siswa
Bahasa Indonesia ,Jelaskan apa yang dimaksud dengan teks anekdot menurut pemahamanmu.,"teks anekdot adalah cerita singkat yang bersifat lucu atau menyindir biasanya digunakan untuk mengkritik prilaku kebijakan atau keadaan tertentu dengan cara yang menghibur, tetapi tetap memiliki pesan moral.",10,Jawaban Siswa
Bahasa Indonesia ,Sebutkan dua ciri yang selalu ada dalam teks anekdot.,"humor = elemen lucu yang membuat cerit amenghibur / cerita singkat
narasi = ringkasan yang menyampiakan pesan",10,Jawaban Siswa
Bahasa Indonesia ,Sebutkan struktur teks anekdot dan jelaskan secara singkat setiap bagiannya.,"abstraksi = bagian pembuka yang memberi gambaran umum isi cerita biasanya untuk menarik perhatian,
prientasi = Bagian yang mengenalkan latar belakang seperti siapa tokohnya, kapan dan dimana peristiwa terjadi,
krisis = momen puncak konflik atau masalah yang membuat arti lucu dan,
reaksi = tanggapan atau respon  tokoh terhadap krisis, seringkali disajikan dengan cara  yang tidak terduga.
koda = penutup cerita yang berisi kesimpulan, Pesan moral, atau sindiran bagian bersikap opsional.",10,Jawaban Siswa
Bahasa Indonesia ,Apa yang dimaksud dengan hikayat? Jelaskan dengan bahasamu sendiri.,"hikayat merupakan karya sastra melayu klasik  berupa plosa juga merupakan rekan berisi cerita silsilah dan undang undang yang bersifat historis, keagamaan, dan lain lain",10,Jawaban Siswa
Bahasa Indonesia ,Sebutkan tiga ciri khas hikayat sebagai karya sastra lama.,"menggunakan bahasa melayu lama, bersifat istanafis atau pusat cerita beradi di lingkungan kerja, pralogis atau  banyak cerita yang tidak dapat diterima oleh akal",10,Jawaban Siswa
Bahasa Indonesia ,Sebutkan struktur umum hikayat dan jelaskan fungsi masing-masing bagian.,"mengantar isi / peristiwa, penutup",10,Jawaban Siswa
Bahasa Indonesia ,"Dari ketiga jenis teks (LHO, Anekdot, Hikayat), pilih salah satu dan jelaskan pesan atau nilai yang biasanya ingin disampaikan penulis melalui teks tersebut, berdasarkan pemahamanmu",memberikan pesan untuk terus anekdot  memberi pesan pesan moral (kritik-kritik) ingin disampaikan penulis melalui cerita lucu  dan menyindir.,10,Jawaban Siswa
Bahasa Indonesia ,Jelaskan dengan bahasamu sendiri apa yang dimaksud dengan Teks Laporan Hasil Observasi!,laporan berisi fakta dan hasil pengamatan,10,Jawaban Siswa
Bahasa Indonesia ,Sebutkan tiga ciri utama dari Teks Laporan Hasil Observasi!,fakta teratur dan jelas bahasa baku,10,Jawaban Siswa
Bahasa Indonesia ,Apa tujuan dibuatnya teks laporan hasil observasi? Jelaskan secara sederhana.,menyampaikan Fakta hasil Pengamatan,10,Jawaban Siswa
Bahasa Indonesia ,Jelaskan apa yang dimaksud dengan teks anekdot menurut pemahamanmu.,Cerita Pendek yg lucu sekaligus menyindir,10,Jawaban Siswa
Bahasa Indonesia ,Sebutkan dua ciri yang selalu ada dalam teks anekdot.,"Lucu, menyindir",10,Jawaban Siswa
Bahasa Indonesia ,Sebutkan struktur teks anekdot dan jelaskan secara singkat setiap bagiannya.,"abstraksi = pembuka,
orientasi = mengenalkan,
kritik = masalah,
reaksi = penyelesaian,
koda = penutupan",10,Jawaban Siswa
Bahasa Indonesia ,Apa yang dimaksud dengan hikayat? Jelaskan dengan bahasamu sendiri.,cerita tradisional tentang tokoh luar biasa dg unsur positif,0,Jawaban Siswa
Bahasa Indonesia ,Sebutkan tiga ciri khas hikayat sebagai karya sastra lama.,"mengandung unsur khayal, tokoh istimewa",10,Jawaban Siswa
Bahasa Indonesia ,Sebutkan struktur umum hikayat dan jelaskan fungsi masing-masing bagian.,"mengantar isi Pristiwa, Pneutup",10,Jawaban Siswa
Bahasa Indonesia ,"Dari ketiga jenis teks (LHO, Anekdot, Hikayat), pilih salah satu dan jelaskan pesan atau nilai yang biasanya ingin disampaikan penulis melalui teks tersebut, berdasarkan pemahamanmu",Hikayat = kaRean menceritakan kisah kisah jaman dulu,10,Jawaban Siswa
Bahasa Indonesia ,Jelaskan dengan bahasamu sendiri apa yang dimaksud dengan Teks Laporan Hasil Observasi!,teks yg melaporkan sebuah hasil dari Pengamatan (observasi),10,Jawaban Siswa
Bahasa Indonesia ,Sebutkan tiga ciri utama dari Teks Laporan Hasil Observasi!,"tujuan untuk mendaat informasi, berisi fakta, menggunakan bahasa baku",10,Jawaban Siswa
Bahasa Indonesia ,Apa tujuan dibuatnya teks laporan hasil observasi? Jelaskan secara sederhana.,menyampaikan fakta hasil pengamatan,10,Jawaban Siswa
Bahasa Indonesia ,Jelaskan apa yang dimaksud dengan teks anekdot menurut pemahamanmu.,cerita pendek yang lucu sekaligus menyindir,10,Jawaban Siswa
Bahasa Indonesia ,Sebutkan dua ciri yang selalu ada dalam teks anekdot.,"mengandung unsur lucu, mengeritik atau sindiran",10,Jawaban Siswa
Bahasa Indonesia ,Sebutkan struktur teks anekdot dan jelaskan secara singkat setiap bagiannya.,"abstraksi (pembuka cerita),
orietasi (mengenalkan Situasi dan tokoh",10,Jawaban Siswa
Bahasa Indonesia ,Apa yang dimaksud dengan hikayat? Jelaskan dengan bahasamu sendiri.,hikayat = Cerita tradisional tentang tokoh luar biasanya dengan Unsur fantasi,10,Jawaban Siswa
Bahasa Indonesia ,Sebutkan tiga ciri khas hikayat sebagai karya sastra lama.,"tokoh istimewah, mengandung unsur khayalan, melayu klasik",10,Jawaban Siswa
Bahasa Indonesia ,Sebutkan struktur umum hikayat dan jelaskan fungsi masing-masing bagian.,"Pengantar, isi / Pristiwa, penutup",10,Jawaban Siswa
Bahasa Indonesia ,"Dari ketiga jenis teks (LHO, Anekdot, Hikayat), pilih salah satu dan jelaskan pesan atau nilai yang biasanya ingin disampaikan penulis melalui teks tersebut, berdasarkan pemahamanmu",,0,Jawaban Siswa
Pendidikan Agama Islam,Jelaskan dengan bahasamu sendiri apa makna Fastabiqul Khoirot dan mengapa perintah ini penting dalam kehidupan seorang muslim.,Berlomba-lomba dalam kebaikan untuk memperbaiki diri dan taat kepada Allah,10,Jawaban Kunci
Pendidikan Agama Islam,Sebutkan tiga contoh perilaku Fastabiqul Khoirot di lingkungan sekolah,"Membantu teman, menjaga kebersihan kelas, disiplin waktu",10,Jawaban Kunci
Pendidikan Agama Islam,"Menurutmu, apa dampak positif bagi masyarakat jika remaja membiasakan diri berlomba dalam kebaikan?","Lingkungan harmonis, saling tolong menolong, karakter positif.",10,Jawaban Kunci
Pendidikan Agama Islam,Jelaskan apa yang dimaksud dengan Syu’abul Iman,Cabang keimanan yang mencakup amalan lahir dan batin,10,Jawaban Kunci
Pendidikan Agama Islam,Sebutkan lima cabang iman dan jelaskan makna salah satunya,"Jujur, amanah, sabar, menepati janji, berbuat baik",10,Jawaban Kunci
Pendidikan Agama Islam,Mengapa memahami Syu’abul Iman dapat membantu seorang muslim memperbaiki kualitas hidupnya?,"Meningkatkan akhlak, memperkuat iman, membentuk karakter.",10,Jawaban Kunci
Pendidikan Agama Islam,Apa yang dimaksud dengan Akhlaq Mazmumah? Jelaskan dengan bahasamu sendiri,Sifat tercela yang dilarang dalam Islam,10,Jawaban Kunci
Pendidikan Agama Islam,Sebutkan tiga contoh akhlaq mazmumah di kalangan remaja sekarang dan berikan contoh perilaku yang menggambarkannya,"Sombong, iri hati, berbohong",10,Jawaban Kunci
Pendidikan Agama Islam,"Mengapa akhlak mazmumah seperti sombong, iri, atau suka berbohong sangat berbahaya jika dibiarkan?","Merusak hubungan, menghilangkan kepercayaan, menimbulkan kebencian",10,Jawaban Kunci
Pendidikan Agama Islam,"Pilih salah satu: Fastabiqul Khoirot, Syu'abul Iman, atau Akhlaq Mazmumah. Jelaskan bagaimana penerapan materi tersebut dapat memperbaiki suasana dan karakter siswa di sekolah.",Fastabiqul Khoirot meningkatkan budaya saling membantu dan disiplin.,10,Jawaban Kunci
Pendidikan Agama Islam,Jelaskan dengan bahasamu sendiri apa makna Fastabiqul Khoirot dan mengapa perintah ini penting dalam kehidupan seorang muslim.,"fastabiqul khairat ialah berlomba-lomba dalam kebaikan, perintah ini penting karna adanya berlomba dalam kebaikan kita berusaha semampu kita mendapatkan yg terbaik contohnya, kita beribadah, hafalan, dsb.",10,Jawaban Siswa
Pendidikan Agama Islam,Sebutkan tiga contoh perilaku Fastabiqul Khoirot di lingkungan sekolah,"ketika ujian, saat kumandang adza, melaksanakan sholat",0,Jawaban Siswa
Pendidikan Agama Islam,"Menurutmu, apa dampak positif bagi masyarakat jika remaja membiasakan diri berlomba dalam kebaikan?",dampak positif nya ialah mereka mau berusaha dan berlomba dalam kebaikan untuk meningkatkan kualitas uman dan kebiasaan yg baik,10,Jawaban Siswa
Pendidikan Agama Islam,Jelaskan apa yang dimaksud dengan Syu’abul Iman,Syu'abul artinya cabang-cabang dan iman adalah keyakinan. Makna / arti dari syu'abul iman ialah cabang-cabangnya dari iman,10,Jawaban Siswa
Pendidikan Agama Islam,Sebutkan lima cabang iman dan jelaskan makna salah satunya,"jujur, bersedekah, amanah, sholat, berbakti pada org tua. Sholat: tidak menunda-nunda dan menjalankan sunahnya",10,Jawaban Siswa
Pendidikan Agama Islam,Mengapa memahami Syu’abul Iman dapat membantu seorang muslim memperbaiki kualitas hidupnya?,karna jika kita mengetahui syu'abul iman kita bisa meningkatkan keamanan kita dan membenahi sampai sempurnanya keimanan,10,Jawaban Siswa
Pendidikan Agama Islam,Apa yang dimaksud dengan Akhlaq Mazmumah? Jelaskan dengan bahasamu sendiri,"akhlak mazmumah adalah akhlak tercela/tidak baik. Seperti iri, riya', takabbur dll.",10,Jawaban Siswa
Pendidikan Agama Islam,Sebutkan tiga contoh akhlaq mazmumah di kalangan remaja sekarang dan berikan contoh perilaku yang menggambarkannya,"riya : memamerkan saat bersadaqah di take vidio kemudian di up di sosmed, Iri : ketika teman memiliki barang / sesuatu baru yang bagus dan kamu iri dengki, sombong: menyombongkan diri ketika mendapat juara kelas",10,Jawaban Siswa
Pendidikan Agama Islam,"Mengapa akhlak mazmumah seperti sombong, iri, atau suka berbohong sangat berbahaya jika dibiarkan?","karna bisa saja terjadi pertukaran / perselisihan diantara remaja seperti kita, gampang timbulnya fitnah dan hoax dimana-mana",10,Jawaban Siswa
Pendidikan Agama Islam,"Pilih salah satu: Fastabiqul Khoirot, Syu'abul Iman, atau Akhlaq Mazmumah. Jelaskan bagaimana penerapan materi tersebut dapat memperbaiki suasana dan karakter siswa di sekolah.","akhlak mazmumah : karna sebaik baiknya orang akan hilang kebaikannya jika ditutupi oleh 1 kesalahan, tanpa mereka berfikir akan butuhnya mereka, dan menyombongkan diri atas apa yang diperoleh. Cara memperbaiki akhlak mazmumah tsb adalah kita saling terbuka, saling mengapresiasi dan saling bertukar cerita agar tidak ada kesan ""sombong"" diantaranya. karna dari sifat sombong tsb bisa menimbulkan perkara permasalahan diantara kita",10,Jawaban Siswa
Pendidikan Agama Islam,Jelaskan dengan bahasamu sendiri apa makna Fastabiqul Khoirot dan mengapa perintah ini penting dalam kehidupan seorang muslim.,beriman dan berbuat kebaikan berlomba lomba lah dalam hal kebaikan,10,Jawaban Siswa
Pendidikan Agama Islam,Sebutkan tiga contoh perilaku Fastabiqul Khoirot di lingkungan sekolah,membuang Sampah pada tempatnya membersihkan halaman Sekolah mendengarkan guru saat  guru menerangkan,10,Jawaban Siswa
Pendidikan Agama Islam,"Menurutmu, apa dampak positif bagi masyarakat jika remaja membiasakan diri berlomba dalam kebaikan?",insyaallah akan menimbulkan ketentraman dan akan mendapatkan pahala serta dosa dosa akan diampuni dan akan jauh dari kata maksiat,10,Jawaban Siswa
Pendidikan Agama Islam,Jelaskan apa yang dimaksud dengan Syu’abul Iman,"cabang cabang iman, kepercayaan kepada allah",5,Jawaban Siswa
Pendidikan Agama Islam,Sebutkan lima cabang iman dan jelaskan makna salah satunya,"a'mam bi'arkan Qaulun bi lisan, Qaulun bi Qalbi",0,Jawaban Siswa
Pendidikan Agama Islam,Mengapa memahami Syu’abul Iman dapat membantu seorang muslim memperbaiki kualitas hidupnya?,karena dengan Syuabul iman manusia akan berubah menjadi orang baik,10,Jawaban Siswa
Pendidikan Agama Islam,Apa yang dimaksud dengan Akhlaq Mazmumah? Jelaskan dengan bahasamu sendiri,Akhlak mazmumah adalah akhlak (Tercela) buruk akhlak ini harus dihindari oleh muslin karena akhlak ini akhlak buruk,10,Jawaban Siswa
Pendidikan Agama Islam,Sebutkan tiga contoh akhlaq mazmumah di kalangan remaja sekarang dan berikan contoh perilaku yang menggambarkannya,"membuang sampah sembarangan, melawan orang tua, menghina orang kesusahan",5,Jawaban Siswa
Pendidikan Agama Islam,"Mengapa akhlak mazmumah seperti sombong, iri, atau suka berbohong sangat berbahaya jika dibiarkan?","akan sangat bahaya jika dibiarkan karena merusak akhlak manusia, manusia akan jadi sombong iri tidak punya kesopanan",10,Jawaban Siswa
Pendidikan Agama Islam,"Pilih salah satu: Fastabiqul Khoirot, Syu'abul Iman, atau Akhlaq Mazmumah. Jelaskan bagaimana penerapan materi tersebut dapat memperbaiki suasana dan karakter siswa di sekolah.",Rastabiqul Khoirot adalah berbuat kebaikan,0,Jawaban Siswa
Pendidikan Agama Islam,Jelaskan dengan bahasamu sendiri apa makna Fastabiqul Khoirot dan mengapa perintah ini penting dalam kehidupan seorang muslim.,"Makna fastabiqul khairat adalah kebaikan, yang dimaksud kebaikan adalah orang-orang yg melakukan kebaikan akan mendapatkan suatu kaidah dari Allah dan kita harus melakukannya",10,Jawaban Siswa
Pendidikan Agama Islam,Sebutkan tiga contoh perilaku Fastabiqul Khoirot di lingkungan sekolah,"Menolong Teman yg membutuhkan / Teman susah, Menjenguk teman yg sakit, Ikut serta dalam kegiatan amal untuk orang yg mengalami  musibah",10,Jawaban Siswa
Pendidikan Agama Islam,"Menurutmu, apa dampak positif bagi masyarakat jika remaja membiasakan diri berlomba dalam kebaikan?",dampaknya ialah dia Menjadi lebih Menolong orang yang membutuhkan dan dia Menjadi lebih baik dan menjauhi larangan Allah dan dia belajar mengenai berbuat baik dan menolong orang yang membutuhkan,10,Jawaban Siswa
Pendidikan Agama Islam,Jelaskan apa yang dimaksud dengan Syu’abul Iman,"Yang di maksud Syuabul iman adalah ""cabang/bagian"" Sedangkan iman ""kepercayaan"". Jadi artinya ialah Cabang kepercayaan seorang muslim",10,Jawaban Siswa
Pendidikan Agama Islam,Sebutkan lima cabang iman dan jelaskan makna salah satunya,"jujur, berbakti kpd orang tua, beriman",0,Jawaban Siswa
Pendidikan Agama Islam,Mengapa memahami Syu’abul Iman dapat membantu seorang muslim memperbaiki kualitas hidupnya?,karena di dalam syuabul iman terdapat kewajiban seseorang Muslim yg harus dikerjakan tanpa terkecuali agar kita dapat menjadi seorang muslim yg baik,10,Jawaban Siswa
Pendidikan Agama Islam,Apa yang dimaksud dengan Akhlaq Mazmumah? Jelaskan dengan bahasamu sendiri,Akhlaq Mazmumah adalah akhlak tercela yang tidak boleh kita pendam dalam hati kita karena  Akhlaq Mazmumah sangat tidak disukai oleh kalangan umat muslim,10,Jawaban Siswa
Pendidikan Agama Islam,Sebutkan tiga contoh akhlaq mazmumah di kalangan remaja sekarang dan berikan contoh perilaku yang menggambarkannya,"Sombong, iri, suka berbohong. Contoh Sombong (Memamerkan suatu barang mahal), Iri (iri terhadap seseorang yang hodupnya enak), berbohong (terhadap orang tua soal hal memukul adek)",10,Jawaban Siswa
Pendidikan Agama Islam,"Mengapa akhlak mazmumah seperti sombong, iri, atau suka berbohong sangat berbahaya jika dibiarkan?",karena jika dibiarkan lama-kelamaan akan menjadi terbiasa Melakukan suatu prilaku yang dilarang tersebut jadi kita harus belajar unuk tidak melakukannya / Menjauhi orang yg memiliki sifat tersebut,10,Jawaban Siswa
Pendidikan Agama Islam,"Pilih salah satu: Fastabiqul Khoirot, Syu'abul Iman, atau Akhlaq Mazmumah. Jelaskan bagaimana penerapan materi tersebut dapat memperbaiki suasana dan karakter siswa di sekolah.","Akhlaq Mazmumah (Dengan cara kita harus menjauhi akhlaq tercela Seperti Sombong, Iri dan sbg kita harus menjauhinya, dan kita harus memberi tahu teman kita yg melakukan akhlaq Mazmumah agar tidak melakukannya agar terjauh dari sifat tersebut kita harus belajar",10,Jawaban Siswa
Pendidikan Agama Islam,Jelaskan dengan bahasamu sendiri apa makna Fastabiqul Khoirot dan mengapa perintah ini penting dalam kehidupan seorang muslim.,"Maknanya berlomba lomba dalam kebaikan, penting karena agar dapat menciptakan rasa kebersamaan, kerukunan dan tolong menolong sesama muslim",10,Jawaban Siswa
Pendidikan Agama Islam,Sebutkan tiga contoh perilaku Fastabiqul Khoirot di lingkungan sekolah,"Berbagi ilmu kecuali saat ujian, membantu teman saat piket sendiri, menolong teman saat kesusahan",10,Jawaban Siswa
Pendidikan Agama Islam,"Menurutmu, apa dampak positif bagi masyarakat jika remaja membiasakan diri berlomba dalam kebaikan?","Dapat menciptakan kerukunan, tolong menolong, dan tentram",10,Jawaban Siswa
Pendidikan Agama Islam,Jelaskan apa yang dimaksud dengan Syu’abul Iman,"Syuabul artinya cabang / bagian, iman artinya keyakinan/kepercayaan, yaitu cabang cabang iman yang berkaitan dg hati, lisan dan anggota badan",10,Jawaban Siswa
Pendidikan Agama Islam,Sebutkan lima cabang iman dan jelaskan makna salah satunya,"iman kepada allah, berdoa, sholat 5 waktu, iman kpd kitab allah, dan berdzikir. Makna dari berdzikir yaitu jika mengamalkannya akan mendapatkan pahala",10,Jawaban Siswa
Pendidikan Agama Islam,Mengapa memahami Syu’abul Iman dapat membantu seorang muslim memperbaiki kualitas hidupnya?,Agar dapat menjadi lebih baik dari sebelumnya,0,Jawaban Siswa
Pendidikan Agama Islam,Apa yang dimaksud dengan Akhlaq Mazmumah? Jelaskan dengan bahasamu sendiri,"Pola pikir, tindakan dan perilaku tidak  baik seperti, foya-foya,riya', sum'ah, takabbur, dan hasat",10,Jawaban Siswa
Pendidikan Agama Islam,Sebutkan tiga contoh akhlaq mazmumah di kalangan remaja sekarang dan berikan contoh perilaku yang menggambarkannya,"foya-foya yaitu boros dengan harta, riya' yaitu memperlihatkan amalan/ibadahnya disosmed agar mendapatkan pujian dari orang lain, sum'ah yaitu memperdengarkan amalan/ ibadahnya kepada seseorang agar mendapatkan pujian/sanjungan",10,Jawaban Siswa
Pendidikan Agama Islam,"Mengapa akhlak mazmumah seperti sombong, iri, atau suka berbohong sangat berbahaya jika dibiarkan?",Jika dibiarkan maka akan muncul pertengkaran dan hilangnya kebersamaan / kerukunan,10,Jawaban Siswa
Pendidikan Agama Islam,"Pilih salah satu: Fastabiqul Khoirot, Syu'abul Iman, atau Akhlaq Mazmumah. Jelaskan bagaimana penerapan materi tersebut dapat memperbaiki suasana dan karakter siswa di sekolah.","Fastabiqul khoirot yaitu berlomba lomba dalam kebaikan agar dpt menciptakan rasa kebersamaan, kerukunan, dan saling tolong menolong",10,Jawaban Siswa
Pendidikan Agama Islam,Jelaskan dengan bahasamu sendiri apa makna Fastabiqul Khoirot dan mengapa perintah ini penting dalam kehidupan seorang muslim.,"Fastabiqul khoirot adalah berlomba-lomba dalam kebaikan, karena kebaikan Ini menjadi Sumber kerukunan ataupun Ketenangan dan juga Kita mendpatkan Pahala ",10,Jawaban Siswa
Pendidikan Agama Islam,Sebutkan tiga contoh perilaku Fastabiqul Khoirot di lingkungan sekolah,"Saling membantu Satu Sama Lain, mengerjakan tugas, mengajari teman yg kesulitan dlm mengerjakan / dlm memahami Pelajaran",10,Jawaban Siswa
Pendidikan Agama Islam,"Menurutmu, apa dampak positif bagi masyarakat jika remaja membiasakan diri berlomba dalam kebaikan?","Kehidupan di masyarakat menjadi tenang, tentram dan Rukun",10,Jawaban Siswa
Pendidikan Agama Islam,Jelaskan apa yang dimaksud dengan Syu’abul Iman,Syuabul Iman adalah Cabang Cabang Iman,5,Jawaban Siswa
Pendidikan Agama Islam,Sebutkan lima cabang iman dan jelaskan makna salah satunya,"ma'riful bi qolbi, Kaulum bilisan, a'malun biarkan, Kaulun bilisan yaitu Perilaku dalam lisan (berbicara)",10,Jawaban Siswa
Pendidikan Agama Islam,Mengapa memahami Syu’abul Iman dapat membantu seorang muslim memperbaiki kualitas hidupnya?,KarenaSyuabul Iman ini mengajarkan bagaimana kehidupan ataupun Prilaku yg baik yg bisa kita terapkan dlm kehidupan Sehari-hari dan menjadikan hidup yg berkualitas,10,Jawaban Siswa
Pendidikan Agama Islam,Apa yang dimaksud dengan Akhlaq Mazmumah? Jelaskan dengan bahasamu sendiri,Akhlak mazmumah adalah akhlak akhlak tercela yg harus kita hindari,10,Jawaban Siswa
Pendidikan Agama Islam,Sebutkan tiga contoh akhlaq mazmumah di kalangan remaja sekarang dan berikan contoh perilaku yang menggambarkannya,"Sombong, Iri dan Suka berbohong. Contoh prilakunya Seorag remaja Habis beli Hp dan dia ini pamer ke teman temanya Setelah itu temannya iri, dari Cintoh sikap ini atau prilaku diatas sudah ada 2 sikap dari akhlak Mazmumah yaitu Sombong dan Iri",10,Jawaban Siswa
Pendidikan Agama Islam,"Mengapa akhlak mazmumah seperti sombong, iri, atau suka berbohong sangat berbahaya jika dibiarkan?",Karena bisa terjadi ketidak rukunan antara teman dan jika Sikap sikap atau Sifat tersebut diteruskan makan ada dampaknya dan akan adanya Ke iri irian antara teman tersebut Sebaiknya kita menghindari Sifat sifat tersebut,10,Jawaban Siswa
Pendidikan Agama Islam,"Pilih salah satu: Fastabiqul Khoirot, Syu'abul Iman, atau Akhlaq Mazmumah. Jelaskan bagaimana penerapan materi tersebut dapat memperbaiki suasana dan karakter siswa di sekolah.","Fastabiqul Khoirot (berlomba-lomba dlm kebaikan), yaitu Selalu melakukan kebaikan maka suasana dan karakter Siswa akan menjadi baik dan Selalu damai rukun satu Sama lain, kebaikan juga harus diterapkan dlm sehari hari agar mudah diterapkan bagi siswa",10,Jawaban Siswa
Pendidikan Agama Islam,Jelaskan dengan bahasamu sendiri apa makna Fastabiqul Khoirot dan mengapa perintah ini penting dalam kehidupan seorang muslim.,"Fastabiqul khoirot adalah erlomba-lomba dalam mencari kebaikan artinya kita mencari kebaikan yang mendapatkan pahala dan rida allah danmengapa ini penting, karena kita harus berbuat baik kepada sesama agar mendapat pahala",10,Jawaban Siswa
Pendidikan Agama Islam,Sebutkan tiga contoh perilaku Fastabiqul Khoirot di lingkungan sekolah,"Piket kelas, mengerjjakan tugas, memberi salam kepada guru",10,Jawaban Siswa
Pendidikan Agama Islam,"Menurutmu, apa dampak positif bagi masyarakat jika remaja membiasakan diri berlomba dalam kebaikan?","mereka menjadi memiliki kebiasaan baik dan membawa dampak Positif bagi masyarakat dan diri mereka sendiri, selalu ber inisiatif untuk membantu masyarakat",10,Jawaban Siswa
Pendidikan Agama Islam,Jelaskan apa yang dimaksud dengan Syu’abul Iman,adalah cabang-cabang iman yang berjumlah 77,10,Jawaban Siswa
Pendidikan Agama Islam,Sebutkan lima cabang iman dan jelaskan makna salah satunya,"ma'rifatun biqolbi, qoulun billisan, A'malun biarkan, ma'rifatun biqolbi yang berkaitan dengan hati, Qoulun bil lisan yang berkaitan dengan perkataan/lisan kita, A'malun biarkan Yaitu yang berkaitan dengan amalan Perbuatan yang kita contohkan",10,Jawaban Siswa
Pendidikan Agama Islam,Mengapa memahami Syu’abul Iman dapat membantu seorang muslim memperbaiki kualitas hidupnya?,"karena di Syu'abul iman kita mengetahui, memahami dan melakukan dari masing-masing pengertian cabang-cabang iman yang membuat sadar akan kebaikan, perkataan, dan niat yang kita lakukan",10,Jawaban Siswa
Pendidikan Agama Islam,Apa yang dimaksud dengan Akhlaq Mazmumah? Jelaskan dengan bahasamu sendiri,"Akhlak mazmumah adalah akhlak yang tercela, Perbuatan yang tidak disukai oleh allah yang membuat dosa dan diri kita akan rugi dengan perbuatan tersebut",10,Jawaban Siswa
Pendidikan Agama Islam,Sebutkan tiga contoh akhlaq mazmumah di kalangan remaja sekarang dan berikan contoh perilaku yang menggambarkannya,"iri, sombong, riya. Contoh : aldi habis sedekah kepada masjid sebesar  1 miliar setelah itu aldi pulang bertemu teman-teman nya dia menceritakan dengan berniat riya' karena dia habis menyumbangkan hartanya kepada masjid. (Riya adalah sesuatu yang telah kita lakukan dan kita bicarakan kepada orang lain)",10,Jawaban Siswa
Pendidikan Agama Islam,"Mengapa akhlak mazmumah seperti sombong, iri, atau suka berbohong sangat berbahaya jika dibiarkan?","karena kan membuat dampak negatif, kebiasaan buruk akan perilaku tercela seperti itu dan akan menambah banyak dosa",10,Jawaban Siswa
Pendidikan Agama Islam,"Pilih salah satu: Fastabiqul Khoirot, Syu'abul Iman, atau Akhlaq Mazmumah. Jelaskan bagaimana penerapan materi tersebut dapat memperbaiki suasana dan karakter siswa di sekolah.","akhlak mazmumah adalah akhlak tercela masing-masing siswa pasti memiliki akhlak yang tercela yaitu seperti sombong, iri, dengki, berbohong dll. Semua itu jika tidak dirubah maka akan membawa pengaruh buruk kepada mereka, maka dengan seperti itu kita harus memilki kebiasaan baik dengan merubah sikap kita, cara berbicara  kita dan perilaku kita agar membawa dampak yang positif  dan nyaman bagi kita, lingkungan dan masyarakat",10,Jawaban Siswa
Pendidikan Agama Islam,Jelaskan dengan bahasamu sendiri apa makna Fastabiqul Khoirot dan mengapa perintah ini penting dalam kehidupan seorang muslim.,berlomba lomba dalam kebaikan,5,Jawaban Siswa
Pendidikan Agama Islam,Sebutkan tiga contoh perilaku Fastabiqul Khoirot di lingkungan sekolah,"jika ada temanya yang tdk bisa maka kita berlomba-lomba membantu teman kita, tidak boleh kita berlomba-lomba dalam keburukan, kita harus berlomba lomba dalam mencapai nilai ujian",10,Jawaban Siswa
Pendidikan Agama Islam,"Menurutmu, apa dampak positif bagi masyarakat jika remaja membiasakan diri berlomba dalam kebaikan?",dampaknya adalah jika di masyarakat kita harus berlomba-lomba dalam kebaikan dan dampaknya adalah masyarakat Para remaja itu akan Sadar Sendirinya dan orang tua tdk akan mengingatkan lagi,10,Jawaban Siswa
Pendidikan Agama Islam,Jelaskan apa yang dimaksud dengan Syu’abul Iman,Syu'abul iman adalah membantu orang orang muslim untuk memperbaiki kualitas hidupnya menjadi lebih baik,0,Jawaban Siswa
Pendidikan Agama Islam,Sebutkan lima cabang iman dan jelaskan makna salah satunya,"iman kpd allah (yaitu kita harus mematuhi dan menjalankan perintah allah, iman malaikat (yaitu kita harus mematuhi dan menjalankan perintah allah), ima kitab (kita harus menjaga kitab-kitab yg diberikan kpd kita), iman rosululah, iman hari akhir",10,Jawaban Siswa
Pendidikan Agama Islam,Mengapa memahami Syu’abul Iman dapat membantu seorang muslim memperbaiki kualitas hidupnya?,ksrena syuabul iman mengarahkan kpd orang-orang muslim ke jalan yang benar,10,Jawaban Siswa
Pendidikan Agama Islam,Apa yang dimaksud dengan Akhlaq Mazmumah? Jelaskan dengan bahasamu sendiri,ahlaq mazmumah adalah ahlaq yang tercela ahlaq yang tdk boleh ditiru,5,Jawaban Siswa
Pendidikan Agama Islam,Sebutkan tiga contoh akhlaq mazmumah di kalangan remaja sekarang dan berikan contoh perilaku yang menggambarkannya,"iri kepada orang lain: Contohnya iri sama temen yang banyak temannya, sombong: contonya pamer habis beli barang barang yang baru, dengki : itu tdk boleh ya temen temen, berbohong : berbohong sama orang tua / guru itu tidak patut di tiru",10,Jawaban Siswa
Pendidikan Agama Islam,"Mengapa akhlak mazmumah seperti sombong, iri, atau suka berbohong sangat berbahaya jika dibiarkan?","karena ahlaq mazmumah itu ahlaq yang buruk dan sikap dibiarkan anak anak / orang remaja itu berani sama orang yang lebih tua, tidak patut ditiru",10,Jawaban Siswa
Pendidikan Agama Islam,"Pilih salah satu: Fastabiqul Khoirot, Syu'abul Iman, atau Akhlaq Mazmumah. Jelaskan bagaimana penerapan materi tersebut dapat memperbaiki suasana dan karakter siswa di sekolah.",akhlaq mazmumah : penerapannya adalah kita harus mengingatkan satu sama lain bahwa akhlaq mazmuah itu tidak pantas di contoh karena ahlak mazmumah adalah ahlaq yang tercela ,10,Jawaban Siswa
Pendidikan Agama Islam,Jelaskan dengan bahasamu sendiri apa makna Fastabiqul Khoirot dan mengapa perintah ini penting dalam kehidupan seorang muslim.,Berlomba - lomba dalam kebaikan karena berlomba-lomba dlm kebaikan bisa menata hidup Seseorang lebih baik,10,Jawaban Siswa
Pendidikan Agama Islam,Sebutkan tiga contoh perilaku Fastabiqul Khoirot di lingkungan sekolah,"mengerjakan Tugas, membantu teman jika kesulitan, Tidak mencontek, Jujur.",10,Jawaban Siswa
Pendidikan Agama Islam,"Menurutmu, apa dampak positif bagi masyarakat jika remaja membiasakan diri berlomba dalam kebaikan?","menjadi orang yg lebih baik/mempunyai kebiasaan yg baik, kepribadian bagus",10,Jawaban Siswa
Pendidikan Agama Islam,Jelaskan apa yang dimaksud dengan Syu’abul Iman,syu'abul Iman yaitu cabang cabang iman,5,Jawaban Siswa
Pendidikan Agama Islam,Sebutkan lima cabang iman dan jelaskan makna salah satunya,"ma'rifatun bi qalbi yaitu beriman dg hati, qaulun bi lisan yaitu berbicara yg baik, ma'rifatun bi qalbi yaitu beriman dg hati",10,Jawaban Siswa
Pendidikan Agama Islam,Mengapa memahami Syu’abul Iman dapat membantu seorang muslim memperbaiki kualitas hidupnya?,"Karena Syu'abul iman menerangkan Cara berperilaku yang baik, berbicara yg baik",10,Jawaban Siswa
Pendidikan Agama Islam,Apa yang dimaksud dengan Akhlaq Mazmumah? Jelaskan dengan bahasamu sendiri,akhlak mazmumah yaitu akhlak tercela atau perilaku buruk,10,Jawaban Siswa
Pendidikan Agama Islam,Sebutkan tiga contoh akhlaq mazmumah di kalangan remaja sekarang dan berikan contoh perilaku yang menggambarkannya,"Sombong, iri, pamer",10,Jawaban Siswa
Pendidikan Agama Islam,"Mengapa akhlak mazmumah seperti sombong, iri, atau suka berbohong sangat berbahaya jika dibiarkan?",Karena itu Perilaku buruk yg tidak boleh di lakukan jika di biarkan akan berbahaya karena Perbuatan itu Sesuatu yg di larang agama,10,Jawaban Siswa
Pendidikan Agama Islam,"Pilih salah satu: Fastabiqul Khoirot, Syu'abul Iman, atau Akhlaq Mazmumah. Jelaskan bagaimana penerapan materi tersebut dapat memperbaiki suasana dan karakter siswa di sekolah.",Fastabiqul kharat yaitu berlomba dlm kebaikan karena siswa harus memunyai Prasaan seperti itu,5,Jawaban Siswa
Pendidikan Agama Islam,Jelaskan dengan bahasamu sendiri apa makna Fastabiqul Khoirot dan mengapa perintah ini penting dalam kehidupan seorang muslim.,"berlomba-lomba dalam hal kebaikan, karena untuk saling tolong menolong sesama manusia / peduli",10,Jawaban Siswa
Pendidikan Agama Islam,Sebutkan tiga contoh perilaku Fastabiqul Khoirot di lingkungan sekolah,"membersihkan Lingkungan sekolah, merebutkan perintah guru untuk membaca al - quran, mengerjakan tugas dengan cepat",10,Jawaban Siswa
Pendidikan Agama Islam,"Menurutmu, apa dampak positif bagi masyarakat jika remaja membiasakan diri berlomba dalam kebaikan?","Menjadi lebih tentram dan rukun, karna tidak ada pertengkaran yang menimbulkan kerugian bagi masyarakat",10,Jawaban Siswa
Pendidikan Agama Islam,Jelaskan apa yang dimaksud dengan Syu’abul Iman,syu'abul iman adalah seorang muslim yg membantu memperbaiki kehidupanna dengan baik,0,Jawaban Siswa
Pendidikan Agama Islam,Sebutkan lima cabang iman dan jelaskan makna salah satunya,"tidak suka mencontek, mengerjakan sesuatu dengan cepat, membaca al-quran, membayar zakat, mengerjakan lingkungan dengna bersih",0,Jawaban Siswa
Pendidikan Agama Islam,Mengapa memahami Syu’abul Iman dapat membantu seorang muslim memperbaiki kualitas hidupnya?,karena syu'abul iman menjelaskan cara,0,Jawaban Siswa
Pendidikan Agama Islam,Apa yang dimaksud dengan Akhlaq Mazmumah? Jelaskan dengan bahasamu sendiri,orang yang suka menyombongkan diri / mempunyai barang barang yg lebih,0,Jawaban Siswa
Pendidikan Agama Islam,Sebutkan tiga contoh akhlaq mazmumah di kalangan remaja sekarang dan berikan contoh perilaku yang menggambarkannya,"Sombong karna kepintaranya, sombong dgn uang saku, sombong degan apa yang ia punya",0,Jawaban Siswa
Pendidikan Agama Islam,"Mengapa akhlak mazmumah seperti sombong, iri, atau suka berbohong sangat berbahaya jika dibiarkan?","karena jika dibiarkan lama-lama tambah sombong, dan suka berbohong maka kita harus belajar untuk menghindari itu",10,Jawaban Siswa
Pendidikan Agama Islam,"Pilih salah satu: Fastabiqul Khoirot, Syu'abul Iman, atau Akhlaq Mazmumah. Jelaskan bagaimana penerapan materi tersebut dapat memperbaiki suasana dan karakter siswa di sekolah.","Fastabiqul khoirot : membantu siswa-siswi yg awalnya malas-malasan menjadi tidak malas, dan suka mengerjakan apa apa dengan cepat, tidak menunda nunda, tidak mencotek",10,Jawaban Siswa
Pendidikan Agama Islam,Jelaskan dengan bahasamu sendiri apa makna Fastabiqul Khoirot dan mengapa perintah ini penting dalam kehidupan seorang muslim.,fastabiqul khoirut berlomba-lomba dalam kebaikan karena perintah berlomba-lomba dalam hal kebaikan itu penting dalam kehidupan seorang muslim karena kita harus berlomba lomba ke dalam hal kebaikan seperti berlomba lomba menolong teman yang kesusahan,10,Jawaban Siswa
Pendidikan Agama Islam,Sebutkan tiga contoh perilaku Fastabiqul Khoirot di lingkungan sekolah,"membantu teman yg jatuh, menuntut ilmu & rajin belajar, membantu guru membawakan buku ke kelas",10,Jawaban Siswa
Pendidikan Agama Islam,"Menurutmu, apa dampak positif bagi masyarakat jika remaja membiasakan diri berlomba dalam kebaikan?","dampak posifnya, para Remaja yg membiasakan diri berlomba dalam kebaikan akan menimbulkan rasa membantu, tolong-menolong terhadap masyarakat yg sedang mengalami musibah yg sewaktu-waktu kalau ada bencana banjir aka para remajalah yg Akan membantu masyarakat yg sedang mengalami banjir itu",10,Jawaban Siswa
Pendidikan Agama Islam,Jelaskan apa yang dimaksud dengan Syu’abul Iman,sya'abul iman yaitu zaman zaman iman,5,Jawaban Siswa
Pendidikan Agama Islam,Sebutkan lima cabang iman dan jelaskan makna salah satunya,"iman kepada Allah Swt, iman kepada malaikat, iman kepada kitab kitab Allah, iman kepada Rosul dan nabi, iman kepada hari Akhir",10,Jawaban Siswa
Pendidikan Agama Islam,Mengapa memahami Syu’abul Iman dapat membantu seorang muslim memperbaiki kualitas hidupnya?,"memahami Syu'bul Iman Akan dapat membantu seorang muslim memperbaiki kualitas hidupnya, yg dulunya ia tidak pernah sholat & tidak pernah membaca Al-quran, sekarang ia rajin sholat & membaca Al-quran",10,Jawaban Siswa
Pendidikan Agama Islam,Apa yang dimaksud dengan Akhlaq Mazmumah? Jelaskan dengan bahasamu sendiri,"Akhlak mazmumah adalah perilaku tercela seperti Gaya foya foya, riya', sum'ah, hasad",10,Jawaban Siswa
Pendidikan Agama Islam,Sebutkan tiga contoh akhlaq mazmumah di kalangan remaja sekarang dan berikan contoh perilaku yang menggambarkannya,"tiga contoh Akhlak mazmumah, iri (yg dimana ada org si A mempunyai gelang emas baru dan si B ini tahu kalau si A mempunyai gelang emas baru dan si B ini iri degan si A yg mempunyai gelang emas baru), sombong (misal syaa punya teman yg bernama dila, nah dila ini habis beli Hp baru, si Dilla ini pas disekolahan memamerkan Hp barunya di dpn teman temannya), berbohong (misal dikelas teman saya kehilangan pulpenya, teman saya ini tanya tanya ke teman satu kelasnya: Apa ada yg tau pulpenku, dan Ada si B bilang saya tidak tau pulpenya dimana aka itulah disebut berbohong)",10,Jawaban Siswa
Pendidikan Agama Islam,"Mengapa akhlak mazmumah seperti sombong, iri, atau suka berbohong sangat berbahaya jika dibiarkan?","karena kalau sifat iri, sombong & suka berbohong dibiarkan akan trus menjadi jadi tidak akn bertobat, berdampak negatif",10,Jawaban Siswa
Pendidikan Agama Islam,"Pilih salah satu: Fastabiqul Khoirot, Syu'abul Iman, atau Akhlaq Mazmumah. Jelaskan bagaimana penerapan materi tersebut dapat memperbaiki suasana dan karakter siswa di sekolah.","Fastabiqul khoirot (berlomba lomba dalam hal kebaikan), karakter di sekolah (seperti giat belajar / belajar dengan bersungguh sungguh, membantu teman yg kesulitan sama tugasnya)",10,Jawaban Siswa
Pendidikan Agama Islam,Jelaskan dengan bahasamu sendiri apa makna Fastabiqul Khoirot dan mengapa perintah ini penting dalam kehidupan seorang muslim.,"Berlomba-lomba dalam Kebaikan, menurut saya Kita harus berlomba-lomba Kebaikan hingga Kebaikan itu menjadi Kunci masuknya Jalan Surga",10,Jawaban Siswa
Pendidikan Agama Islam,Sebutkan tiga contoh perilaku Fastabiqul Khoirot di lingkungan sekolah,"Jika teman Kita lupa membawa Pensil Kita Pinjami, Ketika Pd saat sekolah Sudah masuk Jam nya Sholat kita ajak Teman kita sholat tanpa menguur waktu, membantu Guru Jika Kesusahan membawa Suatu barang",10,Jawaban Siswa
Pendidikan Agama Islam,"Menurutmu, apa dampak positif bagi masyarakat jika remaja membiasakan diri berlomba dalam kebaikan?","menciptakan kebiasaan yg baik, menJadikan Suatu Seorang mempunyau waktu yg Teratur, dan memiliki tali silaturahmi yg sangat kuat",10,Jawaban Siswa
Pendidikan Agama Islam,Jelaskan apa yang dimaksud dengan Syu’abul Iman,yaitu Segala yg di contai dan di Ridhoi oleh Allah Swt,0,Jawaban Siswa
Pendidikan Agama Islam,Sebutkan lima cabang iman dan jelaskan makna salah satunya,"Iman kpd allah swt, iman Kpd malaikat allah swt, iman kpd nabi dan Rosul allah swt, iman kpd Takdir allah swt, iman kpd hari ahir",10,Jawaban Siswa
Pendidikan Agama Islam,Mengapa memahami Syu’abul Iman dapat membantu seorang muslim memperbaiki kualitas hidupnya?,di karnakan dari Syuabul iman dengan artinya  sahaja Pasti sudah tentu Karna Segala segala ygdi cintai dan di Ridhoi oleh Allah memiliki makna yg merujuk Pd kebaikan Semua,10,Jawaban Siswa
Pendidikan Agama Islam,Apa yang dimaksud dengan Akhlaq Mazmumah? Jelaskan dengan bahasamu sendiri,Ahlak mazmumah adalah suatu ahlak yg  menyebabkan Seorang diri Jauh kpd allah swt,10,Jawaban Siswa
Pendidikan Agama Islam,Sebutkan tiga contoh akhlaq mazmumah di kalangan remaja sekarang dan berikan contoh perilaku yang menggambarkannya,"Riya ( niko mendapatkan Piala hasil lombanya Sendiri, Ia memperlihatkan kpd Rizky untuk menginginginkan Pujian), Takabur ( Doni diberi uang saku 50 Rb dan andi di beri uang saku 10 Rb lalu doni memamerkan yang tsb ke andi), Hasad ( Zeo Pernah memberikan uang Kpd Lezy namun Pd saat lezy baru mempunyai yang Zeo mengungkit ngungkit  uang yg Telah diberinya dahulu menjadikan zeo dengki)",10,Jawaban Siswa
Pendidikan Agama Islam,"Mengapa akhlak mazmumah seperti sombong, iri, atau suka berbohong sangat berbahaya jika dibiarkan?",Dikarnakan dampaknya di dunia hingga Ahirat Sungguh Besar,10,Jawaban Siswa
Pendidikan Agama Islam,"Pilih salah satu: Fastabiqul Khoirot, Syu'abul Iman, atau Akhlaq Mazmumah. Jelaskan bagaimana penerapan materi tersebut dapat memperbaiki suasana dan karakter siswa di sekolah.",Dengan menggunakan Ahlak Mazmunah dengan cara ini Seorang yg Pernah melakukan Suatu hal Tersebut akan sadar dan otomatis akan memperbaiki Perilakunya,10,Jawaban Siswa
Pendidikan Agama Islam,Jelaskan dengan bahasamu sendiri apa makna Fastabiqul Khoirot dan mengapa perintah ini penting dalam kehidupan seorang muslim.,"Allah memerintahkan manusia untuk berlomba lomba dalam hal kebaikan, dan beramal saleh",10,Jawaban Siswa
Pendidikan Agama Islam,Sebutkan tiga contoh perilaku Fastabiqul Khoirot di lingkungan sekolah,"tdk terlambat datang kesekolah, membantu teman yg sedang kesusahan, mengajak teman untuk berbuat kebaikan",10,Jawaban Siswa
Pendidikan Agama Islam,"Menurutmu, apa dampak positif bagi masyarakat jika remaja membiasakan diri berlomba dalam kebaikan?","terciptanya kebersamaan, lingkungan yg lebih baik, dan memperoleh pahala",10,Jawaban Siswa
Pendidikan Agama Islam,Jelaskan apa yang dimaksud dengan Syu’abul Iman,"cabang cabang / bagian bagian iman yg mencakup ucapan, perbuatan, dan keyakinan seorang muslim dalam menjalankan ajaran islam",10,Jawaban Siswa
Pendidikan Agama Islam,Sebutkan lima cabang iman dan jelaskan makna salah satunya,"mengucapkan dua kalimat syahadat, mendirikan sholat, membayar zakat, menjaga amanah, bersikap jujur. Jujur berarti berkata dan bebruat sesuai dgn kenyataan tanpa menipu, sehingga menumbuhkan kepercayaan orang lain",10,Jawaban Siswa
Pendidikan Agama Islam,Mengapa memahami Syu’abul Iman dapat membantu seorang muslim memperbaiki kualitas hidupnya?,"karena kita menjadi mengetahui kebaikan kebikan yg harus dilakukan, meningkatkan kualitas ibadah dan akhlaq, serta menjadi kebih taat dan berbuat kebaikan dalam kehidupan sehari-hari",10,Jawaban Siswa
Pendidikan Agama Islam,Apa yang dimaksud dengan Akhlaq Mazmumah? Jelaskan dengan bahasamu sendiri,"akhlak mazmumah adalah Penyakit hati yang sering diidentifikasi dengan perilaku buruk/ tercela seperti foya foya, riya, sum'ah, hasad",10,Jawaban Siswa
Pendidikan Agama Islam,Sebutkan tiga contoh akhlaq mazmumah di kalangan remaja sekarang dan berikan contoh perilaku yang menggambarkannya,"riya ( ada seseorang yang habis membeli perhiasan lalu dia mampir kerumah tetangganya dgn memakai perhiasan yg banyak tsb dan dia dgn sengaja memamerkannya kpd tetangga tsb), foya foya (contohnya seperti kita mempunyai uang yang bisa dibilang  banyak  tetapi kita gunaka uang tsb untuk Belanja belanja barang yg tidak terlalu penting, dan kita melakukannya secara berulang kali), sum'ah (semisal kita beribadah tetapi kita ingin orang lain tau jika kita selesai beribadah "" eh dina aku tadi habis sholat shuha loh"" perilaku seperti itu tdk baik seharusnya hanya kita dan tuhan saja yg mengetahui hal tsb",10,Jawaban Siswa
Pendidikan Agama Islam,"Mengapa akhlak mazmumah seperti sombong, iri, atau suka berbohong sangat berbahaya jika dibiarkan?","karena dapat mengakibatkan permusuhan, merusak hub dgn orang lain, membuat seseorang dijauhi, serta merugikan diri sendiri dan lingkungan",10,Jawaban Siswa
Pendidikan Agama Islam,"Pilih salah satu: Fastabiqul Khoirot, Syu'abul Iman, atau Akhlaq Mazmumah. Jelaskan bagaimana penerapan materi tersebut dapat memperbaiki suasana dan karakter siswa di sekolah.","fastabiqul khoirot merupakan ajaran moral dan keagamaan yg ada di sekolah dapat membantu membentuk karakter siswa menjadi lebih baik seperti disiplin, jujur, bertanggung jawab dan saling menghormati, siswa belajar membedakan mana yg benar dan salah",10,Jawaban Siswa
Pendidikan Agama Islam,Jelaskan dengan bahasamu sendiri apa makna Fastabiqul Khoirot dan mengapa perintah ini penting dalam kehidupan seorang muslim.,"fastabiqul khairat merupakan berlomba-lomba dalam kebikan. Bukan hanya melakukan kebaikan tapi melakukannya dengan banyak, lebih tekun, dan lebih cepat dari yang lain",10,Jawaban Siswa
Pendidikan Agama Islam,Sebutkan tiga contoh perilaku Fastabiqul Khoirot di lingkungan sekolah,"membuang sampah pada tempat sampah, membantu teman yang sedang kesulitan mengerjakan Sesuatu, membantu guru yang sedang kesulitan membawa barang",10,Jawaban Siswa
Pendidikan Agama Islam,"Menurutmu, apa dampak positif bagi masyarakat jika remaja membiasakan diri berlomba dalam kebaikan?","mendaoatkan kehidupan yang lebih baik, pahala yang berlipat gandam terhindar dari hal-hal negatif atau godaan setan. Aktifitas yg positif, Serta meraih kebahagiaan dunia dan akhirat",10,Jawaban Siswa
Pendidikan Agama Islam,Jelaskan apa yang dimaksud dengan Syu’abul Iman,"Syu'abul Iman adlaah Segala sesuatu / hal yang diCintai dan diridhoi oleh allah swt, dengan mengamalkan kebaikan dapat meningkatkan kualitas iman Seorang mukmin",10,Jawaban Siswa
Pendidikan Agama Islam,Sebutkan lima cabang iman dan jelaskan makna salah satunya,"makrifatul Qolbi (hati) (beriman kepada allah swt, beriman kepada malaikat, beriman kepada kitab-kitab, beriman Rasul-rasul, beriman kepada hari akhir), Qoulun bi lisan (lisan), amalu bil Irkan (anggota badan).",10,Jawaban Siswa
Pendidikan Agama Islam,Mengapa memahami Syu’abul Iman dapat membantu seorang muslim memperbaiki kualitas hidupnya?,"akan memperkuat keimannya, menumbuhkan akhlak mulia  dan menghindari kesyirikan",10,Jawaban Siswa
Pendidikan Agama Islam,Apa yang dimaksud dengan Akhlaq Mazmumah? Jelaskan dengan bahasamu sendiri,"akhlak mazmumah merupakan penyakit hati sendiri, Perilaku buruk atau tercela  Serta dapat  membahayakan iman",10,Jawaban Siswa
Pendidikan Agama Islam,Sebutkan tiga contoh akhlaq mazmumah di kalangan remaja sekarang dan berikan contoh perilaku yang menggambarkannya,"riya', takabur, dan hasad, foya foya. Contoh : sifat batin (sombong), ujib (kagum pada diri sendiri), iri dengki, marah perbuatan lisan (ghibah, adu domba, berbohong, dendam). Riya' (ingin medapatkan pujian dari orang lain. Si A pamer dan ingin dipuji oleh si B), takabur ( memiliki sifat sombong, s Doni mempunyai mobil baru dia pamer/sombong dan memamerkannya ke si timo), foya foya (andi mendapatkan uang lebih dan dia ngerasa tisak butuh apa apa lalu dia bersenang senang dgn berfoya foya /  menghambur haburkan uang), hasad ( dengki (melihat orang yang lagi Senang dia merasa  iri  dengki hati, ""kenapa aku tidak bahagia"")",10,Jawaban Siswa
Pendidikan Agama Islam,"Mengapa akhlak mazmumah seperti sombong, iri, atau suka berbohong sangat berbahaya jika dibiarkan?","dapat merusak diri sendiri, akan menciptakan permusuhan, mendapatkan siksa kubur, dan terhalangnya pintu surga",10,Jawaban Siswa
Pendidikan Agama Islam,"Pilih salah satu: Fastabiqul Khoirot, Syu'abul Iman, atau Akhlaq Mazmumah. Jelaskan bagaimana penerapan materi tersebut dapat memperbaiki suasana dan karakter siswa di sekolah.","adanya pembiasaan kedisiplinan bertanggung jawab dalam hal apapun, berahlak yang mulia, jujur dimanapun kapanpun, memiliki sikap mandiri, berdiskusi mata pelajaran / nilai siswa",10,Jawaban Siswa
Pendidikan Agama Islam,Jelaskan dengan bahasamu sendiri apa makna Fastabiqul Khoirot dan mengapa perintah ini penting dalam kehidupan seorang muslim.,"makna nya adalah berlomba-lomba dalam kebaikan, karena Fastabiqul Khoirot merupakan Perintah melakukan kebaikan dan merupakan suatu hal yg positif",10,Jawaban Siswa
Pendidikan Agama Islam,Sebutkan tiga contoh perilaku Fastabiqul Khoirot di lingkungan sekolah,"membantu teman yg kesusahan, menolong teman yg terkena musibah (jatuh kecelakaan dll) dan membantu teman yg kesusahan dalam belajar",10,Jawaban Siswa
Pendidikan Agama Islam,"Menurutmu, apa dampak positif bagi masyarakat jika remaja membiasakan diri berlomba dalam kebaikan?","terjalin nya tali Persaudaraan, tali silaturah,I, terjadi keharmonisan di masyarakat dll",10,Jawaban Siswa
Pendidikan Agama Islam,Jelaskan apa yang dimaksud dengan Syu’abul Iman,"syu'abul iman adalah sy'abul yg berarti cabang-cabang, iman yg berarti keyakinan / kepercayaan",10,Jawaban Siswa
Pendidikan Agama Islam,Sebutkan lima cabang iman dan jelaskan makna salah satunya,"ma'rifatun Bi kalbi, Kaulun bi lisan, Amalin Bi Arkan. Makna dari Amalun bi Arkan Adalah Beriman dg perbuatan yg baik",0,Jawaban Siswa
Pendidikan Agama Islam,Mengapa memahami Syu’abul Iman dapat membantu seorang muslim memperbaiki kualitas hidupnya?,"Karena di dlm Syu'abul iman terdapat Petunjuk hidup yg baik, perilaku yg baik",10,Jawaban Siswa
Pendidikan Agama Islam,Apa yang dimaksud dengan Akhlaq Mazmumah? Jelaskan dengan bahasamu sendiri,Adalah Akhlak yg tercela / Buruk,10,Jawaban Siswa
Pendidikan Agama Islam,Sebutkan tiga contoh akhlaq mazmumah di kalangan remaja sekarang dan berikan contoh perilaku yang menggambarkannya,"hasad  contohnya iri kpd teman yg kaya, riya' contohnya Berfoya foya membeli barang yg tidak perlu, Takabur contohnya sombong merasa paling pintar",10,Jawaban Siswa
Pendidikan Agama Islam,"Mengapa akhlak mazmumah seperti sombong, iri, atau suka berbohong sangat berbahaya jika dibiarkan?","karena dpt merugikan org lain, dpt menciptakan terjadinya pitnah",10,Jawaban Siswa
Pendidikan Agama Islam,"Pilih salah satu: Fastabiqul Khoirot, Syu'abul Iman, atau Akhlaq Mazmumah. Jelaskan bagaimana penerapan materi tersebut dapat memperbaiki suasana dan karakter siswa di sekolah.",Syu'abul iman karena dpt membantu memperbaiki Ahklak perilaku siswa,10,Jawaban Siswa
Pendidikan Agama Islam,Jelaskan dengan bahasamu sendiri apa makna Fastabiqul Khoirot dan mengapa perintah ini penting dalam kehidupan seorang muslim.,Fastabiqul Khairat yaitu berlomba-lomba dakam kebaikan,5,Jawaban Siswa
Pendidikan Agama Islam,Sebutkan tiga contoh perilaku Fastabiqul Khoirot di lingkungan sekolah,"membantu teman yg kesusahan, membantu guru menghapus papan tulis, membuang sampah di tempatnya",10,Jawaban Siswa
Pendidikan Agama Islam,"Menurutmu, apa dampak positif bagi masyarakat jika remaja membiasakan diri berlomba dalam kebaikan?","Maka masyarakat akan damai, tentram dan juga rukun",10,Jawaban Siswa
Pendidikan Agama Islam,Jelaskan apa yang dimaksud dengan Syu’abul Iman,Syu'abul artinya cabang atau bagian sedangkan iman artinya keyakinan / bisa diartikan dg meyakini di dalam ,10,Jawaban Siswa
Pendidikan Agama Islam,Sebutkan lima cabang iman dan jelaskan makna salah satunya,"Ma'rifatun bi Qalbi, Amalum bi Arkam, Qaulun bi Lisan",0,Jawaban Siswa
Pendidikan Agama Islam,Mengapa memahami Syu’abul Iman dapat membantu seorang muslim memperbaiki kualitas hidupnya?,"Karena Syu'bul Iman ini mengisyaratkan tentang hati, lisan dan juga keyakinan",10,Jawaban Siswa
Pendidikan Agama Islam,Apa yang dimaksud dengan Akhlaq Mazmumah? Jelaskan dengan bahasamu sendiri,Akhlak Mazmumah yaitu sifat/akhlak tercela,10,Jawaban Siswa
Pendidikan Agama Islam,Sebutkan tiga contoh akhlaq mazmumah di kalangan remaja sekarang dan berikan contoh perilaku yang menggambarkannya,"Foya-foya, Riya', Takabbur",10,Jawaban Siswa
Pendidikan Agama Islam,"Mengapa akhlak mazmumah seperti sombong, iri, atau suka berbohong sangat berbahaya jika dibiarkan?",Karena dapat membuat orang tsb selalu mempunyai niat buruk kpd orang yang ia dengki,10,Jawaban Siswa
Pendidikan Agama Islam,"Pilih salah satu: Fastabiqul Khoirot, Syu'abul Iman, atau Akhlaq Mazmumah. Jelaskan bagaimana penerapan materi tersebut dapat memperbaiki suasana dan karakter siswa di sekolah.","Fastabiqul Khairat, penerpan materi nya yaitu mengajarkan anak-anak agar selalu berlomba-lomba dalam melakukan hal baik",5,Jawaban Siswa
Pendidikan Agama Islam,Jelaskan dengan bahasamu sendiri apa makna Fastabiqul Khoirot dan mengapa perintah ini penting dalam kehidupan seorang muslim.,"Fastabiqul khoirot artinya berlomba-lomba dlm kebaikan. Istilah ini mengajarkan agar manusia cepat, Semangat, dan Saling mendahului dlm melakukan kebaikan",10,Jawaban Siswa
Pendidikan Agama Islam,Sebutkan tiga contoh perilaku Fastabiqul Khoirot di lingkungan sekolah,"membersihkan kelas sebelum pelajaran di mulai, menghormati dan menghargai guru, Tdk membuang Sampah Sembarangan",10,Jawaban Siswa
Pendidikan Agama Islam,"Menurutmu, apa dampak positif bagi masyarakat jika remaja membiasakan diri berlomba dalam kebaikan?","membentuk karakter Positif (ketika seseorang terbiasa mendahului dlm melakukan kebaikan. Ia akan menjadi Pribadi yang lebih jujur, peduli, dan tanggung jawab)",10,Jawaban Siswa
Pendidikan Agama Islam,Jelaskan apa yang dimaksud dengan Syu’abul Iman,"Syu'abul iman yg artinya Cabang cabang iman, yaitu bagian bagian iman dan bentuk bentuk perbuatan dan sikap yg baik menunjukkan keimanan seseorang",10,Jawaban Siswa
Pendidikan Agama Islam,Sebutkan lima cabang iman dan jelaskan makna salah satunya,"menghargai orang lain, mengucapkan 2 kalimat syahadat, sholat, bersikap jujur, dan menepati janji. Bersikap jujur, kejujuran adalah cabang iman yg paling penting krn menunjukkan kesucian hati & ketulusan seseorang",10,Jawaban Siswa
Pendidikan Agama Islam,Mengapa memahami Syu’abul Iman dapat membantu seorang muslim memperbaiki kualitas hidupnya?,"Dengan mnegetahui berbagai cabang iman, kita jadi sadar mana sifat dan perilaku yg perlu di perbaiki, sprt kejujuran, disipllin, sabar dan peduli",10,Jawaban Siswa
Pendidikan Agama Islam,Apa yang dimaksud dengan Akhlaq Mazmumah? Jelaskan dengan bahasamu sendiri,"Akhlak / perilaku yg buruk yg tidak disukai diajari dlm sifat-sifat buruk yg harus di hindari Seseorang menjadi pribadi yg baik, berkahlak mulia, dan disukai Allah dan manusia",10,Jawaban Siswa
Pendidikan Agama Islam,Sebutkan tiga contoh akhlaq mazmumah di kalangan remaja sekarang dan berikan contoh perilaku yang menggambarkannya,"Sombong, iri hati / dengki, bohong",10,Jawaban Siswa
Pendidikan Agama Islam,"Mengapa akhlak mazmumah seperti sombong, iri, atau suka berbohong sangat berbahaya jika dibiarkan?","Akan membentuk kepribadian yg tidak baik, jika terus dilakukan perilaku tercela membuat seseorang sulit berubah dan tidak di sukai di lingkungan rumah, sekolah, maupun masyarakat",10,Jawaban Siswa
Pendidikan Agama Islam,"Pilih salah satu: Fastabiqul Khoirot, Syu'abul Iman, atau Akhlaq Mazmumah. Jelaskan bagaimana penerapan materi tersebut dapat memperbaiki suasana dan karakter siswa di sekolah.","Akhlaq Mazmumah, menanamkan nilai kejujuran dlm keseharian, membangunkan disiplin melalui aturan yg konsisten, menghargai usaha bukan hanya hasil, mendorong kerjasama & gotong royong",0,Jawaban Siswa
Pendidikan Agama Islam,Jelaskan dengan bahasamu sendiri apa makna Fastabiqul Khoirot dan mengapa perintah ini penting dalam kehidupan seorang muslim.,"Fastabiqul khoirot yang artinya ""berlomba-lomba dalam kebaikan"" bagi orang muslim ini penting karena jika Sering melakukan kebaikan dan juga bermanfaat bagi orang lain maka kita akan di beri kan pahala yang cukup besar",10,Jawaban Siswa
Pendidikan Agama Islam,Sebutkan tiga contoh perilaku Fastabiqul Khoirot di lingkungan sekolah,"Contoh perilaku Fastabiqul Khorot pd lingkungan sekolah seperti, Menolong teman yang telah jatuh, Meminjami teman pensil atau penghapus jika tidak punya, mendengarkan dan memahami ketika guru menerangkan",10,Jawaban Siswa
Pendidikan Agama Islam,"Menurutmu, apa dampak positif bagi masyarakat jika remaja membiasakan diri berlomba dalam kebaikan?",Mungkin hidupnya atau lingkungan akan terasa harmonis dan juge menyenangkan,10,Jawaban Siswa
Pendidikan Agama Islam,Jelaskan apa yang dimaksud dengan Syu’abul Iman,"Syu'abul iman yaitu ""menyempurnakan iman""",0,Jawaban Siswa
Pendidikan Agama Islam,Sebutkan lima cabang iman dan jelaskan makna salah satunya,"Iman kpd allah, jujur, amanah, suka menolong. Makna dari jujur itu orang yang slalu berkata sesuai kenyataan dan tidak pernah berbohong atas perkataan maupun perilakunya. Amanah berarti orang yang slalu menyampaikan perintah sesuai dengan apa yang telah di perintahkan",10,Jawaban Siswa
Pendidikan Agama Islam,Mengapa memahami Syu’abul Iman dapat membantu seorang muslim memperbaiki kualitas hidupnya?,"karena dengan sikap syu'abul iman orang dapat memperbaiki dirinya dengan sering melakukan sikap-sikap tersebut, jika telah menerapkan mungkin orang tersebut akan lebih baik dari hari sebelumnya yang dulunya pembohong sekarang menjadi orang yang jujur",10,Jawaban Siswa
Pendidikan Agama Islam,Apa yang dimaksud dengan Akhlaq Mazmumah? Jelaskan dengan bahasamu sendiri,"Akhlaq mahmuzah yaitu seperti perbuatan tercela contohnya seperti orang yang iri hati, sombong",10,Jawaban Siswa
Pendidikan Agama Islam,Sebutkan tiga contoh akhlaq mazmumah di kalangan remaja sekarang dan berikan contoh perilaku yang menggambarkannya,"Iri hati, sombong, suka berbohong. Orang yang iri hati yaitu orang yang tidak ingin temannya itu berada di atas dia. Contohnya si A pintar namun si B lebih pintar nah karena si A orangnya sellau iri dia menjelek jelekan si B kepada teman-temannya agar si B tidak memiliki teman. Orang yang suka berbohong , orang slalu berkata yang tidak sesuai kenyataan",10,Jawaban Siswa
Pendidikan Agama Islam,"Mengapa akhlak mazmumah seperti sombong, iri, atau suka berbohong sangat berbahaya jika dibiarkan?","Karna jika dibiarkan sejak kecil maka akan terus menerus hingga dewasa dan jika memiliki sikap seperti iri, suka berbohong maka tidak akan ada orang yang ingin berteman dengannya dan hidupnya pun tidak tenang",10,Jawaban Siswa
Pendidikan Agama Islam,"Pilih salah satu: Fastabiqul Khoirot, Syu'abul Iman, atau Akhlaq Mazmumah. Jelaskan bagaimana penerapan materi tersebut dapat memperbaiki suasana dan karakter siswa di sekolah.","Fastabiqul kharot yang artinya ""berlomba-lomba dalam kebaikan"" Jika seorang siswa dapat menerapkan suka menolong slalu melakukan hal kebaikan maka dia akan memiliki lingkungan yang harmonis dan tenang",10,Jawaban Siswa
Pendidikan Agama Islam,Jelaskan dengan bahasamu sendiri apa makna Fastabiqul Khoirot dan mengapa perintah ini penting dalam kehidupan seorang muslim.,"Fastabiqul khoirot adalah berlomba-lomba dalam kebaikan, penting dlm kehidupan seorang muslim karena merupakan prilaku yg baik dan harus diterapkan dlm kehidupan ",10,Jawaban Siswa
Pendidikan Agama Islam,Sebutkan tiga contoh perilaku Fastabiqul Khoirot di lingkungan sekolah,"belajar dengan sungguh sungguh, tidak mencontek, tidak datang telat dan mengikuti upacara",10,Jawaban Siswa
Pendidikan Agama Islam,"Menurutmu, apa dampak positif bagi masyarakat jika remaja membiasakan diri berlomba dalam kebaikan?",menimbulkan dampak positif yaitu kita tidak malas dan menjadi semangat karena kita berlomba dlm kebaikan dan kitapun mendapatkan Pahala,10,Jawaban Siswa
Pendidikan Agama Islam,Jelaskan apa yang dimaksud dengan Syu’abul Iman,syu'abul iman merupakan cabang-cabang iman,5,Jawaban Siswa
Pendidikan Agama Islam,Sebutkan lima cabang iman dan jelaskan makna salah satunya,"iman kepada Allah, iman kepada rasul dan malaikat Allah, iman kepada kitab Allah, iman kepada Qada, dan Qadar",10,Jawaban Siswa
Pendidikan Agama Islam,Mengapa memahami Syu’abul Iman dapat membantu seorang muslim memperbaiki kualitas hidupnya?,Karena manusia menjadi tahu tentang cabang-cabang iman dan menerapkan nya dalam kehidupan,10,Jawaban Siswa
Pendidikan Agama Islam,Apa yang dimaksud dengan Akhlaq Mazmumah? Jelaskan dengan bahasamu sendiri,"Akhlak Mazmumah adalah akhlak tercela, akhlak yg jelek dan harus di hindari setiap orang muslim",10,Jawaban Siswa
Pendidikan Agama Islam,Sebutkan tiga contoh akhlaq mazmumah di kalangan remaja sekarang dan berikan contoh perilaku yang menggambarkannya,"Foya-foya (boros atau menghambur-hamburkan segala sesuatu seperti uang ), contohnya Riya (memperlihatkan kebaikan kita seperti sholat), Hasad iri jika teman kita mendapatkan yg lebih bagus dari kita",10,Jawaban Siswa
Pendidikan Agama Islam,"Mengapa akhlak mazmumah seperti sombong, iri, atau suka berbohong sangat berbahaya jika dibiarkan?",Karena jika di biarkan akan semakin menjadi jadi dan semakin sering melakukan sesuatu yg jelek dan di larang agama,10,Jawaban Siswa
Pendidikan Agama Islam,"Pilih salah satu: Fastabiqul Khoirot, Syu'abul Iman, atau Akhlaq Mazmumah. Jelaskan bagaimana penerapan materi tersebut dapat memperbaiki suasana dan karakter siswa di sekolah.","Fastabiqul khoirot yaitu berlomba lomba dalam kebaikan siswa berlomba-lomba dalam mendapatkan peringkat di kelasnya merupakan perilaku dala kebaikan, mampu memperbaiki suasana dan karakter siswa di sekolah",10,Jawaban Siswa
Pendidikan Agama Islam,Jelaskan dengan bahasamu sendiri apa makna Fastabiqul Khoirot dan mengapa perintah ini penting dalam kehidupan seorang muslim.,berlomba lomba dalam kebaikan,5,Jawaban Siswa
Pendidikan Agama Islam,Sebutkan tiga contoh perilaku Fastabiqul Khoirot di lingkungan sekolah,"Menolong Teman Saat Kesulitan, menyapa guru akhlak dijaga",10,Jawaban Siswa
Pendidikan Agama Islam,"Menurutmu, apa dampak positif bagi masyarakat jika remaja membiasakan diri berlomba dalam kebaikan?",mendapatkan pahala,0,Jawaban Siswa
Pendidikan Agama Islam,Jelaskan apa yang dimaksud dengan Syu’abul Iman,adalah memperbaiki hidup kita menjadi lebih baik,0,Jawaban Siswa
Pendidikan Agama Islam,Sebutkan lima cabang iman dan jelaskan makna salah satunya,"iman kpd allah, iman kpd malaikat, iman kpd rasulullah, iman kpd kitab-kitab, ima kpd qada dan qadar",10,Jawaban Siswa
Pendidikan Agama Islam,Mengapa memahami Syu’abul Iman dapat membantu seorang muslim memperbaiki kualitas hidupnya?,karena memperbaiki sikap kita dan ahlak kita menjadi lbih baik,10,Jawaban Siswa
Pendidikan Agama Islam,Apa yang dimaksud dengan Akhlaq Mazmumah? Jelaskan dengan bahasamu sendiri,karena seorang muslim harus berahlak dan mempunyai akal,0,Jawaban Siswa
Pendidikan Agama Islam,Sebutkan tiga contoh akhlaq mazmumah di kalangan remaja sekarang dan berikan contoh perilaku yang menggambarkannya,"(sombong) terhadap sesama (iri) melihat temannya mendapatkan teman baru (suka berbohong) terhadap teman, orang tua",10,Jawaban Siswa
Pendidikan Agama Islam,"Mengapa akhlak mazmumah seperti sombong, iri, atau suka berbohong sangat berbahaya jika dibiarkan?",karena kalo dibiarkan bisa menyebar ke keturunan kita atau ke temen,10,Jawaban Siswa
Pendidikan Agama Islam,"Pilih salah satu: Fastabiqul Khoirot, Syu'abul Iman, atau Akhlaq Mazmumah. Jelaskan bagaimana penerapan materi tersebut dapat memperbaiki suasana dan karakter siswa di sekolah.","Syu'abul iman, memperbaiki kulaitas hidupnya yang dulunya suka bolos dan sekarang rajin mengikuti kegiatan, pelajaran, dan perbuatan baik lainnya",10,Jawaban Siswa
Pendidikan Agama Islam,Jelaskan dengan bahasamu sendiri apa makna Fastabiqul Khoirot dan mengapa perintah ini penting dalam kehidupan seorang muslim.,"berlomba-lomba dalam kebaikan, karena kita sebagai org muslim hrs senantiasa berbuat baik, dan allah sgt suka dengan orang -orang yg berbuat baik",10,Jawaban Siswa
Pendidikan Agama Islam,Sebutkan tiga contoh perilaku Fastabiqul Khoirot di lingkungan sekolah,"menolong teman saat kesusahan, membuang sampah pada tempatnya, dan tidak mencontek saat ujian",10,Jawaban Siswa
Pendidikan Agama Islam,"Menurutmu, apa dampak positif bagi masyarakat jika remaja membiasakan diri berlomba dalam kebaikan?","akan menciptakan lingkungan yang baik, masyarakat akan merasa nyaman jika para remaja berlomba lomba dalam kebaikan karena sekarang kebanyakan para remaja mengonsumsi barang barang yg tidak halal, oleh karen aitu kalau para remaja membiasakan diri menjauhinya dan berlomba lomba dlm kebaikan maka masyarakat semuanya akan tenang dan lingkungannya pun menjadi indah",10,Jawaban Siswa
Pendidikan Agama Islam,Jelaskan apa yang dimaksud dengan Syu’abul Iman,cabang cabang iman,5,Jawaban Siswa
Pendidikan Agama Islam,Sebutkan lima cabang iman dan jelaskan makna salah satunya,"qoulu bil lisani (diucapkan dengan lisan, diniati dalam hati, dilakukan dengan anggota badan)",5,Jawaban Siswa
Pendidikan Agama Islam,Mengapa memahami Syu’abul Iman dapat membantu seorang muslim memperbaiki kualitas hidupnya?,"karena dengan memahami syuabul iman kita akan bisa menjdai pribadi yang lebih baik, rezeqi kita diluaskan, yang awalnya hidup kita tidak berkualitas menjadi berkualitas karena kita mengimaninya",10,Jawaban Siswa
Pendidikan Agama Islam,Apa yang dimaksud dengan Akhlaq Mazmumah? Jelaskan dengan bahasamu sendiri,"akhlak mazmumah adalah akhlak tercela, sejelek jeleknya akhlak yaitu akhlak mazmumah",10,Jawaban Siswa
Pendidikan Agama Islam,Sebutkan tiga contoh akhlaq mazmumah di kalangan remaja sekarang dan berikan contoh perilaku yang menggambarkannya,"pamer, contohnya ( ada seseorang yg mempunyai emas yg sangat banyak, dia ingin semua orang tau bahwa dia memiliki banyak emas, lalu dia memposting di medsos bahwa dia orang yang mempunyai emas yang sangat banyak), iri contohnya ( seseorang yg mendapatkan baju baru, padahal itu baru tapi tetap saja kalau ada temannya memilki yg lebih bagus lagi dia ingin mempunyai), bohong contohnya ( berbohong kepada teman, guru, orang tua)",10,Jawaban Siswa
Pendidikan Agama Islam,"Mengapa akhlak mazmumah seperti sombong, iri, atau suka berbohong sangat berbahaya jika dibiarkan?","karena semua akhlak itu bisa membawa kita ke jalan yg tidak benar, dan bisa membawa kite ke neraka",10,Jawaban Siswa
Pendidikan Agama Islam,"Pilih salah satu: Fastabiqul Khoirot, Syu'abul Iman, atau Akhlaq Mazmumah. Jelaskan bagaimana penerapan materi tersebut dapat memperbaiki suasana dan karakter siswa di sekolah.","Fatabiqul khoirot, penerapannya kita dapat menolong siswa yg kesusahan, kalau dia butuh apa apa kita harus menolongnya jangan sampai tidak menolongnya",10,Jawaban Siswa
Pendidikan Agama Islam,Jelaskan dengan bahasamu sendiri apa makna Fastabiqul Khoirot dan mengapa perintah ini penting dalam kehidupan seorang muslim.,"berlomba-lomba dalam kebaikan , karena melakukan kebaikan itu akan amal kita di akhirat ",10,Jawaban Siswa
Pendidikan Agama Islam,Sebutkan tiga contoh perilaku Fastabiqul Khoirot di lingkungan sekolah,"membersihkan ruang kelas, membantu teman yg sedang kesusahan, menghormati guru",10,Jawaban Siswa
Pendidikan Agama Islam,"Menurutmu, apa dampak positif bagi masyarakat jika remaja membiasakan diri berlomba dalam kebaikan?",menjadikan remaja itu berperilaku baik dan sopan,10,Jawaban Siswa
Pendidikan Agama Islam,Jelaskan apa yang dimaksud dengan Syu’abul Iman,menyempurnakan iman,0,Jawaban Siswa
Pendidikan Agama Islam,Sebutkan lima cabang iman dan jelaskan makna salah satunya,"ma'rifatun bi qalbi, qoulun bi lisan, amalun bi arkan",0,Jawaban Siswa
Pendidikan Agama Islam,Mengapa memahami Syu’abul Iman dapat membantu seorang muslim memperbaiki kualitas hidupnya?,"karena jika kita beriman kepada Allah kita tahu caranya bersyukur, atas nikmat yg ia berikan",10,Jawaban Siswa
Pendidikan Agama Islam,Apa yang dimaksud dengan Akhlaq Mazmumah? Jelaskan dengan bahasamu sendiri,Akhlaq yang tercela. Ahlaq yg tidak baik buat kita dikehidupan sehari-hari,10,Jawaban Siswa
Pendidikan Agama Islam,Sebutkan tiga contoh akhlaq mazmumah di kalangan remaja sekarang dan berikan contoh perilaku yang menggambarkannya,"sam'ah, riya, takabur",10,Jawaban Siswa
Pendidikan Agama Islam,"Mengapa akhlak mazmumah seperti sombong, iri, atau suka berbohong sangat berbahaya jika dibiarkan?","Karena jika kita memiliki sikap yg sombong , iri, suka berbohong itu termasuk  sikap yg tercela",10,Jawaban Siswa
Pendidikan Agama Islam,"Pilih salah satu: Fastabiqul Khoirot, Syu'abul Iman, atau Akhlaq Mazmumah. Jelaskan bagaimana penerapan materi tersebut dapat memperbaiki suasana dan karakter siswa di sekolah.",menjelaskan kepada siswa disekolah. Kalau  Akhlaq mazmumah itu akhlaq yg tercela. Kita sebagai siswa tidak boleh memiliki sifat resebut,5,Jawaban Siswa
Pendidikan Agama Islam,Jelaskan dengan bahasamu sendiri apa makna Fastabiqul Khoirot dan mengapa perintah ini penting dalam kehidupan seorang muslim.,Berlomba lomba dalam kebaikan,5,Jawaban Siswa
Pendidikan Agama Islam,Sebutkan tiga contoh perilaku Fastabiqul Khoirot di lingkungan sekolah,"menjaga lingkungan sekolah, seperti tertib dalam aturan sekolah, baik dan sopan",10,Jawaban Siswa
Pendidikan Agama Islam,"Menurutmu, apa dampak positif bagi masyarakat jika remaja membiasakan diri berlomba dalam kebaikan?",Masyarakat akan terbiasa akan berlomba lomba kebaikan Dan Masyarakat berbuat baik,10,Jawaban Siswa
Pendidikan Agama Islam,Jelaskan apa yang dimaksud dengan Syu’abul Iman,menyempurnakan iman,0,Jawaban Siswa
Pendidikan Agama Islam,Sebutkan lima cabang iman dan jelaskan makna salah satunya,iman,0,Jawaban Siswa
Pendidikan Agama Islam,Mengapa memahami Syu’abul Iman dapat membantu seorang muslim memperbaiki kualitas hidupnya?,kita yang jadi manusia harus berubah kebih baik dari sebelumnya harus bisa memperbaiki diri yang lebih baik dari sebelumnya,10,Jawaban Siswa
Pendidikan Agama Islam,Apa yang dimaksud dengan Akhlaq Mazmumah? Jelaskan dengan bahasamu sendiri,tentang akhlak,0,Jawaban Siswa
Pendidikan Agama Islam,Sebutkan tiga contoh akhlaq mazmumah di kalangan remaja sekarang dan berikan contoh perilaku yang menggambarkannya,"Sombong, akhlaknya tidak dipakai irian dan suka berbohong ",0,Jawaban Siswa
Pendidikan Agama Islam,"Mengapa akhlak mazmumah seperti sombong, iri, atau suka berbohong sangat berbahaya jika dibiarkan?",Jika dibiarkan akan terbiasa seperti itu,5,Jawaban Siswa
Pendidikan Agama Islam,"Pilih salah satu: Fastabiqul Khoirot, Syu'abul Iman, atau Akhlaq Mazmumah. Jelaskan bagaimana penerapan materi tersebut dapat memperbaiki suasana dan karakter siswa di sekolah.",Fastabiqul Khoirot karna kita harus berlomba lomba dalam kebaikan,10,Jawaban Siswa
Pendidikan Agama Islam,Jelaskan dengan bahasamu sendiri apa makna Fastabiqul Khoirot dan mengapa perintah ini penting dalam kehidupan seorang muslim.,"Fastabiqul khoirot adlaah berlomba-lomba dalam kebaikan, perintah ini penting karena kita sbagai seorang muslim dianjurkan harus berlomba-lomba dalam kebaikan. Hal ini bermanfaat bagi orang lain juga bagi diri sendiri agar Prilaku kita berubah lebih baik lagi",10,Jawaban Siswa
Pendidikan Agama Islam,Sebutkan tiga contoh perilaku Fastabiqul Khoirot di lingkungan sekolah,"Saat Selesai pelajaran ada teman kita yang belum paham kita yang paham harus menjelaskan, tetapi jika waktu ulangan / ujian kita tidak boleh Memberi jawaban. Saat teman kita terjatuh kita harus Menolong. Saat guru kita Menjelaskan kita harus mendengarkan ",10,Jawaban Siswa
Pendidikan Agama Islam,"Menurutmu, apa dampak positif bagi masyarakat jika remaja membiasakan diri berlomba dalam kebaikan?",ahlak kita kepada Masyarakat akan baik terhadap Sesama,10,Jawaban Siswa
Pendidikan Agama Islam,Jelaskan apa yang dimaksud dengan Syu’abul Iman,Syu'abul iman adalah baik dalam Perkataan Perbuatan dan hati,0,Jawaban Siswa
Pendidikan Agama Islam,Sebutkan lima cabang iman dan jelaskan makna salah satunya,"iman kepada Allah Swt, iman kepada malaikat, iman kepada kitab kitab Allah, iman kepada Rosul dan nabi, iman kepada hari Akhir",10,Jawaban Siswa
Pendidikan Agama Islam,Mengapa memahami Syu’abul Iman dapat membantu seorang muslim memperbaiki kualitas hidupnya?,"Karena jika kita memahami Syu'abul iman kita diajarkan untuk baik dalam perkataan, perbuatan Maupun hati, jika kita melaksanakan maka hidup kita jauh lebih baik",10,Jawaban Siswa
Pendidikan Agama Islam,Apa yang dimaksud dengan Akhlaq Mazmumah? Jelaskan dengan bahasamu sendiri,"ahlak Mazmumah adalah perbuatan dan sikap kita terhadap Orang lain seperti Sombong terhadap orang lain, iri, dan berbohong",10,Jawaban Siswa
Pendidikan Agama Islam,Sebutkan tiga contoh akhlaq mazmumah di kalangan remaja sekarang dan berikan contoh perilaku yang menggambarkannya,"iri terhadap kesuksesa orang lain, jika kita membeli barang kita suka memamerkannya, kita di Beri kepercayaan tetapi tidak dilaksanakan",10,Jawaban Siswa
Pendidikan Agama Islam,"Mengapa akhlak mazmumah seperti sombong, iri, atau suka berbohong sangat berbahaya jika dibiarkan?","karena jika perbuatan Speerti itu dibiarkan akan membuat hidup kita berantakan, kita akan tidak dipercaya orang lain karena  sifat sombong, kita akan dijauhi karena suka berbohong",10,Jawaban Siswa
Pendidikan Agama Islam,"Pilih salah satu: Fastabiqul Khoirot, Syu'abul Iman, atau Akhlaq Mazmumah. Jelaskan bagaimana penerapan materi tersebut dapat memperbaiki suasana dan karakter siswa di sekolah.",jika kita menerapkan Fastabiqul khoirot maka akan memperbaiki karakter dan Suasana siswa di sekolah karena saling tolong-menolong dan membantu sesama,10,Jawaban Siswa
Pendidikan Agama Islam,Jelaskan dengan bahasamu sendiri apa makna Fastabiqul Khoirot dan mengapa perintah ini penting dalam kehidupan seorang muslim.,"Fastabiqul khoirot adalah bersungguh-sungguh dalam melakukan amal baik / berlomba-lomba melakukan amal kebaikan, iya, karena dapat meningkatkan amal baik dan pahala yang diperoleh",10,Jawaban Siswa
Pendidikan Agama Islam,Sebutkan tiga contoh perilaku Fastabiqul Khoirot di lingkungan sekolah,"membantu (bersedakah) (pulpen, penghapus, dll), mengamalkan ilmu dan belajar (membantu teman yang kesulitan dan rajin membaca), menyapa guru",10,Jawaban Siswa
Pendidikan Agama Islam,"Menurutmu, apa dampak positif bagi masyarakat jika remaja membiasakan diri berlomba dalam kebaikan?","Peningkatan kualitas diri, memanfaatkan waktu yang efektif",10,Jawaban Siswa
Pendidikan Agama Islam,Jelaskan apa yang dimaksud dengan Syu’abul Iman,Syu'abul iman atau cabang-cabang iman yaitu suatu hal yang di sukai Allah dan di ridhoi oleh Allah Swt. Karena dpaat meningkatkan kualitas hidup seseorang dalam melakukan hal kebaikan,10,Jawaban Siswa
Pendidikan Agama Islam,Sebutkan lima cabang iman dan jelaskan makna salah satunya,"Percaya kepada Allah, Percaya kepada Malaikat, Percaya kepada Kitab, Percaya kepada Rasul, Percaya kepada hari kiamat, Percaya kepada Qada dan Qadar",10,Jawaban Siswa
Pendidikan Agama Islam,Mengapa memahami Syu’abul Iman dapat membantu seorang muslim memperbaiki kualitas hidupnya?,Karena syu'abul iman juga dapat meningkatkan kualitas keimanan setiap orang. Dan dapat menumbuhkan rasa percaya terhadap Allah SWT. Dan salah satu cabang Iman adalah malu,10,Jawaban Siswa
Pendidikan Agama Islam,Apa yang dimaksud dengan Akhlaq Mazmumah? Jelaskan dengan bahasamu sendiri,akhlak mazmumah adalah akhlak tercela dan dapat merusak diri sendiri,10,Jawaban Siswa
Pendidikan Agama Islam,Sebutkan tiga contoh akhlaq mazmumah di kalangan remaja sekarang dan berikan contoh perilaku yang menggambarkannya,Foya-foya = boros dalam segala hal. Hasad = sombong terhadap kebaikan Yang dilakukannya. Riya' = pamer terhadap segala hal yang Ia punya dan Yg dilakukan agar di puji orang lain.,10,Jawaban Siswa
Pendidikan Agama Islam,"Mengapa akhlak mazmumah seperti sombong, iri, atau suka berbohong sangat berbahaya jika dibiarkan?","Iya karena sikap yang Jelek/ Tercela yang tidak di perbolehkan dalam Islam, dan dapat merugikan diri sendiri",10,Jawaban Siswa
Pendidikan Agama Islam,"Pilih salah satu: Fastabiqul Khoirot, Syu'abul Iman, atau Akhlaq Mazmumah. Jelaskan bagaimana penerapan materi tersebut dapat memperbaiki suasana dan karakter siswa di sekolah.","akhlak mazmumah, Dengan cara menasehati dan menegur ketika salah, Dan memberikan arahan ke Jalan Yang benar",10,Jawaban Siswa
Pendidikan Agama Islam,Jelaskan dengan bahasamu sendiri apa makna Fastabiqul Khoirot dan mengapa perintah ini penting dalam kehidupan seorang muslim.,"Fastabikul khoirot artinya adalah berlomba-lomba dalam kebaikan. Perintah ini penting karena Allah menyuruhnya dalam QS. Al baqarah ayat 48 dan Qs. Al maidah ayat 48. Yg menyuruh manusia berlomba dalam kebaikan setelah beramal sholeh, sedekah, dzikir dll. agar manusia senantiasa ingat kpd Allah dan tujuannya adalah untuk mencari ridho Allah",10,Jawaban Siswa
Pendidikan Agama Islam,Sebutkan tiga contoh perilaku Fastabiqul Khoirot di lingkungan sekolah,"membantu teman ketika kesusahan, membersihkan kelas, rajin belajar",10,Jawaban Siswa
Pendidikan Agama Islam,"Menurutmu, apa dampak positif bagi masyarakat jika remaja membiasakan diri berlomba dalam kebaikan?","Jika para remaja Fokus membiasakan diri berlomba dalam kebaikan, maka di masyarakat akan tercipta kerukunan, tentram, tidak ada kegaduhan dan kenakalan remaja",10,Jawaban Siswa
Pendidikan Agama Islam,Jelaskan apa yang dimaksud dengan Syu’abul Iman,Cabang cabang iman yg jumlahnya 77. hal yg dicintai oleh Allah ketika kita melakukan dan mendapat ridho Allah,10,Jawaban Siswa
Pendidikan Agama Islam,Sebutkan lima cabang iman dan jelaskan makna salah satunya,"beriman kepada Allah, beriman kepada malaikat, beriman kepada rosul, beriman kepada kitab, beriman kepada hari kiamat. Makna iman kepada Allah adalah meyakini adanya Allah, keesaan, keagungan, Petolongan Allah dan Semua Yg ada didunia ini beserta isinya adalah bentuk kekuasaan dan Ciptaan Allah",10,Jawaban Siswa
Pendidikan Agama Islam,Mengapa memahami Syu’abul Iman dapat membantu seorang muslim memperbaiki kualitas hidupnya?,"karena dengan memahami syuabul iman membuat iman kita menjadi lebih kuat, menjadi lebih yakin dengan apapun yg diciptakan oleh Allah dan menjauhkan kita dari hal- hal Yg negatif",10,Jawaban Siswa
Pendidikan Agama Islam,Apa yang dimaksud dengan Akhlaq Mazmumah? Jelaskan dengan bahasamu sendiri,akhlaq mazmumah adalah perilaku buruk atau tercela yg harus dihindari oleh orang muslim karna dilarang oleh agama,10,Jawaban Siswa
Pendidikan Agama Islam,Sebutkan tiga contoh akhlaq mazmumah di kalangan remaja sekarang dan berikan contoh perilaku yang menggambarkannya,"Riya' (pamer) ketika habis beli barang bagus atau mahal, diperlihatkan kepada teman temannya. Foya - foya (boros) berlebihan dalam membelanjakan uang padahal bukan kebutuhannya. Hasad (iri,dengki) iri dicampur rasa benci ketika orang lain mencapai  kesuksesannya",10,Jawaban Siswa
Pendidikan Agama Islam,"Mengapa akhlak mazmumah seperti sombong, iri, atau suka berbohong sangat berbahaya jika dibiarkan?","karena bisa merugikan diri sendiri juga orang lain. Merusak mental dan kualitas hidup seseorang, ketidak harmonisan dan timbul permasalahan di lingkungan masyarakat",10,Jawaban Siswa
Pendidikan Agama Islam,"Pilih salah satu: Fastabiqul Khoirot, Syu'abul Iman, atau Akhlaq Mazmumah. Jelaskan bagaimana penerapan materi tersebut dapat memperbaiki suasana dan karakter siswa di sekolah.","Fastabiqul khoirot berlomba dalam kebaikan. Ketika siswa fokus pada kebaikan maka dia tidak akan memikirkan  hal tidak penting yg lain. Fokus belajar, membnatu teman, datang tepat  waktu, piket kelas dll akan membentuk pribadi yg rajin dan disiplin. sehingga karakter siswa tersebut lebih baik",10,Jawaban Siswa
Pendidikan Agama Islam,Jelaskan dengan bahasamu sendiri apa makna Fastabiqul Khoirot dan mengapa perintah ini penting dalam kehidupan seorang muslim.,karena orang muslim harus berbuat baik terhadap sesama manusia dan juga saling jaga etika dan omongan,0,Jawaban Siswa
Pendidikan Agama Islam,Sebutkan tiga contoh perilaku Fastabiqul Khoirot di lingkungan sekolah,"Jaga kebersihan, berpakaian rapi, dan Jaga etika dan omongan ke guru maupun ke teman",10,Jawaban Siswa
Pendidikan Agama Islam,"Menurutmu, apa dampak positif bagi masyarakat jika remaja membiasakan diri berlomba dalam kebaikan?","dampak dari ""Positif berlomba"" dalam kebaikan ""Sangatlah bagus bagi masyarakat dan remaja karena Tidak akan ada y berbuat Sembarang terhadap masyarakat",10,Jawaban Siswa
Pendidikan Agama Islam,Jelaskan apa yang dimaksud dengan Syu’abul Iman,"Syu'abul iman adalah dimana seseorang yg Tidak baik dalam kehidupannya lalu dia menerapkan ""Syu'abul Iman"" Terus kemudian hari bisa memperbaiki kualitas hidupnya maka dari berzikir yaitu jika mengamalkannya akan mendapatkan pahala",10,Jawaban Siswa
Pendidikan Agama Islam,Sebutkan lima cabang iman dan jelaskan makna salah satunya,"Iman kpd allah, berdoam sholat 5 waktu, Iman kpd kitab allah, berzikir",10,Jawaban Siswa
Pendidikan Agama Islam,Mengapa memahami Syu’abul Iman dapat membantu seorang muslim memperbaiki kualitas hidupnya?,karena ia sudah menerapkan syu'abul iman di hidupnya dan dilingkungannya,0,Jawaban Siswa
Pendidikan Agama Islam,Apa yang dimaksud dengan Akhlaq Mazmumah? Jelaskan dengan bahasamu sendiri,dimana mana akhlak mazmumah ialah suatu yg sangat angkuh / sombong itu dan suka berbohong,0,Jawaban Siswa
Pendidikan Agama Islam,Sebutkan tiga contoh akhlaq mazmumah di kalangan remaja sekarang dan berikan contoh perilaku yang menggambarkannya,"dia memamerkan barang-barang bagus, dia iri terhadap temannya mempunyai pacar/ pasangan yg cantik, dia membohongi orang tuanya, dia meminta uang buat beli bensin ternyata dia beli eceran rokok",10,Jawaban Siswa
Pendidikan Agama Islam,"Mengapa akhlak mazmumah seperti sombong, iri, atau suka berbohong sangat berbahaya jika dibiarkan?","Jadi kita bagi umat-umat Islam Tidak usah menerapkan ""Akhlaq mazmumah""  di hidup kita dan di lingkungan kita / para remaja",0,Jawaban Siswa
Pendidikan Agama Islam,"Pilih salah satu: Fastabiqul Khoirot, Syu'abul Iman, atau Akhlaq Mazmumah. Jelaskan bagaimana penerapan materi tersebut dapat memperbaiki suasana dan karakter siswa di sekolah.","""Fastabiqul Khoirot"" dimana bisa membuat siswa lebih bagus / lebih  baik dan dimana sekolah akan bagus rapi dan indah jika siswa menerapkan ""Fastabiqul Khoirot""",10,Jawaban Siswa
Pendidikan Agama Islam,Jelaskan dengan bahasamu sendiri apa makna Fastabiqul Khoirot dan mengapa perintah ini penting dalam kehidupan seorang muslim.,"berlomba-lomba dalam kebaikan, maksudnya apabila kita mengerjakan sesuatu hal yg baik, kita patut untuk berlomba-lomba dlm hal itu. Contoh: kita Sedang usaha, maka kita boleh Fastabiqul Khoirot karena saat kita mengerjakan ujian itu tidak boleh curang",10,Jawaban Siswa
Pendidikan Agama Islam,Sebutkan tiga contoh perilaku Fastabiqul Khoirot di lingkungan sekolah,"saat ujian, sholat 5 waktu, adan berkumandang",0,Jawaban Siswa
Pendidikan Agama Islam,"Menurutmu, apa dampak positif bagi masyarakat jika remaja membiasakan diri berlomba dalam kebaikan?",mendapatkan pahala,0,Jawaban Siswa
Pendidikan Agama Islam,Jelaskan apa yang dimaksud dengan Syu’abul Iman,cabang-cabangnya iman untuk keyakinan,5,Jawaban Siswa
Pendidikan Agama Islam,Sebutkan lima cabang iman dan jelaskan makna salah satunya,"Jujur, bersedekah, sholat, amanah, berbakti pada orang tua. Jujur yang dimana kita semua berkata seadanya sesuai fakta tidak boleh ngomong di lebih lebih kan",10,Jawaban Siswa
Pendidikan Agama Islam,Mengapa memahami Syu’abul Iman dapat membantu seorang muslim memperbaiki kualitas hidupnya?,"karena, jika kita memahami tentang syu'abul iman dpt meningkatkan keimanan kita serta keyakinan kita terhadap allah swt.",10,Jawaban Siswa
Pendidikan Agama Islam,Apa yang dimaksud dengan Akhlaq Mazmumah? Jelaskan dengan bahasamu sendiri,"akhlak yg tercela untuk tidak baik seoerti : riya, sombong, iri, dll",10,Jawaban Siswa
Pendidikan Agama Islam,Sebutkan tiga contoh akhlaq mazmumah di kalangan remaja sekarang dan berikan contoh perilaku yang menggambarkannya,"riya : apabila kita mempunyai amal banyak, lalu di pamerkan kepada org lain. Sombong: membanggakan dirinya seperti kita dapat peringkat satu di kelas untuk jadi siswa yang paling aktif fi kelas, lalu ia sombongkan kepada temannya untuk orang lain. Iri : apabila teman kita mempunyai kelebihan terkait harta apapun ia iri kepada temannya",10,Jawaban Siswa
Pendidikan Agama Islam,"Mengapa akhlak mazmumah seperti sombong, iri, atau suka berbohong sangat berbahaya jika dibiarkan?","Karena itu berdampak besar bagi kalangan kita, terjadi pertukaran untuk perselisihan dan gampang menimbulkan berita hoax dll",10,Jawaban Siswa
Pendidikan Agama Islam,"Pilih salah satu: Fastabiqul Khoirot, Syu'abul Iman, atau Akhlaq Mazmumah. Jelaskan bagaimana penerapan materi tersebut dapat memperbaiki suasana dan karakter siswa di sekolah.",Fastabiqul Khoirot :  berlomba lomba dalam kebaikan. Sesuatu yg apabila kita kerjakan dg cara berlomba lomba itu sangat baik,10,Jawaban Siswa
