Mata Pelajaran,Soal,Jawaban,Skor,Keterangan
IPAS,Jelaskan Pengertian Zat,Zat yaitu segala sesuatu yang menempati ruang dan Memiliki Massa,10,Jawaban Siswa
IPAS,Apa perbedaan antara perubahan fisika dan perubahan kimia? Berikan masing-masing dua contoh dalam kehidupan sehari-hari,"Perubahan Fisika : Perubahan yang tidak Menghasilkan zat baru, hanya akan terjadi Perubahan wujud. Contoh: saat orang Menggiling beras dan menjadi tepung, air dimasukan kulkas menjadi beku. Perubahan Kimia: Perubahan yang bisa menghasilkan zat baru. Contoh : paku yang dibiarkan lama akan berkarat, pembusukan buah-buahan yang dibiarkan lama",10,Jawaban Siswa
IPAS,Mengapa pakan ternak yang membusuk termasuk perubahan kimia? Jelaskan,"termasuk zat kimia karena terbentuknya zat baru karena Aroma Menyengat, tekstur yang berubah",10,Jawaban Siswa
IPAS,Sebutkan ciri-ciri terjadinya perubahan kimia,"Membentuk Zat baru, Berubah bentuk, ukuran",5,Jawaban Siswa
IPAS,Gula yang dilarutkan dalam air tidak terlihat lagi bentuk aslinya. Apakah gula tersebut hilang atau berubah menjadi zat baru? Jelaskan berdasarkan jenis perubahannya,"perubahan fisika karena gula dalam air akan membentuk larutan gula, Secara fisik gula berubah dari bentuk padat menjadi larut dan tidak ada Perubahan zat baru tetapi hanya Perubahan wujud",5,Jawaban Siswa
IPAS,Air yang membeku menjadi es sering dikatakan berubah menjadi zat baru karena bentuknya berbeda. Jelaskan berdasarkan konsep perubahan zat,"Membeku adalah Perubahan wujud zat cair menjadi Padat tetapi tidak menimbulkan zat baru, dan termasuk perubahan fisika",10,Jawaban Siswa
IPAS,"Mengapa pembakaran kertas menghasilkan zat baru, sedangkan kertas yang disobek tidak menghasilkan zat baru","karena saat pembakaran kertas akan menimbulkan zat baru kertas yang semula putih akan menjadi hitam, sedangkan kertas yang di sobek hanya akan terjadi Perubahan ukuran dan tidak menimbulkan Zat baru",10,Jawaban Siswa
IPAS,"Jika suatu zat mengalami perubahan warna, apakah dapat dipastikan terjadi perubahan kimia? Jelaskan dengan contoh","Iya, karena yang berubah warna biasanya terbentuknya zat baru contoh pembusukan sayur dan buah-buahan, sayur yang semula hijau akan berubah menjadi busuk dan warnanya berubah, sedangkan jika yang kimmia tidak merubah warna hanya wujudnya saja yang berubah",10,Jawaban Siswa
IPAS,Jelaskan Pengertian Zat,Zat adalah materi yang secara ilmiah terbukti memiliki massa dan menempati ruang sehingga semua benda disekitar kita memenuhi dua sifat tersebut,10,Jawaban Siswa
IPAS,Apa perbedaan antara perubahan fisika dan perubahan kimia? Berikan masing-masing dua contoh dalam kehidupan sehari-hari,"fisika : perubahan yang tidak menghasilkan zat baru dan hanya terjadi perubahan bentuk atau sifat zat. Contoh : es krim / es batu mencair ketika di suhu ruang yang rendah,  lilin mencair ketika dipanaskan. Kimia : perubahan yang menghasilkan zat baru dengan komposisi dan sifat yang berbeda dari asalnya. Contoh : yogurt, pembuatan tape",10,Jawaban Siswa
IPAS,Mengapa pakan ternak yang membusuk termasuk perubahan kimia? Jelaskan,"iya, karena pembusukan pakan ternak juga ada proses perubahan bahan pakan akibat aktivitas mikroganisme seperti bakteri dan jamur yang menguraikan organik.",10,Jawaban Siswa
IPAS,Sebutkan ciri-ciri terjadinya perubahan kimia,"perubahan warna, perubahan bentuk gas, oerubahan bau, terbentuk endapan",10,Jawaban Siswa
IPAS,Gula yang dilarutkan dalam air tidak terlihat lagi bentuk aslinya. Apakah gula tersebut hilang atau berubah menjadi zat baru? Jelaskan berdasarkan jenis perubahannya,pelarutan gula dalam air merupakan perubahan fisika karena tidak menghasilkan zat baru partikel gula tetap ada hanya menyebar merata dengan partikel air,10,Jawaban Siswa
IPAS,Air yang membeku menjadi es sering dikatakan berubah menjadi zat baru karena bentuknya berbeda. Jelaskan berdasarkan konsep perubahan zat,pembekuan air merupakan perubahan fisika karena hanya terjadi perubahan wujud tanpa pembentukan zat baru. Oleh karena itu perubahan wujud tidak selalu dinamakan perubahan kimia,10,Jawaban Siswa
IPAS,"Mengapa pembakaran kertas menghasilkan zat baru, sedangkan kertas yang disobek tidak menghasilkan zat baru","karena ketika kertas di bakar kertas itu menghasilkan abu, abu itu yang dinamakan zat baru. Sedangkan kertas yang dirobek hanya menghasilkan serpihan kertas tidak merubah zat tersebut.",10,Jawaban Siswa
IPAS,"Jika suatu zat mengalami perubahan warna, apakah dapat dipastikan terjadi perubahan kimia? Jelaskan dengan contoh",Perubahan warna terjadi karena susunan partikel atau struktur kimia. Zat berubah sehingga sifat fisiknya termasuk warna ikut berubah.,10,Jawaban Siswa
IPAS,Jelaskan Pengertian Zat,komponen Dasar yang membentuk Seluruh benda fisik dalam semesta,0,Jawaban Siswa
IPAS,Apa perbedaan antara perubahan fisika dan perubahan kimia? Berikan masing-masing dua contoh dalam kehidupan sehari-hari,"Fisika : akibat aktivitas mikroorganisme (bakteri, jamur) atau reaksi enzimatis yang menurunkan nilai nutrisi pakan proses ini ditandai dengan terbentuknya zat-zat baru yang merugikan (hasil samping pembusukan ) Dan hilangnya komponen nutrisi yang berguna. Kimia: menghasilkan zat baru dengan sifat berbeda melalui reaksi  kimia seringkali tidak dapat kembali.",10,Jawaban Siswa
IPAS,Mengapa pakan ternak yang membusuk termasuk perubahan kimia? Jelaskan,"akibat aktivitas mikroorganisme (bakteri, jamur) atau rekasi enzimatis yang menurunkan nilai nutrisi",0,Jawaban Siswa
IPAS,Sebutkan ciri-ciri terjadinya perubahan kimia,perubahan zat yang menghasilkan zat baru dengan sifat kimia yang berbeda dari zat asalnya dan bersifat permanen (tidak dapat kembali kebentuknya semula),10,Jawaban Siswa
IPAS,Gula yang dilarutkan dalam air tidak terlihat lagi bentuk aslinya. Apakah gula tersebut hilang atau berubah menjadi zat baru? Jelaskan berdasarkan jenis perubahannya,perubahan zat kimia,0,Jawaban Siswa
IPAS,Air yang membeku menjadi es sering dikatakan berubah menjadi zat baru karena bentuknya berbeda. Jelaskan berdasarkan konsep perubahan zat,klasik dari perubahan proses ini terjadi ketika air (cair) melepaskan energi panas (kalor) suhu dibawah 0 derajat c merubahnya menjadi es batu.,10,Jawaban Siswa
IPAS,"Mengapa pembakaran kertas menghasilkan zat baru, sedangkan kertas yang disobek tidak menghasilkan zat baru","Contoh Perubahan fisika: Merobek kertas, hasil pengamtan yaitu ukuran kertas berubah menjadi lebih kecil, keberdaan zat barunya yaitu tidak ada karena kertas hanya berubah ukuran atau bentuk. Contoh perubahan kimia : Membakar kertas, hasil pengamatan yaitu kertas berubah warna menjadi hitam menghasilkan asap dan sisa abu, keberadaan zat barunya yaitu adanya warna abu dan asap yang membuat berbeda dari kertas asal.",10,Jawaban Siswa
IPAS,"Jika suatu zat mengalami perubahan warna, apakah dapat dipastikan terjadi perubahan kimia? Jelaskan dengan contoh",Perubahan indikator visual yang paling umum terjadi dengan reaksi kimia,0,Jawaban Siswa
IPAS,Jelaskan Pengertian Zat,Zat adalah segala sesuatu yang memiliki massa dan menempati ruang.,10,Jawaban Siswa
IPAS,Apa perbedaan antara perubahan fisika dan perubahan kimia? Berikan masing-masing dua contoh dalam kehidupan sehari-hari,"Fisika : Sifat yang dapat diukur dan diteliti tanpa mengubah komposisi atau susunan zat. Contoh : es batu menjadi air, air menjadi es batu. Kimia : Kemampuan suatu zat untuk mengalami perubahan dan membentuk zat baru. Contoh : nasi busuk, sampah di bakar",10,Jawaban Siswa
IPAS,Mengapa pakan ternak yang membusuk termasuk perubahan kimia? Jelaskan,"Karena di Perubahan kimia ada fase Pembusukan, jika pakan diamkan lama, maka perubahan kimia berekasi, yaitu membusuk",0,Jawaban Siswa
IPAS,Sebutkan ciri-ciri terjadinya perubahan kimia,"Pembakaran / Gas. Gas dapat menimbulkan api. Jika kita menaruh kertas ke atas api, maka terjadilah Pembakaran itulah yang disebut perubahan kimia.",0,Jawaban Siswa
IPAS,Gula yang dilarutkan dalam air tidak terlihat lagi bentuk aslinya. Apakah gula tersebut hilang atau berubah menjadi zat baru? Jelaskan berdasarkan jenis perubahannya,"Gula tersebut meleleh atau larut, tentunya gula akan hilang atau berubah, gula tersebut berubah menjadi zat baru, karena awalnya dia berbentuk kering menjadi leleh ini termasuk perubahan fisika.",10,Jawaban Siswa
IPAS,Air yang membeku menjadi es sering dikatakan berubah menjadi zat baru karena bentuknya berbeda. Jelaskan berdasarkan konsep perubahan zat,"Karena dari air yang cair menjadi es yang beku, ini terjadi karena perubahan fisika.",10,Jawaban Siswa
IPAS,"Mengapa pembakaran kertas menghasilkan zat baru, sedangkan kertas yang disobek tidak menghasilkan zat baru","Karena kertas yang semula biasa menjadi terbakar dan hangus. Sedangkan kertas yang disobek hanya berubahbentuk, tidak berubah zat.",10,Jawaban Siswa
IPAS,"Jika suatu zat mengalami perubahan warna, apakah dapat dipastikan terjadi perubahan kimia? Jelaskan dengan contoh","Tidak, karena perubahan warna termasuk ke perubahan fisika dikarenakan dari warna pink menjadi warna merah, itu karena perubahan yang menimbulkan perbedaan warna, maka perubahan fisika, bukan kimia.",0,Jawaban Siswa
IPAS,Jelaskan Pengertian Zat,Zat adalah segala sesuatu yang memiliki massa dan menempati ruang.,10,Jawaban Siswa
IPAS,Apa perbedaan antara perubahan fisika dan perubahan kimia? Berikan masing-masing dua contoh dalam kehidupan sehari-hari,"perubahan fisika tidak menghasilkan zat baru, hanya berubah bentuk atau wujud. Contoh : es mencair, air menguap, kertas disobek. Perubahan kimia menghasilkan zat baru dengan sifat berbeda. Contoh : kayu terbakar, besi berkarat, makanan membusuk",10,Jawaban Siswa
IPAS,Mengapa pakan ternak yang membusuk termasuk perubahan kimia? Jelaskan,Pembusukan terjadi karena aktivitas mikroorganisme (Bkteri/jamur) yang menguraikan bahan organik.,10,Jawaban Siswa
IPAS,Sebutkan ciri-ciri terjadinya perubahan kimia,"perubahan warna : timbul gas (gelembung / bau) terbentuk endapan, perubahan suhu, timbul cahaya.",10,Jawaban Siswa
IPAS,Gula yang dilarutkan dalam air tidak terlihat lagi bentuk aslinya. Apakah gula tersebut hilang atau berubah menjadi zat baru? Jelaskan berdasarkan jenis perubahannya,Gula yang dilarutkan dalam air tidak menghasilkan zat baru. Partikel gula hanya menyebar diantara partikel air (perubahan gula termasuk perubahan fisika),10,Jawaban Siswa
IPAS,Air yang membeku menjadi es sering dikatakan berubah menjadi zat baru karena bentuknya berbeda. Jelaskan berdasarkan konsep perubahan zat,"pembekuan air adalah perubahan dari cair menjadi padat karena suhu rendah tidak berbentuk zat baru, hanya berubah wujud ini termasuk perubahan fisika.",10,Jawaban Siswa
IPAS,"Mengapa pembakaran kertas menghasilkan zat baru, sedangkan kertas yang disobek tidak menghasilkan zat baru","jika kertas dirobek merupkan perubahan fisika ( tidak ada zat baru), jika kertas dibakar merupakan perubahan kimia ( menghasilkan abu dan gas)",10,Jawaban Siswa
IPAS,"Jika suatu zat mengalami perubahan warna, apakah dapat dipastikan terjadi perubahan kimia? Jelaskan dengan contoh","contoh perubahan warna sebagai indikator reaksi kimia, besi berkarat, berubah dari abu abu menjadi coklat kemerahan karena terbentuk karat",10,Jawaban Siswa
IPAS,Jelaskan Pengertian Zat,zat adalah reaksi yang memiliki,0,Jawaban Siswa
IPAS,Apa perbedaan antara perubahan fisika dan perubahan kimia? Berikan masing-masing dua contoh dalam kehidupan sehari-hari,contoh perubahan kimia adalah pakan ternak yang membusuk. Contoh perubahan fisika adalah es batu yang mencair dan lilin yang meleleh,5,Jawaban Siswa
IPAS,Mengapa pakan ternak yang membusuk termasuk perubahan kimia? Jelaskan,Pembusukan terjadi karena aktivitas mikroorganisme (Bkteri/jamur) yang menguraikan bahan organik.,10,Jawaban Siswa
IPAS,Sebutkan ciri-ciri terjadinya perubahan kimia,"bau yang Tidak enak, makanan yg membusuk",10,Jawaban Siswa
IPAS,Gula yang dilarutkan dalam air tidak terlihat lagi bentuk aslinya. Apakah gula tersebut hilang atau berubah menjadi zat baru? Jelaskan berdasarkan jenis perubahannya,Gula yg dilarutkan dalam air tidak terlihat lagi bentuk aslinya berdasarkan Jenis perubahan fisika,10,Jawaban Siswa
IPAS,Air yang membeku menjadi es sering dikatakan berubah menjadi zat baru karena bentuknya berbeda. Jelaskan berdasarkan konsep perubahan zat,fisika,0,Jawaban Siswa
IPAS,"Mengapa pembakaran kertas menghasilkan zat baru, sedangkan kertas yang disobek tidak menghasilkan zat baru",karen perubahan kertas dan api adalah perubahan kimia kalau kertas yang disobek Tidak ada atau tidak menghasilkan zat baru.,10,Jawaban Siswa
IPAS,"Jika suatu zat mengalami perubahan warna, apakah dapat dipastikan terjadi perubahan kimia? Jelaskan dengan contoh",Contohnya air atau warna yang dicampur dengan warna lain atau air the akan berubah. Contoh air putih dengan air the dia akan berubah menjadi kuning kecoklatan kalau warna hitam dengan warna putih akan menjadi silver atau abu,3,Jawaban Siswa
IPAS,Jelaskan Pengertian Zat,Zat ialah suatu benda yang dapat mengalami perubahan,0,Jawaban Siswa
IPAS,Apa perbedaan antara perubahan fisika dan perubahan kimia? Berikan masing-masing dua contoh dalam kehidupan sehari-hari,Perubahan kimia adalah Perubahan yang,0,Jawaban Siswa
IPAS,Mengapa pakan ternak yang membusuk termasuk perubahan kimia? Jelaskan,karena di dalam pakan ternak tersebut ada micro kecil yang membuat mengalami perubahan kimia,0,Jawaban Siswa
IPAS,Sebutkan ciri-ciri terjadinya perubahan kimia,tidak,0,Jawaban Siswa
IPAS,Gula yang dilarutkan dalam air tidak terlihat lagi bentuk aslinya. Apakah gula tersebut hilang atau berubah menjadi zat baru? Jelaskan berdasarkan jenis perubahannya,"Gula mengalami perubahan zat padat menjadi cair dari perubahan tersebut sudah menghilangkan bentuk Gula tersebut, tapi Gula yang mencair tidak hilang Cuma berubah bentuk.",10,Jawaban Siswa
IPAS,Air yang membeku menjadi es sering dikatakan berubah menjadi zat baru karena bentuknya berbeda. Jelaskan berdasarkan konsep perubahan zat,Dari situ mengalami perubahan zat mengkristal karena dari air yang dingin terkena suhu yang sangat dingin sekali akan mengalami perubahan,10,Jawaban Siswa
IPAS,"Mengapa pembakaran kertas menghasilkan zat baru, sedangkan kertas yang disobek tidak menghasilkan zat baru",Karena terbaik,0,Jawaban Siswa
IPAS,"Jika suatu zat mengalami perubahan warna, apakah dapat dipastikan terjadi perubahan kimia? Jelaskan dengan contoh",Tidak,0,Jawaban Siswa
IPAS,Jelaskan Pengertian Zat,"zat adalah materi yang memiliki massa dan menempati ruang dengan wujud, cair, padat, dan gas",10,Jawaban Siswa
IPAS,Apa perbedaan antara perubahan fisika dan perubahan kimia? Berikan masing-masing dua contoh dalam kehidupan sehari-hari,"Perbedannya adalah Perubahan dua jenis materi yang berbeda secara mendasar. Contoh perubahan fisika : es batu mencair, gula larut dalam air. Contoh Perubahan Kimia : besi berkarat, susu menjadi yogurt",10,Jawaban Siswa
IPAS,Mengapa pakan ternak yang membusuk termasuk perubahan kimia? Jelaskan,"Karena didorong oleh aktivitas mikroorganisme terutama dalam kondisi penyimpanan Yang lembab atau tidak sempurna, pembusukan",0,Jawaban Siswa
IPAS,Sebutkan ciri-ciri terjadinya perubahan kimia,"terbentuknya zat baru, perubahan warna, pembentukan gas, perubahan suhu",10,Jawaban Siswa
IPAS,Gula yang dilarutkan dalam air tidak terlihat lagi bentuk aslinya. Apakah gula tersebut hilang atau berubah menjadi zat baru? Jelaskan berdasarkan jenis perubahannya,gula tersebut menjadi zat baru karena mengalami perubahan zat fisika dimana Yang awalnya Padat menjadi cair ketika dilarutkan,0,Jawaban Siswa
IPAS,Air yang membeku menjadi es sering dikatakan berubah menjadi zat baru karena bentuknya berbeda. Jelaskan berdasarkan konsep perubahan zat,Pembekuan air adalah perubahan fisika karena hanya berubah wujud dari cair menjadi padat,10,Jawaban Siswa
IPAS,"Mengapa pembakaran kertas menghasilkan zat baru, sedangkan kertas yang disobek tidak menghasilkan zat baru","karena kertas dipotong perubahan fisika tidak terbentuk zat bar. Kertas dibakar perubahan kimia, kesimpulannya pembakaran menghasilkan zat baru sedangkan pemotongan tidak menghasilkan zat baru.",10,Jawaban Siswa
IPAS,"Jika suatu zat mengalami perubahan warna, apakah dapat dipastikan terjadi perubahan kimia? Jelaskan dengan contoh",Perubahan warna menunjukkan terjadinya reaksi kimia karena terbentuknya zat baru. Contoh: besi berkarat berubah dari abu-abu menjadi coklat,10,Jawaban Siswa
IPAS,Jelaskan Pengertian Zat,Segala Sesuatu Yang mempunyai massa dan memiliki ruang dan massa,10,Jawaban Siswa
IPAS,Apa perbedaan antara perubahan fisika dan perubahan kimia? Berikan masing-masing dua contoh dalam kehidupan sehari-hari,"perubahan fisika tidak menghasilkan zat baru, contoh es batu . Perubahan Kimia menghasilkan zat baru, contoh kayu yang dibakar, besi berkarat",10,Jawaban Siswa
IPAS,Mengapa pakan ternak yang membusuk termasuk perubahan kimia? Jelaskan,karena adanya ,0,Jawaban Siswa
IPAS,Sebutkan ciri-ciri terjadinya perubahan kimia,"membuat zat baru yaitu adanya perubahan bentuk, rasa, warna itulah perubahan kimia",10,Jawaban Siswa
IPAS,Gula yang dilarutkan dalam air tidak terlihat lagi bentuk aslinya. Apakah gula tersebut hilang atau berubah menjadi zat baru? Jelaskan berdasarkan jenis perubahannya,gula itu akan membentuk zat baru ,0,Jawaban Siswa
IPAS,Air yang membeku menjadi es sering dikatakan berubah menjadi zat baru karena bentuknya berbeda. Jelaskan berdasarkan konsep perubahan zat,Air yang membeku jadi es disebabkan karena adanya perubahan kimia yang ditaruh di kulkas dengan suhu dingin  tinggi,0,Jawaban Siswa
IPAS,"Mengapa pembakaran kertas menghasilkan zat baru, sedangkan kertas yang disobek tidak menghasilkan zat baru","karena kertas yang dibakar menimbulkan zat baru perubahan warna, rasa, bentuk. Sedangkan kertas  disobek tidak menghasilkan perubahan apapun",10,Jawaban Siswa
IPAS,"Jika suatu zat mengalami perubahan warna, apakah dapat dipastikan terjadi perubahan kimia? Jelaskan dengan contoh","Jika Suatu zat mengalami perubahan warna sudah dipastikan perubahan kimia karena dia buat zat  baru, berubah warnanya, rasanya, bentuknya",5,Jawaban Siswa
IPAS,Jelaskan Pengertian Zat,Zat yaitu Segala Sesuatu yang memiliki massa dan ruang,10,Jawaban Siswa
IPAS,Apa perbedaan antara perubahan fisika dan perubahan kimia? Berikan masing-masing dua contoh dalam kehidupan sehari-hari,Perubahan Fisika yaitu Perubahan yang tidak menghasilkan zat baru. Contoh: es batu dan gula yang mencair,10,Jawaban Siswa
IPAS,Mengapa pakan ternak yang membusuk termasuk perubahan kimia? Jelaskan,Karena reaksi antara Zat Organik yang di Sebabkan oleh mikroorganisme,0,Jawaban Siswa
IPAS,Sebutkan ciri-ciri terjadinya perubahan kimia,"terbentuknya Zat baru, Perubahan warna, Pembentukan gas, timbulnya endapan",10,Jawaban Siswa
IPAS,Gula yang dilarutkan dalam air tidak terlihat lagi bentuk aslinya. Apakah gula tersebut hilang atau berubah menjadi zat baru? Jelaskan berdasarkan jenis perubahannya,Gula yg dilarutkan dalam air tidak terlihat lagi bentuk aslinya berdasarkan Jenis perubahan fisika,10,Jawaban Siswa
IPAS,Air yang membeku menjadi es sering dikatakan berubah menjadi zat baru karena bentuknya berbeda. Jelaskan berdasarkan konsep perubahan zat,Pembekuan adalan transisi fase dari Cair menjadi Padat  karena adanya Proses Pembekuan,10,Jawaban Siswa
IPAS,"Mengapa pembakaran kertas menghasilkan zat baru, sedangkan kertas yang disobek tidak menghasilkan zat baru","karena kertas yang dibakar menimbulkan  Perubahan warna kertas, bau. Sedangkan kertas yang di Sobek tetap akan menjadi Kertas karena  ketidak adanya Perubahan warna, bau",10,Jawaban Siswa
IPAS,"Jika suatu zat mengalami perubahan warna, apakah dapat dipastikan terjadi perubahan kimia? Jelaskan dengan contoh","iya, karena Perubahan kimia dapat dipastikan dengan adnya Perubahan warna, bau, bentuk, dll. Contohnya Perkaratan yg semula berwarna Putih bisa berubah warna Coklat karena benda itu berkarat.",10,Jawaban Siswa
IPAS,Jelaskan Pengertian Zat,Zat adalah segala sesuatu yang memiliki massa dan menempati ruang. Zat di klasifikasikan berdasarkan sifatnya yaitu sifat fisika dan sifat kimia,10,Jawaban Siswa
IPAS,Apa perbedaan antara perubahan fisika dan perubahan kimia? Berikan masing-masing dua contoh dalam kehidupan sehari-hari,"Perubahan fisika merupakan perubahan yang tidak menghasilkan zat baru, hanya berubah ukuran, bentuk, dan wujud zat. Contoh: es mencair dan kertas dipotong. Perubahan Kimia merupakan perubahan yang dapat menghasilkan zat baru dengan kompsisi yaitu berbeda dengan zat sebelumnya. Contoh : kayu terbakar dan besi berkarat.",10,Jawaban Siswa
IPAS,Mengapa pakan ternak yang membusuk termasuk perubahan kimia? Jelaskan,"Pakan ternak membusuk karena aktivitas mikroorganisme yang menguraikan Zat menjadi zat baru, ditandai dengan bau menyengat, perubahan warna dan tekstur. Termasuk ke dalam Perubahan kimia karena menghasilkan zat baru",10,Jawaban Siswa
IPAS,Sebutkan ciri-ciri terjadinya perubahan kimia,"Perubahan warna, timbul gas (gelembung), terdapat endapan, Perubahan suhu, timbul bau baru",10,Jawaban Siswa
IPAS,Gula yang dilarutkan dalam air tidak terlihat lagi bentuk aslinya. Apakah gula tersebut hilang atau berubah menjadi zat baru? Jelaskan berdasarkan jenis perubahannya,Pelarutan gula adalah Perubahan fisika karena tidak menghasilkan zat baru. Partikel gula hanya menyebar diantara partikel air dan masih bisa dipisahkan kembali misal dengan penguapan,10,Jawaban Siswa
IPAS,Air yang membeku menjadi es sering dikatakan berubah menjadi zat baru karena bentuknya berbeda. Jelaskan berdasarkan konsep perubahan zat,Pembekuan air terjadi karena suhu turun sehingga partikel bergerak lebih lambat dan tersusun lebih cepat. Tidak terjadi perubahan zat jadi termasuk peruahan fisika,10,Jawaban Siswa
IPAS,"Mengapa pembakaran kertas menghasilkan zat baru, sedangkan kertas yang disobek tidak menghasilkan zat baru","kertas di sobek merupakan perubahan fisika karen atidak menghasilkan zat baru hanya berubah bentuk, ukuran, dan wujud saja. Kertas di bakat merupakan perubahan kimia karena menghasilkan abu dan gas",10,Jawaban Siswa
IPAS,"Jika suatu zat mengalami perubahan warna, apakah dapat dipastikan terjadi perubahan kimia? Jelaskan dengan contoh","Perubahan warna termasuk dalam reaksi kimia yang dapat menghasilkan zat baru. Contoh besi berkarat berubah menjadi coklat kemerahan, larutan indikator berubah warna saat bereaksi dengan asam atau basa",10,Jawaban Siswa
IPAS,Jelaskan Pengertian Zat,zat adalah suatu benda atau objek yang dapat berubah secara fisika maupun kimia,0,Jawaban Siswa
IPAS,Apa perbedaan antara perubahan fisika dan perubahan kimia? Berikan masing-masing dua contoh dalam kehidupan sehari-hari,Fisika memengaruhi perubahan bentuk kimia memengaruhi Perubahan sifat warna dan reaksi,0,Jawaban Siswa
IPAS,Mengapa pakan ternak yang membusuk termasuk perubahan kimia? Jelaskan,"warna, rasa, dan baunya berubah tetapi bentuknya tidak",5,Jawaban Siswa
IPAS,Sebutkan ciri-ciri terjadinya perubahan kimia,"rasanya berubah, baunya berubah, dan sifat zat nya berubah",10,Jawaban Siswa
IPAS,Gula yang dilarutkan dalam air tidak terlihat lagi bentuk aslinya. Apakah gula tersebut hilang atau berubah menjadi zat baru? Jelaskan berdasarkan jenis perubahannya,Gula menjadi cair atau berubah menjadi zat baru,0,Jawaban Siswa
IPAS,Air yang membeku menjadi es sering dikatakan berubah menjadi zat baru karena bentuknya berbeda. Jelaskan berdasarkan konsep perubahan zat,Karena air yang membeku berubah menjadi padat,10,Jawaban Siswa
IPAS,"Mengapa pembakaran kertas menghasilkan zat baru, sedangkan kertas yang disobek tidak menghasilkan zat baru",karena kertas yang dibakar akan memengaruhi perubahan kimia maupun fisika yang dpaat menghasilkan zat baru sedangkan kertas di sobek hanya akan berubah bentuk,10,Jawaban Siswa
IPAS,"Jika suatu zat mengalami perubahan warna, apakah dapat dipastikan terjadi perubahan kimia? Jelaskan dengan contoh",dapat dipastikan Perubahan kimia cotoh nya kertas yang di bakar,0,Jawaban Siswa
IPAS,Jelaskan Pengertian Zat,Zat adalah segala sesuatu yang memiliki massa dan menempati ruang,10,Jawaban Siswa
IPAS,Apa perbedaan antara perubahan fisika dan perubahan kimia? Berikan masing-masing dua contoh dalam kehidupan sehari-hari,perubahan fisika merupakan perubahan yang tidak menghasilkan zat baru. Perubahan kimia merupakan perubahan yang menghasilkan zat baru,5,Jawaban Siswa
IPAS,Mengapa pakan ternak yang membusuk termasuk perubahan kimia? Jelaskan,"Karena termasuk pembusukan, pakan ternak yang membusuk itu menghasilkan zat baru yang dimana dari yang tidak busuk menjadi  busuk",5,Jawaban Siswa
IPAS,Sebutkan ciri-ciri terjadinya perubahan kimia,"Terjadinya perubahan suhu, terjadinya perubahan warna, terbentuknya gas",10,Jawaban Siswa
IPAS,Gula yang dilarutkan dalam air tidak terlihat lagi bentuk aslinya. Apakah gula tersebut hilang atau berubah menjadi zat baru? Jelaskan berdasarkan jenis perubahannya,"tidak, melainkan dia berubah menjadi cair, jenis perubahan tersebut adalah perubahan fisika karena termasuk perubahan yang tidak menghasilkan zat baru",10,Jawaban Siswa
IPAS,Air yang membeku menjadi es sering dikatakan berubah menjadi zat baru karena bentuknya berbeda. Jelaskan berdasarkan konsep perubahan zat,"air yang membeku menjadi es itu merupakan perubahan fisika karena dia itu tidak menghasilkan zat baru. Membeku itu bukanlah perubahan kimia melainkan perubahan fisika, karena diperubahan kimia tidak ada yang namanya membeku",10,Jawaban Siswa
IPAS,"Mengapa pembakaran kertas menghasilkan zat baru, sedangkan kertas yang disobek tidak menghasilkan zat baru",karena kertas yang dibakar akan memengaruhi perubahan kimia maupun fisika yang dpaat menghasilkan zat baru sedangkan kertas di sobek hanya akan berubah bentuk,10,Jawaban Siswa
IPAS,"Jika suatu zat mengalami perubahan warna, apakah dapat dipastikan terjadi perubahan kimia? Jelaskan dengan contoh",Contohnya air atau warna yang dicampur dengan warna lain atau air the akan berubah. Contoh air putih dengan air the dia akan berubah menjadi kuning kecoklatan kalau warna hitam dengan warna putih akan menjadi silver atau abu,3,Jawaban Siswa
IPAS,Jelaskan Pengertian Zat,Zat adalah segala sesuatu yang memiliki massa dan menempati ruangan,10,Jawaban Siswa
IPAS,Apa perbedaan antara perubahan fisika dan perubahan kimia? Berikan masing-masing dua contoh dalam kehidupan sehari-hari,"perubahan fisika yaitu perubahan suatu benda padat bisa mencair, contoh es batu. Perubahan kimia yaitu perubahan yang menghasilkan zat baru, bukan hanya perubahan wujud, contohnya tape dan yogurt",10,Jawaban Siswa
IPAS,Mengapa pakan ternak yang membusuk termasuk perubahan kimia? Jelaskan,"karena reaksi kimia yang menghasilkan zat baru seperti gas, berbau busuk akibat aktivitas mikroorganisme yang menyesuaikan  bahan organik",10,Jawaban Siswa
IPAS,Sebutkan ciri-ciri terjadinya perubahan kimia,"terbentunya gas atau gelembung, terjadi perubahan warna, terbentuknya endapan atau muncul bau busuk",10,Jawaban Siswa
IPAS,Gula yang dilarutkan dalam air tidak terlihat lagi bentuk aslinya. Apakah gula tersebut hilang atau berubah menjadi zat baru? Jelaskan berdasarkan jenis perubahannya,"pelarutan gula dalam air merupakan perubahan fisika karena tidak menghasilkan zat baru, partikel gula tetap ada hanya menyebar merata di antara partikel air sehingga membentuk larutan homogen",10,Jawaban Siswa
IPAS,Air yang membeku menjadi es sering dikatakan berubah menjadi zat baru karena bentuknya berbeda. Jelaskan berdasarkan konsep perubahan zat,pembekuan air terjadi ketika suhu air diturunkan sehingga berubah menjadi padat (es),10,Jawaban Siswa
IPAS,"Mengapa pembakaran kertas menghasilkan zat baru, sedangkan kertas yang disobek tidak menghasilkan zat baru","karna jika kertas di bakar akan menjadi hancur dan berganti tekstur, warna, dan bentuk, namun jika disobek kertas tetap berwarna sama hanya berubah bentuknya",10,Jawaban Siswa
IPAS,"Jika suatu zat mengalami perubahan warna, apakah dapat dipastikan terjadi perubahan kimia? Jelaskan dengan contoh","perubahan warna terjadi karena susunan partikel atau struktur kimia, zat berubah sehinnga sifat-sifatnya termasuk warna ikut berubah.",10,Jawaban Siswa
IPAS,Jelaskan Pengertian Zat,Zat adalah suatu zat yang di ruang,5,Jawaban Siswa
IPAS,Apa perbedaan antara perubahan fisika dan perubahan kimia? Berikan masing-masing dua contoh dalam kehidupan sehari-hari,"perubahan fisika merupakan benda padat menjadi cair, contoh: es yang meleleh. Perubahan kimia merupakan yang menghasilkan zat baru, contoh membakar kertas.",10,Jawaban Siswa
IPAS,Mengapa pakan ternak yang membusuk termasuk perubahan kimia? Jelaskan,karena mbatang atau menghasilkan zat baru,0,Jawaban Siswa
IPAS,Sebutkan ciri-ciri terjadinya perubahan kimia,zat lama kalau di mengelola menjadi zat baru,0,Jawaban Siswa
IPAS,Gula yang dilarutkan dalam air tidak terlihat lagi bentuk aslinya. Apakah gula tersebut hilang atau berubah menjadi zat baru? Jelaskan berdasarkan jenis perubahannya,perubahan fisika,0,Jawaban Siswa
IPAS,Air yang membeku menjadi es sering dikatakan berubah menjadi zat baru karena bentuknya berbeda. Jelaskan berdasarkan konsep perubahan zat,karena ya kita Kalau menaruh es batu lalu didiamkan sampai  meleleh dia akan ada perubahan,0,Jawaban Siswa
IPAS,"Mengapa pembakaran kertas menghasilkan zat baru, sedangkan kertas yang disobek tidak menghasilkan zat baru",karena kertas yang dibakar itu jadi hancur lebur  dan hangus lalu kalau kertas disobek masih ada wujud kertas,5,Jawaban Siswa
IPAS,"Jika suatu zat mengalami perubahan warna, apakah dapat dipastikan terjadi perubahan kimia? Jelaskan dengan contoh",contohnya air bening dicampur susu,0,Jawaban Siswa
IPAS,Jelaskan Pengertian Zat,"Zat adalah segala sesuatu yang memiliki massa dan menempati ruang, massa berarti zat memiliki berat tertentu sedangkan menempati ruang berarti zat memiliki volume",10,Jawaban Siswa
IPAS,Apa perbedaan antara perubahan fisika dan perubahan kimia? Berikan masing-masing dua contoh dalam kehidupan sehari-hari,"perubahan fisika tidak menghasilkan zat baru hanya berubah bentuk, ukuran, dan wujud, contoh es menjadi cair, lilin mencair jika dipanaskan. Perubahan kimia menghasilkan zat baru dan sifat berubah permanen, contoh kayu dibakar menjadi abu, besi berkarat yang berubah warna menjadi  coklat kemerahan",10,Jawaban Siswa
IPAS,Mengapa pakan ternak yang membusuk termasuk perubahan kimia? Jelaskan,"Pembusukan pakan ternak merupakan perubahan kimia karena menghasilkan zat baru. Hal ini ditandai dengan perubahan bau menjadi busuk, perubahan warna, dan munculnya mikoorganisme. Terbentuknya zat baru menunjukkan bahwa terjadinya reaksi kimia ",10,Jawaban Siswa
IPAS,Sebutkan ciri-ciri terjadinya perubahan kimia,"perubahan warna, Timbul gas, Perubahan suhu, Timbul bau, Terbentuknya endapan",10,Jawaban Siswa
IPAS,Gula yang dilarutkan dalam air tidak terlihat lagi bentuk aslinya. Apakah gula tersebut hilang atau berubah menjadi zat baru? Jelaskan berdasarkan jenis perubahannya,Pelarutan gula dalam air merupakan perubahan Fisika karena tidak menghasilkan Zat baru. Gula hanya berubah bentuk menjadi partikel yang lebih kecil dan tercampur dalam air. Gula masih dapat diperoleh melalui penguapan air,10,Jawaban Siswa
IPAS,Air yang membeku menjadi es sering dikatakan berubah menjadi zat baru karena bentuknya berbeda. Jelaskan berdasarkan konsep perubahan zat,"Pembekuan air adalah perubahan Fisika, akrena hanya perubahan wujud dari cair menjadi padat. Zat tersebut tetap air, perubahan bentuk tidak selalu menghasilkan zat baru.",10,Jawaban Siswa
IPAS,"Mengapa pembakaran kertas menghasilkan zat baru, sedangkan kertas yang disobek tidak menghasilkan zat baru",kertas dipotong merupakan Perubahan Fisika dan tidak terbentuk zat baru. Kertas dibakar merupakan perubahan kimia dan terbentuknya gas baru seperti gas dan abu. Kesimpulannya pembakaran menghasilkan zat baru sedangkan pemotongan tidak.,10,Jawaban Siswa
IPAS,"Jika suatu zat mengalami perubahan warna, apakah dapat dipastikan terjadi perubahan kimia? Jelaskan dengan contoh","Perubahan warna menunjukkan terjadinya reaksi kimia karena terbentuk zat baru, contoh besi berkarat berubah warna dari abu abu menjadi coklat kemerahan dan buah apel yang berubah warna menjadi coklat setelah dipotong",10,Jawaban Siswa
IPAS,Jelaskan Pengertian Zat,Zat adalah sesuatu yg memiliki massa dan menempati ruang,10,Jawaban Siswa
IPAS,Apa perbedaan antara perubahan fisika dan perubahan kimia? Berikan masing-masing dua contoh dalam kehidupan sehari-hari,"Perubahan fisika merupakan Perubahan yg tidak Menghasilkan zat baru hanya terjadi bentuk zat. Contoh es mencair, gula larut, menguap. Perubahan kimia merupakan Perubahan yg menghasilkan zat baru dengan komposisi empat sifat yang berbeda dari zat lainnya. Contoh : pembakaran kayu, besi berkarat",10,Jawaban Siswa
IPAS,Mengapa pakan ternak yang membusuk termasuk perubahan kimia? Jelaskan,"Karena serangkaian perubahan fisik baik dari perubahan warna, Pembentukan zat, perubahan suhu dan lain lain",0,Jawaban Siswa
IPAS,Sebutkan ciri-ciri terjadinya perubahan kimia,"Terbentukny zat baru, perubahan warna, pembentukan zat, dan perubahan suhu",10,Jawaban Siswa
IPAS,Gula yang dilarutkan dalam air tidak terlihat lagi bentuk aslinya. Apakah gula tersebut hilang atau berubah menjadi zat baru? Jelaskan berdasarkan jenis perubahannya,gula yg dilarutkan dalam air ini hilang karena ini termasuk perubahan fisika yang dimana perubahannya tidak menghasilkan zat baru akan tetapi terjadinya  bentuk zat,5,Jawaban Siswa
IPAS,Air yang membeku menjadi es sering dikatakan berubah menjadi zat baru karena bentuknya berbeda. Jelaskan berdasarkan konsep perubahan zat,"Iya, karena air yang membeku menjadi es itu termasuk perubahan yg menghasilkan zat baru melalui komposisi",10,Jawaban Siswa
IPAS,"Mengapa pembakaran kertas menghasilkan zat baru, sedangkan kertas yang disobek tidak menghasilkan zat baru","karena, sesuatu yg berupa kertas baik di sobek maupun di bakar itu perubahnnya berbeda, Jikalau Pembakaran kertas ini sama halnya dg  pembakaran kayu. Karena melalui komposisi yg berbeda atau sifatnya yg berbeda dari zat  lainnya, maka pembakaran kertas ini termasuk perubahan kimia.",10,Jawaban Siswa
IPAS,"Jika suatu zat mengalami perubahan warna, apakah dapat dipastikan terjadi perubahan kimia? Jelaskan dengan contoh","Iya, karena merupakan salah satu indikator unsual yg  paling lama bukti masanya. Contoh pembakaran kayu, besi berkarat, pakan ternak yang membusuk, dll",3,Jawaban Siswa
IPAS,Jelaskan Pengertian Zat,Segala sesuatu yg memiliki massa dan menempati ruang,10,Jawaban Siswa
IPAS,Apa perbedaan antara perubahan fisika dan perubahan kimia? Berikan masing-masing dua contoh dalam kehidupan sehari-hari,"fisika tidak menghasilkan zat baru, contoh lilin yang meleleh, sedangkan kimia menghasilkan zat baru dg sifat yg berbeda, cobtoh kertas terbakar",10,Jawaban Siswa
IPAS,Mengapa pakan ternak yang membusuk termasuk perubahan kimia? Jelaskan,karna terjadinya reaksi oleh mikroorganisme,0,Jawaban Siswa
IPAS,Sebutkan ciri-ciri terjadinya perubahan kimia,"Perubahan warna, timbul gas, berbentuk endapan, perubahan suhu, dan timbul bau baru",10,Jawaban Siswa
IPAS,Gula yang dilarutkan dalam air tidak terlihat lagi bentuk aslinya. Apakah gula tersebut hilang atau berubah menjadi zat baru? Jelaskan berdasarkan jenis perubahannya,Perubahan fisika karena tidak menghasilkan zat baru,0,Jawaban Siswa
IPAS,Air yang membeku menjadi es sering dikatakan berubah menjadi zat baru karena bentuknya berbeda. Jelaskan berdasarkan konsep perubahan zat,"Perubahan fisika karena dari cair menjadi padat, karena penurunan suhu",10,Jawaban Siswa
IPAS,"Mengapa pembakaran kertas menghasilkan zat baru, sedangkan kertas yang disobek tidak menghasilkan zat baru",pembakaran kertas termasuk perubahan kimia sedangkan kertas disobek termasuk perubahan fisika,10,Jawaban Siswa
IPAS,"Jika suatu zat mengalami perubahan warna, apakah dapat dipastikan terjadi perubahan kimia? Jelaskan dengan contoh",Perubahan warna dapat menunjukkan reaski kimia karena terbentuknya zat baru,10,Jawaban Siswa
IPAS,Jelaskan Pengertian Zat,Segala sesuatu Yang mempunyai massa dan memiliki ruang dan volume,10,Jawaban Siswa
IPAS,Apa perbedaan antara perubahan fisika dan perubahan kimia? Berikan masing-masing dua contoh dalam kehidupan sehari-hari,Perubahan fisika tidak menghasilkan zat baru contoh Es batu yang mencair. Perubahan kimia menghasilkan zat baru contoh kayu yang dibakar dan besi berkarat,10,Jawaban Siswa
IPAS,Mengapa pakan ternak yang membusuk termasuk perubahan kimia? Jelaskan,Karena adanya perubahan rasa dan Perubahan warna makanya disebut perubahan kimia,10,Jawaban Siswa
IPAS,Sebutkan ciri-ciri terjadinya perubahan kimia,"Membuat zat baru yaitu adanya perubahan betuk, rasa, warna itulah perubahan kimia",10,Jawaban Siswa
IPAS,Gula yang dilarutkan dalam air tidak terlihat lagi bentuk aslinya. Apakah gula tersebut hilang atau berubah menjadi zat baru? Jelaskan berdasarkan jenis perubahannya,gula itu akan membentuk zat baru dan akan mencair tercampur dengan air tidak kelihatan tetapi air itu akan manis sebab terjadinya perubahan zat fisika,10,Jawaban Siswa
IPAS,Air yang membeku menjadi es sering dikatakan berubah menjadi zat baru karena bentuknya berbeda. Jelaskan berdasarkan konsep perubahan zat,Air yang membeku jadi es disebabkan adanya perubahan kimia yang ditaruh di kulkas dengna suhu dingin tinggi ,0,Jawaban Siswa
IPAS,"Mengapa pembakaran kertas menghasilkan zat baru, sedangkan kertas yang disobek tidak menghasilkan zat baru","karena kertas yang dibkr menimbulkan zat baru perubahan warna, rasa, bentuk sedangakan kertas disobek tidak menghasilkan perubahan apapun",10,Jawaban Siswa
IPAS,"Jika suatu zat mengalami perubahan warna, apakah dapat dipastikan terjadi perubahan kimia? Jelaskan dengan contoh","Jika suatu zat mengalami perubahan warna sudah dipastikan perubahan kimia karena dia buat zat baru, berubah warnanya, rasanya",10,Jawaban Siswa
IPAS,Jelaskan Pengertian Zat,Zat adalah Segala Sesuatu yg memiliki massa dan Penempatan Ruang,10,Jawaban Siswa
IPAS,Apa perbedaan antara perubahan fisika dan perubahan kimia? Berikan masing-masing dua contoh dalam kehidupan sehari-hari,"Perubahan Fisika adalah Perubahan yg hanya merubah bentuk atau wujud tanpa enghasilkan Zat baru, contoh : es mencair. Perubahan Kimia adalah Perubahan yg menghasilkan Zat dengan Sifat yg berbeda dengan zat asalnya, contoh : Besi berkarat",10,Jawaban Siswa
IPAS,Mengapa pakan ternak yang membusuk termasuk perubahan kimia? Jelaskan,Karena pakan ternak yg membusuk menghasilkan Zat dgn Sifat yg beda dengan Zat asalnya,10,Jawaban Siswa
IPAS,Sebutkan ciri-ciri terjadinya perubahan kimia,"Terbentuknya gas, Terbentuknya endapan, Perubahan warna, Perubahan Suhu",10,Jawaban Siswa
IPAS,Gula yang dilarutkan dalam air tidak terlihat lagi bentuk aslinya. Apakah gula tersebut hilang atau berubah menjadi zat baru? Jelaskan berdasarkan jenis perubahannya,"ya, karena gula tersebut akan tersebar merata dipartikel air",0,Jawaban Siswa
IPAS,Air yang membeku menjadi es sering dikatakan berubah menjadi zat baru karena bentuknya berbeda. Jelaskan berdasarkan konsep perubahan zat,"air yang membeku menjadi es sering dikatain berubah menjadi zat baru Karena Konsep perubah Zat tersebut adalah Perubahan Fisika, air yang awalnya Cair menjadi Beku atau Padat",10,Jawaban Siswa
IPAS,"Mengapa pembakaran kertas menghasilkan zat baru, sedangkan kertas yang disobek tidak menghasilkan zat baru","Karena Pembakaran Kertas memilki Sifat Perubahan Kimia, oleh karena itu  Pembakaran kertas menghasilkan zat baru. Sedangkan Kertas yg disobek memiliki sifat Perubahan Fisika yang terdapat perubahan bentuk saja",10,Jawaban Siswa
IPAS,"Jika suatu zat mengalami perubahan warna, apakah dapat dipastikan terjadi perubahan kimia? Jelaskan dengan contoh","Contoh Besi yg berkarat, Besi yang lama kelamaan didiamkan maupun direndam air akan berkarat otomatis  Berubah warna kecoklatan maka disebut Perubahan Kimia",3,Jawaban Siswa
IPAS,Jelaskan Pengertian Zat,Zat adalah segala sesuatu  yang memiliki massa dan menepati ruang (volume),10,Jawaban Siswa
IPAS,Apa perbedaan antara perubahan fisika dan perubahan kimia? Berikan masing-masing dua contoh dalam kehidupan sehari-hari,"perubahan fisika adalah perubahan yang tidak menghasilkan zat baru, hanya terjadi perubahan wujud atau bentuk zat. Contoh es krim mencair pada suhu lebih tinggi (perubahan padat menjadi cair), lilin yang mencair saat dipanaskan. Perubahan kimia adalah perubahan yang menghasilkan zat baru dengan komposisi, sifat yang berbeda dari aslanya. Contoh kayu yang mengalami pembakaran yang berubah menjadi abu, kertas yang dibakar menghasilkan zat baru yang tidak dapat kembali ke wujud kertas ",10,Jawaban Siswa
IPAS,Mengapa pakan ternak yang membusuk termasuk perubahan kimia? Jelaskan,"karena terjadi pembusukan pada pakan ternak perubahan  fisika, pembekuan hanya mengubah wujud pakan dari Cair menjadi padat tanpa menghasilkan zat baru",0,Jawaban Siswa
IPAS,Sebutkan ciri-ciri terjadinya perubahan kimia,"perubahan warna yang bersifat permanen, terbentuknya gas biasanya ditandai dengan embun gelebung, timbul bau baru akibat terbentuknya zat baru",10,Jawaban Siswa
IPAS,Gula yang dilarutkan dalam air tidak terlihat lagi bentuk aslinya. Apakah gula tersebut hilang atau berubah menjadi zat baru? Jelaskan berdasarkan jenis perubahannya,"pelarutan gula dalam air termasuk perubahan fisika, bukan perubahan kimia  tetapi hanya tersebar merata ke dalam air, karena tidak terbentuk zat baru dalam proses tersebut, saat dilarutkan gula tidak berubah menjadi zat lain tetapi hanya tersebar merata kedalam air. (bahwa tidak ada terjadi pembentukan zat baru)",10,Jawaban Siswa
IPAS,Air yang membeku menjadi es sering dikatakan berubah menjadi zat baru karena bentuknya berbeda. Jelaskan berdasarkan konsep perubahan zat,peristiwa perubahan wujud dari cair menjadi padat (es) karena penurunan suhu perubahan wujud tanpa pembentukan zat baru sehingga tidak menghasilkan zat baru (perubahan fisika),10,Jawaban Siswa
IPAS,"Mengapa pembakaran kertas menghasilkan zat baru, sedangkan kertas yang disobek tidak menghasilkan zat baru","merobek kertas diambil lalu disobek menjadi kecil kecil tidak ada zat baru, kertas yang disobek tetap kertas, hanya ukuran dan bentuknya yang berbeda (fisika), membakar kertas menggunakan api hingga menjadi abu yang tidak dapat kembali seperti semula, yang ditandai dengan perubahan bentuk zat baru (kimia)",10,Jawaban Siswa
IPAS,"Jika suatu zat mengalami perubahan warna, apakah dapat dipastikan terjadi perubahan kimia? Jelaskan dengan contoh","itu adalah salah satu ciri utama yg telah menandakan reaksi kimia berupa  warna baru yg muncul dan terbentuknya perubahan baru. Contoh: Pembusukan buah dan sayur (muncul bau dan gas serta warna yang memudar menghasilkan warna baru), pembakaran kayu yang mengalami pembakaran yang dibakar yang berubah menjadi abu, besi yang berkarat akibat terkena air berubah warna menjadi coklat kemerahan.",10,Jawaban Siswa
IPAS,Jelaskan Pengertian Zat,Zat adalah Suatu benda atau buatan yg di bagi menjadi beberapa Bagian,0,Jawaban Siswa
IPAS,Apa perbedaan antara perubahan fisika dan perubahan kimia? Berikan masing-masing dua contoh dalam kehidupan sehari-hari,Perubahan Fisika merupakan Perubahan yg dengan sendirinya. Kimia merupakan Perubahan yg dengan adanya  Campur Tangan manusia,10,Jawaban Siswa
IPAS,Mengapa pakan ternak yang membusuk termasuk perubahan kimia? Jelaskan,Dikarenakan Perubahan Tersebut awalnya Terdapat Campur Tangan manusia Dan Bekerja dan akan berubah dengan sendirinya,0,Jawaban Siswa
IPAS,Sebutkan ciri-ciri terjadinya perubahan kimia,"Berubahnya warna, membentuknya Zat baru",10,Jawaban Siswa
IPAS,Gula yang dilarutkan dalam air tidak terlihat lagi bentuk aslinya. Apakah gula tersebut hilang atau berubah menjadi zat baru? Jelaskan berdasarkan jenis perubahannya,Gula bisa dikatakan zat cair dikarenakan Bisa meleleh maupun mencair Pd saat Terkena Panas maupun air,10,Jawaban Siswa
IPAS,Air yang membeku menjadi es sering dikatakan berubah menjadi zat baru karena bentuknya berbeda. Jelaskan berdasarkan konsep perubahan zat,Di karenakan pd saat Sebelum beku air masih cair Pd saat suhu mulai di naikan Perubahan dikit demi sedikit menjadikan air Tersebut menjadi Zat Padat,0,Jawaban Siswa
IPAS,"Mengapa pembakaran kertas menghasilkan zat baru, sedangkan kertas yang disobek tidak menghasilkan zat baru",Karna Pd saat sobekan kertas masih sama dan bisa di Sambungkan Tetapi Jika sudah tercampur Zat lain Contoh api jika api Di gabungkan maka kertas akan Terbakar dan menciptakan Suatu Zat baru,0,Jawaban Siswa
IPAS,"Jika suatu zat mengalami perubahan warna, apakah dapat dipastikan terjadi perubahan kimia? Jelaskan dengan contoh",Tentu saja contoh yaitu Batre Jika batre di taruh di air maka akan mengeluarkan dan berubah warna,3,Jawaban Siswa
IPAS,Jelaskan Pengertian Zat,zat adalah segala sesuatu yg memiliki massa dan menempati ruang,10,Jawaban Siswa
IPAS,Apa perbedaan antara perubahan fisika dan perubahan kimia? Berikan masing-masing dua contoh dalam kehidupan sehari-hari,"fisika tidak menghasilkan zat baru, hanya berubah bentuk atau wujud. Contoh es mencair dan kertas disobek. Kimia merupakan zat yang menghasilkan zat baru. Contoh besi berkarat dan kayu dibakar",10,Jawaban Siswa
IPAS,Mengapa pakan ternak yang membusuk termasuk perubahan kimia? Jelaskan,termasuk perubahan kimia karena terjadi reaksi oleh mikroorganisme yg menghasilkan zat baru gas dan bau busuk,10,Jawaban Siswa
IPAS,Sebutkan ciri-ciri terjadinya perubahan kimia,"menghasilkan zat baru, perubahan warna, timbul gas atau gelembung, timbul bau, dan perubahan suhu",10,Jawaban Siswa
IPAS,Gula yang dilarutkan dalam air tidak terlihat lagi bentuk aslinya. Apakah gula tersebut hilang atau berubah menjadi zat baru? Jelaskan berdasarkan jenis perubahannya,fisika karena tidak berbentuk zat baru,10,Jawaban Siswa
IPAS,Air yang membeku menjadi es sering dikatakan berubah menjadi zat baru karena bentuknya berbeda. Jelaskan berdasarkan konsep perubahan zat,fisika karena hanya berubah wujud,10,Jawaban Siswa
IPAS,"Mengapa pembakaran kertas menghasilkan zat baru, sedangkan kertas yang disobek tidak menghasilkan zat baru",pembakaran kertas merupakan zat kimia karena pembakaran menghasilkan zat baru (abu dan gas). Kertas disobek merupakan zat fisika karena hanya mengalami perubahan bentuk,10,Jawaban Siswa
IPAS,"Jika suatu zat mengalami perubahan warna, apakah dapat dipastikan terjadi perubahan kimia? Jelaskan dengan contoh","perubahan warna menunjukkan terbentuknya zat baru, contoh besi berubah warna menjadi soklat kemerahan saat berkarat",10,Jawaban Siswa
IPAS,Jelaskan Pengertian Zat,zat adalah segala sesuatu yg memiliki massa dan menempati ruang,10,Jawaban Siswa
IPAS,Apa perbedaan antara perubahan fisika dan perubahan kimia? Berikan masing-masing dua contoh dalam kehidupan sehari-hari,"perubahan Fisika merupakan perubahan yg hanya mengubah bentuk, wujud tanpa menghasilkan zat baru sedangkan perubahan kimia adalah perubahan yg menghasilkan zat baru umumnya bersifat permanen",10,Jawaban Siswa
IPAS,Mengapa pakan ternak yang membusuk termasuk perubahan kimia? Jelaskan,"karena banyak pembusukan zat yg menghasilkan zat baru diantaranya yaitu pembusukan karbohidrat menghasilkan zat baru seperti asam oksida, pembusukan protein menghasilkan zat baru seperti amonia, pembusukan lemak, menghasilkan zat baru seperti asam lemak",10,Jawaban Siswa
IPAS,Sebutkan ciri-ciri terjadinya perubahan kimia,"perubahan warna, terbentuknya endapan, terbentuknya gas, perubahan bau",10,Jawaban Siswa
IPAS,Gula yang dilarutkan dalam air tidak terlihat lagi bentuk aslinya. Apakah gula tersebut hilang atau berubah menjadi zat baru? Jelaskan berdasarkan jenis perubahannya,"gula yg dilarutkan dalam air tidak berubah menjadi zat baru, meskipun gula hilang (dari pandangan mata) tetapi rasa manis gula itu tidak hilang, ini menunjukkan bahwa gula tidak berubah menjadi zat baru. Gula mengalami perubahan bentuk dari padat  menjadi cair karena dilarutkan ke dalam air",10,Jawaban Siswa
IPAS,Air yang membeku menjadi es sering dikatakan berubah menjadi zat baru karena bentuknya berbeda. Jelaskan berdasarkan konsep perubahan zat,"air yang membeku menjadi es itu merupakan perubahan fisika (yg tidak menghasilkan zat baru), air yg masuk kedalam freezer akan membeku karna hawa dingin didalam. Proses ini merubah bentuk dari cair menjadi padat (tanpa zat baru) sedangkan jika menghasilkan zat baru itu contohnya seperti pembakaran kayu, lilin, dll. proses pembekuan ini hanya meruah bentuk saja tannpa menghasilkan zat baru.",10,Jawaban Siswa
IPAS,"Mengapa pembakaran kertas menghasilkan zat baru, sedangkan kertas yang disobek tidak menghasilkan zat baru","pembakaran kertas termasuk perubahan kimia karena terjadi pembakaran yg menghasilkan zat baru, kertas dibakar menghasilkan abu yg merupakan zat baru. Sedangkan kertas yg disobek tidak menghasilkan zat baru karen hanya berubah bentuk saja (tanpa zat baru) ini menunjukkan perubahan fisika",10,Jawaban Siswa
IPAS,"Jika suatu zat mengalami perubahan warna, apakah dapat dipastikan terjadi perubahan kimia? Jelaskan dengan contoh",Salah satu ciri perubahan kimi salah satunya itu perubahan warna. Jika salah satu Ciri itu ada maka perubahan tersebut termasuk kimia yg menghasilkan zat baru. Contoh besi berkarat yg awalnya warna abu silver menjadi seperti kecoklatan,10,Jawaban Siswa
IPAS,Jelaskan Pengertian Zat,"Zat adalah segala sesuatu yang memiliki massa yg enempati ruang zat dapat diklasifikasikan berdasarkan sifatnya, yaitu fisika dan kimia",10,Jawaban Siswa
IPAS,Apa perbedaan antara perubahan fisika dan perubahan kimia? Berikan masing-masing dua contoh dalam kehidupan sehari-hari,Perubahan fisika merupakan sifat yg dapat diukur dan diteliti tanpa mmengubah komposisi atau susunan zat. Contohnya kelarutan seperti minuman. Perubahan kimia merupakan zat untuk mengalami perubahan dan membentuk zat baru. Contohnya membakar sampah di depan rumah,10,Jawaban Siswa
IPAS,Mengapa pakan ternak yang membusuk termasuk perubahan kimia? Jelaskan,"karena prosesnya bisa menghasilkan zat baru yg berbeda dari komposisi aslinya, tidak bisa kembali ke bentuk semula. Seringkali berubah bau dan warna",10,Jawaban Siswa
IPAS,Sebutkan ciri-ciri terjadinya perubahan kimia,"perubahan warna, perubahan suhu, pembentukan gas, munculnya endapan, dan perubahan bau dan Ph",10,Jawaban Siswa
IPAS,Gula yang dilarutkan dalam air tidak terlihat lagi bentuk aslinya. Apakah gula tersebut hilang atau berubah menjadi zat baru? Jelaskan berdasarkan jenis perubahannya,"Tidak hilang dan tidak berubah menjadi zat baru. Proses ini dinamakan perubahan fisika, yaitu pelarutan, dan hanya mengubah bentuk, wujud, dan penampilan fisiknya",10,Jawaban Siswa
IPAS,Air yang membeku menjadi es sering dikatakan berubah menjadi zat baru karena bentuknya berbeda. Jelaskan berdasarkan konsep perubahan zat,perubahan fisika,0,Jawaban Siswa
IPAS,"Mengapa pembakaran kertas menghasilkan zat baru, sedangkan kertas yang disobek tidak menghasilkan zat baru",karena merupakan perubahan kimia yg mengubah struktur molekul akibat reaksi oksidasi dengan oksigen bersifat permanen,0,Jawaban Siswa
IPAS,"Jika suatu zat mengalami perubahan warna, apakah dapat dipastikan terjadi perubahan kimia? Jelaskan dengan contoh","tidak, perubahan warna pd suatu zat tidak dapat dipastikan sebagai tanda terjadi perubahan kimia, contoh : paku besi berkarat dan pembakaran",0,Jawaban Siswa
IPAS,Jelaskan Pengertian Zat,"zat adalah suatu yang dapat berubah cair, padat atau gas",5,Jawaban Siswa
IPAS,Apa perbedaan antara perubahan fisika dan perubahan kimia? Berikan masing-masing dua contoh dalam kehidupan sehari-hari,perubahan fisika tidak ada campuran kimia,0,Jawaban Siswa
IPAS,Mengapa pakan ternak yang membusuk termasuk perubahan kimia? Jelaskan,karna du fermentasi atau dibusukkan sehingga menghasilkan bahan kimia,10,Jawaban Siswa
IPAS,Sebutkan ciri-ciri terjadinya perubahan kimia,"membusuk, memiliki zat padat",0,Jawaban Siswa
IPAS,Gula yang dilarutkan dalam air tidak terlihat lagi bentuk aslinya. Apakah gula tersebut hilang atau berubah menjadi zat baru? Jelaskan berdasarkan jenis perubahannya,berubah menjadi zat cair karena dilarutkan,0,Jawaban Siswa
IPAS,Air yang membeku menjadi es sering dikatakan berubah menjadi zat baru karena bentuknya berbeda. Jelaskan berdasarkan konsep perubahan zat,zat cair ke zat padat,0,Jawaban Siswa
IPAS,"Mengapa pembakaran kertas menghasilkan zat baru, sedangkan kertas yang disobek tidak menghasilkan zat baru",karena terbakar dan berubah menjadi seperti abu makanya dinamakan zat baru,5,Jawaban Siswa
IPAS,"Jika suatu zat mengalami perubahan warna, apakah dapat dipastikan terjadi perubahan kimia? Jelaskan dengan contoh",ya,0,Jawaban Siswa
IPAS,Jelaskan Pengertian Zat,Zat merupakan sesuatu yang dapat berubah wujudnya,0,Jawaban Siswa
IPAS,Apa perbedaan antara perubahan fisika dan perubahan kimia? Berikan masing-masing dua contoh dalam kehidupan sehari-hari,perubahan kimia merupakan perubahan yg dapat kembali ke wujud aslinya. Sedangkan perubahan fisika dapt kembali ke wujud aslinya. Contoh kimia : Kertas yang dibakar. Contoh fisika : es batu yang meleleh menjadi cair dan lilin yang meleleh,5,Jawaban Siswa
IPAS,Mengapa pakan ternak yang membusuk termasuk perubahan kimia? Jelaskan,"iya, karena dapat menimbulkan bau yang tidak sedap",5,Jawaban Siswa
IPAS,Sebutkan ciri-ciri terjadinya perubahan kimia,"mulai berubah wujud aslinya dan tidak dapat kembali ke wujud semua, mengeluarkan bau atau asap, membusuk",10,Jawaban Siswa
IPAS,Gula yang dilarutkan dalam air tidak terlihat lagi bentuk aslinya. Apakah gula tersebut hilang atau berubah menjadi zat baru? Jelaskan berdasarkan jenis perubahannya,"iya, karena gula yang larut dalam air itu termasuk perubahan fisika",10,Jawaban Siswa
IPAS,Air yang membeku menjadi es sering dikatakan berubah menjadi zat baru karena bentuknya berbeda. Jelaskan berdasarkan konsep perubahan zat,"yaitu perubahan yang terjadi pada es tersebut, yaitu dari padat menjadi cair",5,Jawaban Siswa
IPAS,"Mengapa pembakaran kertas menghasilkan zat baru, sedangkan kertas yang disobek tidak menghasilkan zat baru","iya, karena kertas yang dibakar dapat mengeluarkan asap, berubah menjadi abu dan tidak bisa kembali ke wujud semula",5,Jawaban Siswa
IPAS,"Jika suatu zat mengalami perubahan warna, apakah dapat dipastikan terjadi perubahan kimia? Jelaskan dengan contoh","tidak, karena tidak berubah wujudnya, hanya warnanya saja, seperti buah yang busuk atau sayuran",10,Jawaban Siswa
IPAS,Jelaskan Pengertian Zat,"zat adalah molekul molekul yang ada dikehidupan kita seperti zat padat, cair, dan gas",5,Jawaban Siswa
IPAS,Apa perbedaan antara perubahan fisika dan perubahan kimia? Berikan masing-masing dua contoh dalam kehidupan sehari-hari,"Perubahan kimia adalah perubahan bentuk suatu zat, contoh kayu dibakar dengan api, api membakar kayu, menjadi arang. Perubahan fisika merupakan bentuk perubahan yang tidak merubah bentuk zat. Contoh air yang diletakkan didalam wadah lalu dipindahkan ke dalam wadah lain maka bentuk air akan tetap cair dan mengikuti bentuk wadah tersebut",10,Jawaban Siswa
IPAS,Mengapa pakan ternak yang membusuk termasuk perubahan kimia? Jelaskan,Karena bentuk pakan akan tetap sama tapi tumbuhan akan mati karena di makan bakteri,0,Jawaban Siswa
IPAS,Sebutkan ciri-ciri terjadinya perubahan kimia,besi semulanya mengkilat tapi jika terus terusan terkena air akan terpapar suhu ruang makan besi tersebut akan teroksidasi dan akan karatan tetapi tidak merubah bentuk besi tersebut,0,Jawaban Siswa
IPAS,Gula yang dilarutkan dalam air tidak terlihat lagi bentuk aslinya. Apakah gula tersebut hilang atau berubah menjadi zat baru? Jelaskan berdasarkan jenis perubahannya,"gula akan terurai oleh air dan akan menyatu dengan air, merupakan perubahan fisika",10,Jawaban Siswa
IPAS,Air yang membeku menjadi es sering dikatakan berubah menjadi zat baru karena bentuknya berbeda. Jelaskan berdasarkan konsep perubahan zat,"Perubahan es menjadi air itu dikarenakan dari suhu ruang atau dipanaskan es yang dipanaskan akan melelh dan menjadi air, air jika dipanaskan lebih lama akan menjadi gas",10,Jawaban Siswa
IPAS,"Mengapa pembakaran kertas menghasilkan zat baru, sedangkan kertas yang disobek tidak menghasilkan zat baru","Karena pembakaran akan melenyapkan keseluruhan fisik kertas dan mengubahny menjadi zat baru, sedangkan disobek fisik kertas akan tetap sama walaupun dirobek sekaligus",10,Jawaban Siswa
IPAS,"Jika suatu zat mengalami perubahan warna, apakah dapat dipastikan terjadi perubahan kimia? Jelaskan dengan contoh",Bisa. Contohnya karat pada besi,3,Jawaban Siswa
IPAS,Jelaskan Pengertian Zat,"Segala sesuatu yang memiliki massa, menempati ruang (memiliki volume) dan memiliki sifat tertentu",10,Jawaban Siswa
IPAS,Apa perbedaan antara perubahan fisika dan perubahan kimia? Berikan masing-masing dua contoh dalam kehidupan sehari-hari,"Perubahan fisika merupakan perubahan yang dapat mengubah bentuk, ukuran, atau wujud benda tanpa menghasilkan zat , contohnya es batu yang mencair, garam yang larut dalam air. Perubahan kimia merupakan perubahan yang menghasilkan zat baru dengan sifat berbeda, contohnya besi berkarat dan kertas dibakar",10,Jawaban Siswa
IPAS,Mengapa pakan ternak yang membusuk termasuk perubahan kimia? Jelaskan,"karena proses tersebut menghasilkan zat baru yang memiliki sifat berbeda dari pakan aslinya, serta tidak dapat kembali ke bentuk semula",10,Jawaban Siswa
IPAS,Sebutkan ciri-ciri terjadinya perubahan kimia,"terbentuknya zat baru, perubahan warna, timbulnya gas, dan perubahan suhu",10,Jawaban Siswa
IPAS,Gula yang dilarutkan dalam air tidak terlihat lagi bentuk aslinya. Apakah gula tersebut hilang atau berubah menjadi zat baru? Jelaskan berdasarkan jenis perubahannya,gula yang dilarutkan dalam air akan mencair yaitu perubahan zat padat menjadi zat cair,0,Jawaban Siswa
IPAS,Air yang membeku menjadi es sering dikatakan berubah menjadi zat baru karena bentuknya berbeda. Jelaskan berdasarkan konsep perubahan zat,"air yang berubah menjadi es batu, karena dibekukan yang biasnya ditaruh didalam kulkas yaitu Perubahan zat cair menjadi zat padat",10,Jawaban Siswa
IPAS,"Mengapa pembakaran kertas menghasilkan zat baru, sedangkan kertas yang disobek tidak menghasilkan zat baru",karena kertas yang dibakar akan hangus dan menjadi  abu sedangkan kertas yang disobek ia tetap namun kertasnya sobek,10,Jawaban Siswa
IPAS,"Jika suatu zat mengalami perubahan warna, apakah dapat dipastikan terjadi perubahan kimia? Jelaskan dengan contoh","karena warnanya berubah, contoh pakan ternak yang membusuk",0,Jawaban Siswa
IPAS,Jelaskan Pengertian Zat,zat adalah merupakan perubahan kimia,0,Jawaban Siswa
IPAS,Apa perbedaan antara perubahan fisika dan perubahan kimia? Berikan masing-masing dua contoh dalam kehidupan sehari-hari,Oerubahan fisika bisa kembali semula sedangkan ilimiah tidak bisa,0,Jawaban Siswa
IPAS,Mengapa pakan ternak yang membusuk termasuk perubahan kimia? Jelaskan,"menghasilkan zat baru, tidak dapat kembali ke semula",10,Jawaban Siswa
IPAS,Sebutkan ciri-ciri terjadinya perubahan kimia,"perubahan warna, perubahan suhu, perubahan rasa",5,Jawaban Siswa
IPAS,Gula yang dilarutkan dalam air tidak terlihat lagi bentuk aslinya. Apakah gula tersebut hilang atau berubah menjadi zat baru? Jelaskan berdasarkan jenis perubahannya,zat padat menjadi cair,0,Jawaban Siswa
IPAS,Air yang membeku menjadi es sering dikatakan berubah menjadi zat baru karena bentuknya berbeda. Jelaskan berdasarkan konsep perubahan zat,zat cair menjadi padat,0,Jawaban Siswa
IPAS,"Mengapa pembakaran kertas menghasilkan zat baru, sedangkan kertas yang disobek tidak menghasilkan zat baru",kertas yang di robek akan menjadi perubahan bentuk,0,Jawaban Siswa
IPAS,"Jika suatu zat mengalami perubahan warna, apakah dapat dipastikan terjadi perubahan kimia? Jelaskan dengan contoh","bisa dipastikan perubahan kimia karena warnanya berubah, contoh pakan ternak yang difermentasi, pakan ternak yang membusuk atau basi",10,Jawaban Siswa
IPAS,Jelaskan Pengertian Zat,"zat adalah segala sesuatu yang memiliki masa, menempati ruang, memiliki volume, dan memiliki komposisi serta sifat tertentu.",10,Jawaban Siswa
IPAS,Apa perbedaan antara perubahan fisika dan perubahan kimia? Berikan masing-masing dua contoh dalam kehidupan sehari-hari,"Perubahan fisika umumnya bisa kembali ke semula. Sedangkan perubahan kimia tidak. Contoh fisika, es batu mencair yaitu es berubah wujud dari padat menjadi cair. Contoh kimia, kertas yang dibakar menjadi abu, asap, dan gas yang tidak bisa kembali menjadi kertas",10,Jawaban Siswa
IPAS,Mengapa pakan ternak yang membusuk termasuk perubahan kimia? Jelaskan,Karena proses tersebut menghasilkan zat baru dan tidak dapat kembali ke semula,10,Jawaban Siswa
IPAS,Sebutkan ciri-ciri terjadinya perubahan kimia,"Perubahan warna, perubahan suhu, serta perubahan bau",5,Jawaban Siswa
IPAS,Gula yang dilarutkan dalam air tidak terlihat lagi bentuk aslinya. Apakah gula tersebut hilang atau berubah menjadi zat baru? Jelaskan berdasarkan jenis perubahannya,Gula yang awalnya padat bisa mencair karena dipanaskan dan menjadi zat cair,0,Jawaban Siswa
IPAS,Air yang membeku menjadi es sering dikatakan berubah menjadi zat baru karena bentuknya berbeda. Jelaskan berdasarkan konsep perubahan zat,Perubahan zat cair menjadi zat padat,0,Jawaban Siswa
IPAS,"Mengapa pembakaran kertas menghasilkan zat baru, sedangkan kertas yang disobek tidak menghasilkan zat baru","karena kertas yang dibakar menghasilkan abu, asap, dan gas. Sedangkan kertas yang hanya disobek tdk menghasilkan zat baru hanya saja terjadi perubahan bentuk.",10,Jawaban Siswa
IPAS,"Jika suatu zat mengalami perubahan warna, apakah dapat dipastikan terjadi perubahan kimia? Jelaskan dengan contoh","Bisa dipastikan perubahan kimia karena warnanya yang berubah, contoh pakan ternak yang di fermentasi dan pakan ternak yang membusuk",10,Jawaban Siswa
IPAS,Jelaskan Pengertian Zat,zat adalah sesuatu yang bisa diubah,0,Jawaban Siswa
IPAS,Apa perbedaan antara perubahan fisika dan perubahan kimia? Berikan masing-masing dua contoh dalam kehidupan sehari-hari,Perubahan fisika tidak menghasilkan zat baru,5,Jawaban Siswa
IPAS,Mengapa pakan ternak yang membusuk termasuk perubahan kimia? Jelaskan,karena terjadi reaksi kimia yg menghasilkan zat baru,5,Jawaban Siswa
IPAS,Sebutkan ciri-ciri terjadinya perubahan kimia,"esbatu ditaruh ditempat yg panas akan mencair, akan menjadi zat cair",0,Jawaban Siswa
IPAS,Gula yang dilarutkan dalam air tidak terlihat lagi bentuk aslinya. Apakah gula tersebut hilang atau berubah menjadi zat baru? Jelaskan berdasarkan jenis perubahannya,Gula akan menjadi zat cair,0,Jawaban Siswa
IPAS,Air yang membeku menjadi es sering dikatakan berubah menjadi zat baru karena bentuknya berbeda. Jelaskan berdasarkan konsep perubahan zat,karena es batu kotak ditaruh di suhu yg panas akan enghasilkan zat cair,10,Jawaban Siswa
IPAS,"Mengapa pembakaran kertas menghasilkan zat baru, sedangkan kertas yang disobek tidak menghasilkan zat baru",kalo kertas dibakar akan menghasilkan zat uap,0,Jawaban Siswa
IPAS,"Jika suatu zat mengalami perubahan warna, apakah dapat dipastikan terjadi perubahan kimia? Jelaskan dengan contoh",akan mengalami persebaran zat kimia,0,Jawaban Siswa
IPAS,Jelaskan Pengertian Zat,Zat adalah sesuatu yang bisa di rubah atau segala sesuatu yang memiliki massa dan menempati ruang,10,Jawaban Siswa
IPAS,Apa perbedaan antara perubahan fisika dan perubahan kimia? Berikan masing-masing dua contoh dalam kehidupan sehari-hari,"Perubahan fisika tidak menghasilkan zat baru hanya berubah bentuk, contoh es batu yang mencair. Perubahan kimia menghasilkan zat baru, contoh besi berkarat dan kayu dibakar",10,Jawaban Siswa
IPAS,Mengapa pakan ternak yang membusuk termasuk perubahan kimia? Jelaskan,karena terjadi reaksi kimia yg menghasilkan zat baru,10,Jawaban Siswa
IPAS,Sebutkan ciri-ciri terjadinya perubahan kimia,"terbentuknya zat baru, terjadi perubahan warna, timbul bau",7,Jawaban Siswa
IPAS,Gula yang dilarutkan dalam air tidak terlihat lagi bentuk aslinya. Apakah gula tersebut hilang atau berubah menjadi zat baru? Jelaskan berdasarkan jenis perubahannya,Tidak menjadi zat baru itu termasuk perubahan fisika,0,Jawaban Siswa
IPAS,Air yang membeku menjadi es sering dikatakan berubah menjadi zat baru karena bentuknya berbeda. Jelaskan berdasarkan konsep perubahan zat,karena air memiliki masa menempati ruang,0,Jawaban Siswa
IPAS,"Mengapa pembakaran kertas menghasilkan zat baru, sedangkan kertas yang disobek tidak menghasilkan zat baru",karena pembakaran kertas terjadi reaksi kimia yg menghasilkan gas,5,Jawaban Siswa
IPAS,"Jika suatu zat mengalami perubahan warna, apakah dapat dipastikan terjadi perubahan kimia? Jelaskan dengan contoh","tidak mesti, contoh perubahan warna fisika adalah kain di celup ke pewarna. Contoh perubahan kimia adalah besi berkarat menjadi coklat",7,Jawaban Siswa
IPAS,Jelaskan Pengertian Zat,zat dibagi menjadi zat cair dan zat beku,0,Jawaban Siswa
IPAS,Apa perbedaan antara perubahan fisika dan perubahan kimia? Berikan masing-masing dua contoh dalam kehidupan sehari-hari,Fisika menggunakan Pikiran. Contohnya mau berangkat sekolah dan bermain-main di lingkungan rumah. Kimia adalah perkara yang bisa berubah contohnya memberi makan peliharaan dan mengasih atau berganti pakaian atau perkara yang busuk,0,Jawaban Siswa
IPAS,Mengapa pakan ternak yang membusuk termasuk perubahan kimia? Jelaskan,"karena pakan ternak terlalu lama tidak di buat atau kelamaan untuk di berikan kepada  ternak tersebut, sehingga berubah menjadi kimia",10,Jawaban Siswa
IPAS,Sebutkan ciri-ciri terjadinya perubahan kimia,Perbedaan. Contohnya berubah seperti yang awal dan baunya berubah,5,Jawaban Siswa
IPAS,Gula yang dilarutkan dalam air tidak terlihat lagi bentuk aslinya. Apakah gula tersebut hilang atau berubah menjadi zat baru? Jelaskan berdasarkan jenis perubahannya,berubah menjadi zat baru yitu zat cair karena  gula yang pertama kasar terus kena air menjadi cair dan warnanya berubah,0,Jawaban Siswa
IPAS,Air yang membeku menjadi es sering dikatakan berubah menjadi zat baru karena bentuknya berbeda. Jelaskan berdasarkan konsep perubahan zat,karena air memiliki masa menempati ruang,0,Jawaban Siswa
IPAS,"Mengapa pembakaran kertas menghasilkan zat baru, sedangkan kertas yang disobek tidak menghasilkan zat baru","karena kertas yang dibakar menghasilkan abu, asap, dan gas. Sedangkan kertas yang hanya disobek tdk menghasilkan zat baru hanya saja terjadi perubahan bentuk.",10,Jawaban Siswa
IPAS,"Jika suatu zat mengalami perubahan warna, apakah dapat dipastikan terjadi perubahan kimia? Jelaskan dengan contoh","Bisa dipastikan perubahan kimia karena warnanya yang berubah, contoh pakan ternak yang di fermentasi dan pakan ternak yang membusuk",10,Jawaban Siswa
IPAS,Jelaskan Pengertian Zat,"Zat itu memilki volume atau menempati ruang, memiliki massa",10,Jawaban Siswa
IPAS,Apa perbedaan antara perubahan fisika dan perubahan kimia? Berikan masing-masing dua contoh dalam kehidupan sehari-hari,"Perubahan fisika, tidak menghasilkan zat baru dan bisa kembali seperti semula, contoh es batu mencair. Perubahan kimia, menghasilkan zat baru dan sulit kembali seperti semula, contoh besi berkarat dan buah yang membusuk",10,Jawaban Siswa
IPAS,Mengapa pakan ternak yang membusuk termasuk perubahan kimia? Jelaskan,karena terjadi reaksi kimia yg menghasilkan zat baru,5,Jawaban Siswa
IPAS,Sebutkan ciri-ciri terjadinya perubahan kimia,"terbentuknya zat baru, perubahan warna, timbulnya gas, dan perubahan suhu",10,Jawaban Siswa
IPAS,Gula yang dilarutkan dalam air tidak terlihat lagi bentuk aslinya. Apakah gula tersebut hilang atau berubah menjadi zat baru? Jelaskan berdasarkan jenis perubahannya,"iya, karena gula yang larut dalam air itu termasuk perubahan fisika",10,Jawaban Siswa
IPAS,Air yang membeku menjadi es sering dikatakan berubah menjadi zat baru karena bentuknya berbeda. Jelaskan berdasarkan konsep perubahan zat,Perubahan zat cair menjadi zat padat,0,Jawaban Siswa
IPAS,"Mengapa pembakaran kertas menghasilkan zat baru, sedangkan kertas yang disobek tidak menghasilkan zat baru",karena kertas yang dibakar akan hangus dan menjadi  abu sedangkan kertas yang disobek ia tetap namun kertasnya sobek,10,Jawaban Siswa
IPAS,"Jika suatu zat mengalami perubahan warna, apakah dapat dipastikan terjadi perubahan kimia? Jelaskan dengan contoh",Bisa. Contohnya karat pada besi,3,Jawaban Siswa
Pendidikan Pancasila,"Pada salah satu bait di kitab tersebut (sutasoma) terdapat kalimat yang kemudian kita jadikan sebagai semboya Republik Indonesia, yakni ""Bhinneka Tunggal Ika"" yang berarti berbeda-beda, tetapi tetap satu jua. Semboyan bhinneka tunggal ika merupakan respon dari Mpu Tantular terhadap?",Bangsa Indonesia,0,Jawaban Siswa
Pendidikan Pancasila,narasikan apakah itu bhineka tunggal ika?,"Bhineka Tunggal ika yaitu berbeda tetapi tetap satu jua, sembyan ini menegakkan arti Persatuan di tengah Keberagaman ras, suku, agama dan budaya",10,Jawaban Siswa
Pendidikan Pancasila,Bhinneka tunggal ika tan hana dharma mangrwa. Coba cari makna atau arti dari kalimat tersebut!,"Berbeda-beda tetapi tetap satu jua, meskipun berbeda janganlah berpecah belah",5,Jawaban Siswa
Pendidikan Pancasila,Indonesia adalah negara yang memiliki penduduk heterogen dengan wilayah kepulauan yang terdiri atas belasan ribu pulau yang satu sama lain dipersatukan oleh selat dan laut. Coba jelaskan apa makna yang terkandung dalam hubungan bangsa Indonesia dengan bhineka tunggal ika?,"makna yang terkandung dalam hubungan bangsa Indonesia yaitu kita itu tidak boleh membeda bedakan meskipun berbeda-beda ras, suku, agama, dan budaya karena kita itu satu",5,Jawaban Siswa
Pendidikan Pancasila,Apakah sebenarnya makna dari BHINEKA TUNGGAL IKA dalam kitab sutasoma tersebut?,"makna BHINEKA TUNGGAL IKA dalam kitab sutasoma yaitu Berbeda beda tetapi tetap satu jua, jangan jadikan Perbedaansebagai  perpecahan tapi jadikan perbedaan sebagai persatuan",5,Jawaban Siswa
Pendidikan Pancasila,"Makna bhinneka tunggal ika secara kontekstual ialah perbedaan dalam keberagaman dan merupakan kesatuan dari bangsa Indonesia. Kalimat bhinneka tunggal ika mengandung dua unsur, yaitu keberagaman dan kesatuan. Jelaskan!","Keberagaman, di Indonesia ada berbagai macam keragaman seperti ras, suku, agama, dan budaya. Kesatuan, maka dengan adanya perbedaan itu kita harus tetap bersatu dan jadikn perbedaan itu sebgai kesatuan",5,Jawaban Siswa
Pendidikan Pancasila,Apa yang kalian ketahui tentang system ekonomi Pancasila?,"Sustem ekonomi pancasila yaitu sebagai  landasan dan operation untuk mewujudkan keadilan sosial, kemakmuran, dan kesejahteraan yg merata bagi seluruh rajyat Indonesia",5,Jawaban Siswa
Pendidikan Pancasila,Jelaskan apa makna penting dari gotong royong?,"Gotong royong adalah kegiatan bekerja bersama, tolong menolong, dan bantu membantu secara  sukarela untuk mencapai tujuan bersama",10,Jawaban Siswa
Pendidikan Pancasila,"Konsep gotong royong mengandung makna bekerja sama secara nyata, baik secara fisik maupun nonfisik. Jelaskan apa yang dimaksud dengan gotong royong fisik dan nonfisik! Berikan contohnya!",gotong royong fisik yaitu dg kita membantu menggunakan fisik kita sendiri atau dengan tenaga kita. Contohnya membersihkan selokan bersama. Gotong royong non fisik yaitu kita tidak menggunakan fisik kita melainkan membantu dengan cara kita menyumbangkan uang kepada masjid yg sedang proses pembangunan,5,Jawaban Siswa
Pendidikan Pancasila,"Sebagai identitas budaya bangsa Indonesia, tradisi gotong royong sarat dengan nilai-nilai luhur. Berikut ini nilai-nilai luhur yang terkandung dalam tradisi gotong royong, kecuali",tidak menyukai kebersamaan,10,Jawaban Siswa
Pendidikan Pancasila,"Pada salah satu bait di kitab tersebut (sutasoma) terdapat kalimat yang kemudian kita jadikan sebagai semboya Republik Indonesia, yakni ""Bhinneka Tunggal Ika"" yang berarti berbeda-beda, tetapi tetap satu jua. Semboyan bhinneka tunggal ika merupakan respon dari Mpu Tantular terhadap?",Semboyan bhineka tunggal ika erupakan respons dari mpu tertukar terhadp,0,Jawaban Siswa
Pendidikan Pancasila,narasikan apakah itu bhineka tunggal ika?,"bhineka tunggal ika yg artinya berbeda--beda, tetapi tetap satu jua, dan juga memiliki nilai keberagaman dan kesatuan republik Indonesia",10,Jawaban Siswa
Pendidikan Pancasila,Bhinneka tunggal ika tan hana dharma mangrwa. Coba cari makna atau arti dari kalimat tersebut!,bhinneka tunggal ika tan hana dharma magrwa yang artinya perbedaan antar keberagaman merupakan kesatuan dari bangsa Indonesia,0,Jawaban Siswa
Pendidikan Pancasila,Indonesia adalah negara yang memiliki penduduk heterogen dengan wilayah kepulauan yang terdiri atas belasan ribu pulau yang satu sama lain dipersatukan oleh selat dan laut. Coba jelaskan apa makna yang terkandung dalam hubungan bangsa Indonesia dengan bhineka tunggal ika?,"makna yg terkandung dalam hubungan bangsa Indonesia dengan bhinneka tunggal ika yaitu kita tidak boleh membedakan antar suku, ras, budaya, meskipun kita berbeda namun harus tetap bersatu",5,Jawaban Siswa
Pendidikan Pancasila,Apakah sebenarnya makna dari BHINEKA TUNGGAL IKA dalam kitab sutasoma tersebut?,"menurut kitab sutasoma BHINNEKA TUNGGAL IKA ang bermakna berbeda beda tapi tetap satu jua, jangan menganggap perbedaan itu pecahan tapi anggap lah pecahan itu sebgai persatuan",10,Jawaban Siswa
Pendidikan Pancasila,"Makna bhinneka tunggal ika secara kontekstual ialah perbedaan dalam keberagaman dan merupakan kesatuan dari bangsa Indonesia. Kalimat bhinneka tunggal ika mengandung dua unsur, yaitu keberagaman dan kesatuan. Jelaskan!","bhinneka tunggal ika memiliki dua unsur yaitu keberagaman yg artinya Indonesia memiliki suku, bangsa, dan agama masing-masing dan kesatuan itu adalah suatu bentuk persatuan antara mereka yang berbeda, jadi meskipun kita beda suku bangsa dan agama kita harus tetap bersatu dlam republik Indonesia",10,Jawaban Siswa
Pendidikan Pancasila,Apa yang kalian ketahui tentang system ekonomi Pancasila?,"Sistem ekonomi pancasila yaitu sebagai landasan untuk mewujudkan keadilan sosial, kemakmuran dan kesejahteraan yang merata bagi seluruh rakyat Indonesia",5,Jawaban Siswa
Pendidikan Pancasila,Jelaskan apa makna penting dari gotong royong?,makna penting dari gotong royong adalah suatu pekerjaan yang dilakukan secara bersama sama atau dilakukan dengan berkelompok,10,Jawaban Siswa
Pendidikan Pancasila,"Konsep gotong royong mengandung makna bekerja sama secara nyata, baik secara fisik maupun nonfisik. Jelaskan apa yang dimaksud dengan gotong royong fisik dan nonfisik! Berikan contohnya!","gotong royong fisik seperti melakukan kerja bakti di lingkungan, contohnya membersihkan suatu lingkungan dengan bantuan tenaga. Gotong royon non fisik mungkin seperti bekerja kelompok dalam sekolah atau kelas pada waktu pembelajaran yang hanya dilakukan oleh pikiran (tidak menggunakan tenaga)",10,Jawaban Siswa
Pendidikan Pancasila,"Sebagai identitas budaya bangsa Indonesia, tradisi gotong royong sarat dengan nilai-nilai luhur. Berikut ini nilai-nilai luhur yang terkandung dalam tradisi gotong royong, kecuali",maknanya ,0,Jawaban Siswa
Pendidikan Pancasila,"Pada salah satu bait di kitab tersebut (sutasoma) terdapat kalimat yang kemudian kita jadikan sebagai semboya Republik Indonesia, yakni ""Bhinneka Tunggal Ika"" yang berarti berbeda-beda, tetapi tetap satu jua. Semboyan bhinneka tunggal ika merupakan respon dari Mpu Tantular terhadap?",Terhadap keberagaan dan kesatuan,0,Jawaban Siswa
Pendidikan Pancasila,narasikan apakah itu bhineka tunggal ika?,"bhinneka tunggal ika yaitu berbeda-beda, berbeda secara Fisik, Kepercayaan, bahasa, budaya, suku tetapi tetap satu jua atau satu tujuan",5,Jawaban Siswa
Pendidikan Pancasila,Bhinneka tunggal ika tan hana dharma mangrwa. Coba cari makna atau arti dari kalimat tersebut!,"Berbeda-beda, tetapi tetap satu jua",5,Jawaban Siswa
Pendidikan Pancasila,Indonesia adalah negara yang memiliki penduduk heterogen dengan wilayah kepulauan yang terdiri atas belasan ribu pulau yang satu sama lain dipersatukan oleh selat dan laut. Coba jelaskan apa makna yang terkandung dalam hubungan bangsa Indonesia dengan bhineka tunggal ika?,walau indonesia terdiri dari berbagai Macam pulau dan perbedaan yang sangat jauh kita tetapi punya tujuan yang sama yaitu  agar indonesia menjadi lebih berkembang dan maju,5,Jawaban Siswa
Pendidikan Pancasila,Apakah sebenarnya makna dari BHINEKA TUNGGAL IKA dalam kitab sutasoma tersebut?,Maknanya adalah agar kita dapat Menghargai walaupun berbeda-beda,5,Jawaban Siswa
Pendidikan Pancasila,"Makna bhinneka tunggal ika secara kontekstual ialah perbedaan dalam keberagaman dan merupakan kesatuan dari bangsa Indonesia. Kalimat bhinneka tunggal ika mengandung dua unsur, yaitu keberagaman dan kesatuan. Jelaskan!",keberagaman yaitu yang berarti beragam yaitu berbeda-beda. Kesatuan yaitu tujuan yang sama,5,Jawaban Siswa
Pendidikan Pancasila,Apa yang kalian ketahui tentang system ekonomi Pancasila?,System ekonomi Pancasila yaitu berupa pembayaran pajak yang wajib agar untuk membangun lebih cepat entah itu pembangungan jalan ataupun bantuan-bantuan yang diterima oleh rakyat kurang mampu,0,Jawaban Siswa
Pendidikan Pancasila,Jelaskan apa makna penting dari gotong royong?,Gotong royong adalah Saling membantu Sama lain agar mempermudah pekerjaan gotong royong juga Meningkatkan kekompakan dalam tim baik fisik maupun non fisik,10,Jawaban Siswa
Pendidikan Pancasila,"Konsep gotong royong mengandung makna bekerja sama secara nyata, baik secara fisik maupun nonfisik. Jelaskan apa yang dimaksud dengan gotong royong fisik dan nonfisik! Berikan contohnya!","Gotong royong fisik yaitu Gotong royong yang menggunakan tenaga, contoh kerja bakti dalam Masyarakat Maupun dalam Sekolahan. Gotong royong non fisik yaitu Gotong royong yang tida memerlukan tenaga tetapi Memerlukan fikiran atau keputusan dalam anggota, contohnya kerja kelompok pada saat Membelajaran, pemilihan ketua kelas, pemilihan RT atau RW",10,Jawaban Siswa
Pendidikan Pancasila,"Sebagai identitas budaya bangsa Indonesia, tradisi gotong royong sarat dengan nilai-nilai luhur. Berikut ini nilai-nilai luhur yang terkandung dalam tradisi gotong royong, kecuali","Semaunya sendiri, tidak mau menerima pendapat orang lain, Individu, keras kepala, Bermalas malasan",10,Jawaban Siswa
Pendidikan Pancasila,"Pada salah satu bait di kitab tersebut (sutasoma) terdapat kalimat yang kemudian kita jadikan sebagai semboya Republik Indonesia, yakni ""Bhinneka Tunggal Ika"" yang berarti berbeda-beda, tetapi tetap satu jua. Semboyan bhinneka tunggal ika merupakan respon dari Mpu Tantular terhadap?",Indonesia,0,Jawaban Siswa
Pendidikan Pancasila,narasikan apakah itu bhineka tunggal ika?,"berbeda beda tetapi tetap satu jua, perbedaan dalam keberagaman",5,Jawaban Siswa
Pendidikan Pancasila,Bhinneka tunggal ika tan hana dharma mangrwa. Coba cari makna atau arti dari kalimat tersebut!,"Bhinneka tunggal ika yang berarti berbeda beda tetapi tetap satu jua, Semboyan Republik Indonesia",5,Jawaban Siswa
Pendidikan Pancasila,Indonesia adalah negara yang memiliki penduduk heterogen dengan wilayah kepulauan yang terdiri atas belasan ribu pulau yang satu sama lain dipersatukan oleh selat dan laut. Coba jelaskan apa makna yang terkandung dalam hubungan bangsa Indonesia dengan bhineka tunggal ika?,tergantung dalam bangsa Indonesia,0,Jawaban Siswa
Pendidikan Pancasila,Apakah sebenarnya makna dari BHINEKA TUNGGAL IKA dalam kitab sutasoma tersebut?,Semboyan Republik indonesia,0,Jawaban Siswa
Pendidikan Pancasila,"Makna bhinneka tunggal ika secara kontekstual ialah perbedaan dalam keberagaman dan merupakan kesatuan dari bangsa Indonesia. Kalimat bhinneka tunggal ika mengandung dua unsur, yaitu keberagaman dan kesatuan. Jelaskan!",berbeda dalam keberagaman kesatuan kita harus menyatu,0,Jawaban Siswa
Pendidikan Pancasila,Apa yang kalian ketahui tentang system ekonomi Pancasila?,gotong royong,0,Jawaban Siswa
Pendidikan Pancasila,Jelaskan apa makna penting dari gotong royong?,Saling membantu bersama atau bekerjasama secara nyata baik secara Fisik maupun non Fisik,10,Jawaban Siswa
Pendidikan Pancasila,"Konsep gotong royong mengandung makna bekerja sama secara nyata, baik secara fisik maupun nonfisik. Jelaskan apa yang dimaksud dengan gotong royong fisik dan nonfisik! Berikan contohnya!",Fisik merupakan gotong royong secara Fisik yaitu bekerja sama secara nyata dan saling membantu. Nonfisik yaitu seperti memakai alat teknologi sekarang atau alat-alat canggih yang diperlukan,10,Jawaban Siswa
Pendidikan Pancasila,"Sebagai identitas budaya bangsa Indonesia, tradisi gotong royong sarat dengan nilai-nilai luhur. Berikut ini nilai-nilai luhur yang terkandung dalam tradisi gotong royong, kecuali",Nilai nilai luhur,10,Jawaban Siswa
Pendidikan Pancasila,"Pada salah satu bait di kitab tersebut (sutasoma) terdapat kalimat yang kemudian kita jadikan sebagai semboya Republik Indonesia, yakni ""Bhinneka Tunggal Ika"" yang berarti berbeda-beda, tetapi tetap satu jua. Semboyan bhinneka tunggal ika merupakan respon dari Mpu Tantular terhadap?",Bhinneka tunggal ika berarti berbeda-beda tetapi tetap satu jua atau perbedaan dalam keberagaman merupakan kesatuan dari bahasa indonesia,10,Jawaban Siswa
Pendidikan Pancasila,narasikan apakah itu bhineka tunggal ika?,Seluruh bangsa indonesia,0,Jawaban Siswa
Pendidikan Pancasila,Bhinneka tunggal ika tan hana dharma mangrwa. Coba cari makna atau arti dari kalimat tersebut!,Bhinneka tunggal ika tan hana dharma mangrwa artinya adalah semboyan bangsa kita adalah bhineka tunggal ika,0,Jawaban Siswa
Pendidikan Pancasila,Indonesia adalah negara yang memiliki penduduk heterogen dengan wilayah kepulauan yang terdiri atas belasan ribu pulau yang satu sama lain dipersatukan oleh selat dan laut. Coba jelaskan apa makna yang terkandung dalam hubungan bangsa Indonesia dengan bhineka tunggal ika?,"Indonesia merupakan negara yg memiliki belasan ribu pulau, hubungan Indonesia terhadap bhinneka tunggal ika adalah meskipun indonesia mempunyai beragam pulau, beragam suku, budaya, dan ras merek aitu tetap satu",5,Jawaban Siswa
Pendidikan Pancasila,Apakah sebenarnya makna dari BHINEKA TUNGGAL IKA dalam kitab sutasoma tersebut?,"meskipun berbeda ras, suku, bahasa, budaya, dll. Indonesia akan tetap satu sama hanya dengan arti dari bhinneka tunggal ika tersebut ""berbeda-beda tetapi tetap satu jua""",5,Jawaban Siswa
Pendidikan Pancasila,"Makna bhinneka tunggal ika secara kontekstual ialah perbedaan dalam keberagaman dan merupakan kesatuan dari bangsa Indonesia. Kalimat bhinneka tunggal ika mengandung dua unsur, yaitu keberagaman dan kesatuan. Jelaskan!","Keberagaman berarti indonesia memiliki banyak keberagaman suku, ras, budaya, dan lain lain sedangkan kesatuan berarti indonesia harus tetap menjadi satu atau menjaga negaranya supaya tidak dijajah oleh negara lain lagi oleh karena itu Indonesia harus tetap menjadi satu apapun masalahnya",5,Jawaban Siswa
Pendidikan Pancasila,Apa yang kalian ketahui tentang system ekonomi Pancasila?,"Sistem ekonomi pancasila adalah sistem yg menerangkan tentang pengertian ekonomi, masalah yang ada di ekonomi, dampak ekonomi dan sebagainya",0,Jawaban Siswa
Pendidikan Pancasila,Jelaskan apa makna penting dari gotong royong?,"Gotong royong yaitu membantu menyelesaikan masalah secara bersama-sama agar masalah yang dihadapi bisa cepat selesai. Seperti misalkan ada selokan yang tersumbat, kita harus mengajak semua warga untuk gotong royong membersihkan selokan tersebut supaya tidak tersumbat lagi dan bisa bersih",10,Jawaban Siswa
Pendidikan Pancasila,"Konsep gotong royong mengandung makna bekerja sama secara nyata, baik secara fisik maupun nonfisik. Jelaskan apa yang dimaksud dengan gotong royong fisik dan nonfisik! Berikan contohnya!","Gotong royong fisik yaitu bekerja sama menggunakan anggota badan yang kita miliki. Gotong royong nonfisik yaitu kebalikan dari gotong royong fisik, bisa jadi kita bekerja sama mengumpulkan uang untuk membantu anak-anak yatim dan korban bencana alam",10,Jawaban Siswa
Pendidikan Pancasila,"Sebagai identitas budaya bangsa Indonesia, tradisi gotong royong sarat dengan nilai-nilai luhur. Berikut ini nilai-nilai luhur yang terkandung dalam tradisi gotong royong, kecuali",tidak tau,0,Jawaban Siswa
Pendidikan Pancasila,"Pada salah satu bait di kitab tersebut (sutasoma) terdapat kalimat yang kemudian kita jadikan sebagai semboya Republik Indonesia, yakni ""Bhinneka Tunggal Ika"" yang berarti berbeda-beda, tetapi tetap satu jua. Semboyan bhinneka tunggal ika merupakan respon dari Mpu Tantular terhadap?",perbedaan agama antara Hindu dan budha pada kerajaan majapahit,0,Jawaban Siswa
Pendidikan Pancasila,narasikan apakah itu bhineka tunggal ika?,"Berbeda-beda, tetapi tetap satu jua",0,Jawaban Siswa
Pendidikan Pancasila,Bhinneka tunggal ika tan hana dharma mangrwa. Coba cari makna atau arti dari kalimat tersebut!,"berasal dari bahasa jawa kuno (kawi), berbeda- beda satu itu tidak ada  kebenaran atau ajaran mendua atau berbeda-beda",10,Jawaban Siswa
Pendidikan Pancasila,Indonesia adalah negara yang memiliki penduduk heterogen dengan wilayah kepulauan yang terdiri atas belasan ribu pulau yang satu sama lain dipersatukan oleh selat dan laut. Coba jelaskan apa makna yang terkandung dalam hubungan bangsa Indonesia dengan bhineka tunggal ika?,"dalam hubungan dengan bangsa indonesia sangat dalam, karena semboyan ini bukan terkait slogan, tetapi fondasi kehidupan dan bernegara",10,Jawaban Siswa
Pendidikan Pancasila,Apakah sebenarnya makna dari BHINEKA TUNGGAL IKA dalam kitab sutasoma tersebut?,kitab kakawin sutasoma karya Mpu Tantular adalah ajaran tentang persatuan hakikat ditengah perbedaan ajaran.,10,Jawaban Siswa
Pendidikan Pancasila,"Makna bhinneka tunggal ika secara kontekstual ialah perbedaan dalam keberagaman dan merupakan kesatuan dari bangsa Indonesia. Kalimat bhinneka tunggal ika mengandung dua unsur, yaitu keberagaman dan kesatuan. Jelaskan!","keberagaman (bhinneka) dan kesatuan (tunggal ika), dalam kitab kakawin sutasoma karya Mpu Tantular kedua unsur ini seimbang dan saling melengkapi",5,Jawaban Siswa
Pendidikan Pancasila,Apa yang kalian ketahui tentang system ekonomi Pancasila?,sistem  yg berlandasan pada nilai-nilai pancasila sebagai dasar negara indonesia,10,Jawaban Siswa
Pendidikan Pancasila,Jelaskan apa makna penting dari gotong royong?,meringankan pekerjaan dan dapat saling bekerja sama,10,Jawaban Siswa
Pendidikan Pancasila,"Konsep gotong royong mengandung makna bekerja sama secara nyata, baik secara fisik maupun nonfisik. Jelaskan apa yang dimaksud dengan gotong royong fisik dan nonfisik! Berikan contohnya!","gotong royong fisik contohnya membersihkan lingkungan, gotong royong nonfisik contohnya musyawarah",5,Jawaban Siswa
Pendidikan Pancasila,"Sebagai identitas budaya bangsa Indonesia, tradisi gotong royong sarat dengan nilai-nilai luhur. Berikut ini nilai-nilai luhur yang terkandung dalam tradisi gotong royong, kecuali","Mengotorkan lingkungan, tidak ikut bersih bersih",10,Jawaban Siswa
Pendidikan Pancasila,"Pada salah satu bait di kitab tersebut (sutasoma) terdapat kalimat yang kemudian kita jadikan sebagai semboya Republik Indonesia, yakni ""Bhinneka Tunggal Ika"" yang berarti berbeda-beda, tetapi tetap satu jua. Semboyan bhinneka tunggal ika merupakan respon dari Mpu Tantular terhadap?",Sikap toleransi dari perbedaan yang beragam dimasyarakat pada masa kerajaan maja pahit,0,Jawaban Siswa
Pendidikan Pancasila,narasikan apakah itu bhineka tunggal ika?,"Bhinneka tunggal ika yang berasal dari Jawa kuno kitab Sutasoma karya Mpu tantular pada abad 14 kerajaan majapahit, berbeda- beda tetapi tetap satu jua, yang diambil dari kitab sutasoma",10,Jawaban Siswa
Pendidikan Pancasila,Bhinneka tunggal ika tan hana dharma mangrwa. Coba cari makna atau arti dari kalimat tersebut!,Berbeda-beda tetapi tetap satu jua,5,Jawaban Siswa
Pendidikan Pancasila,Indonesia adalah negara yang memiliki penduduk heterogen dengan wilayah kepulauan yang terdiri atas belasan ribu pulau yang satu sama lain dipersatukan oleh selat dan laut. Coba jelaskan apa makna yang terkandung dalam hubungan bangsa Indonesia dengan bhineka tunggal ika?,Semangat berberagam dalam perbedaan kesatuan dari bangsa indonesia. Bhinneka artinya berbeda-beda. Tunggal artinya satu. Ika artinya jua,5,Jawaban Siswa
Pendidikan Pancasila,Apakah sebenarnya makna dari BHINEKA TUNGGAL IKA dalam kitab sutasoma tersebut?,berisi etika dan nilai moral manusia dalam menghargai perbedaan dan tetap menjadi satu kesatuan dalam keberagaman atau berbeda beda tetapi tetap satu ,5,Jawaban Siswa
Pendidikan Pancasila,"Makna bhinneka tunggal ika secara kontekstual ialah perbedaan dalam keberagaman dan merupakan kesatuan dari bangsa Indonesia. Kalimat bhinneka tunggal ika mengandung dua unsur, yaitu keberagaman dan kesatuan. Jelaskan!","keberagaman berberagam macam ras, agama, suku, antar anggota, meskipun berbeda beda dan bermacam keberagaman kita harus menjadikan bangsa Indonesia ini menjadi negara kesatuan bersatu dari sabang sampai merauke",5,Jawaban Siswa
Pendidikan Pancasila,Apa yang kalian ketahui tentang system ekonomi Pancasila?,Sistem ekonomi Pancasila adalah Sistem yang berlandaskan pada nilai nilai pancasila sebagai dasar negara Indonesia,10,Jawaban Siswa
Pendidikan Pancasila,Jelaskan apa makna penting dari gotong royong?,menciptakan kebersamaan dan kerukunan serta kepedulian bersama,10,Jawaban Siswa
Pendidikan Pancasila,"Konsep gotong royong mengandung makna bekerja sama secara nyata, baik secara fisik maupun nonfisik. Jelaskan apa yang dimaksud dengan gotong royong fisik dan nonfisik! Berikan contohnya!","gotong royong fisik dan non fisik. Fisik yaitu yang melibatkan tenaga dan ikut serta  dalam kegiatan tersebut, contoh hadir dalam kegiatan tersebut dan ikut berpartisipasi dalam gotong royong. Non fisik yaitu tidak melibatkan tenaga ataupun ikut hadir mengikkuti kegiatan, contoh memberikan ide atau saran",10,Jawaban Siswa
Pendidikan Pancasila,"Sebagai identitas budaya bangsa Indonesia, tradisi gotong royong sarat dengan nilai-nilai luhur. Berikut ini nilai-nilai luhur yang terkandung dalam tradisi gotong royong, kecuali",Bukber (kenikmatan bersama),10,Jawaban Siswa
Pendidikan Pancasila,"Pada salah satu bait di kitab tersebut (sutasoma) terdapat kalimat yang kemudian kita jadikan sebagai semboya Republik Indonesia, yakni ""Bhinneka Tunggal Ika"" yang berarti berbeda-beda, tetapi tetap satu jua. Semboyan bhinneka tunggal ika merupakan respon dari Mpu Tantular terhadap?",mpu Tantular terhadap sutasoma,0,Jawaban Siswa
Pendidikan Pancasila,narasikan apakah itu bhineka tunggal ika?,"bhinneka tunggal ika secara Arfia bhinneka artinya beragaman,tunggal artinya satu, ika artinya itu. Secara istonis bhineka tunggal ika adalah semangat bersatu dalam kontes beragaman",10,Jawaban Siswa
Pendidikan Pancasila,Bhinneka tunggal ika tan hana dharma mangrwa. Coba cari makna atau arti dari kalimat tersebut!,Artinya berasal dari bahasa jawa kuno berbeda-beda satu itu tidak ada kebenaran atau ajaran mendua atau berbeda-beda,10,Jawaban Siswa
Pendidikan Pancasila,Indonesia adalah negara yang memiliki penduduk heterogen dengan wilayah kepulauan yang terdiri atas belasan ribu pulau yang satu sama lain dipersatukan oleh selat dan laut. Coba jelaskan apa makna yang terkandung dalam hubungan bangsa Indonesia dengan bhineka tunggal ika?,makna bhineka tunggal ika secara kontekstual ialah perbedaan dalam keberagaman merupakan kesatuan dari bangsa indonesia,0,Jawaban Siswa
Pendidikan Pancasila,Apakah sebenarnya makna dari BHINEKA TUNGGAL IKA dalam kitab sutasoma tersebut?,berisi etika dan nilai moral manusia dalam menghargai perbedaan dan tetap menjadi satu kesatuan dalam keberagaman ,5,Jawaban Siswa
Pendidikan Pancasila,"Makna bhinneka tunggal ika secara kontekstual ialah perbedaan dalam keberagaman dan merupakan kesatuan dari bangsa Indonesia. Kalimat bhinneka tunggal ika mengandung dua unsur, yaitu keberagaman dan kesatuan. Jelaskan!","Keberagaman (bhineka) kesatuan (tunggal ika) dalam kitab kakawin sutasoma mpu Tantular, kedua unsur ini seimbang dan saling melengkapi",5,Jawaban Siswa
Pendidikan Pancasila,Apa yang kalian ketahui tentang system ekonomi Pancasila?,Sistem yg berlandasan pada nilai nilai pancasila sebagai dasar negara indonesia,10,Jawaban Siswa
Pendidikan Pancasila,Jelaskan apa makna penting dari gotong royong?,"maknanya untuk bekerjasama melestarikan lingkungan, bekerjasama secara nyata, baik secara fisik maupun nonfisik",10,Jawaban Siswa
Pendidikan Pancasila,"Konsep gotong royong mengandung makna bekerja sama secara nyata, baik secara fisik maupun nonfisik. Jelaskan apa yang dimaksud dengan gotong royong fisik dan nonfisik! Berikan contohnya!",fisik itu seperti gotong royong yg mengangkat berat berat. Nonfisik itu seperti mengangkat yang ringan-ringan,0,Jawaban Siswa
Pendidikan Pancasila,"Sebagai identitas budaya bangsa Indonesia, tradisi gotong royong sarat dengan nilai-nilai luhur. Berikut ini nilai-nilai luhur yang terkandung dalam tradisi gotong royong, kecuali",kenikmatan,10,Jawaban Siswa
Pendidikan Pancasila,"Pada salah satu bait di kitab tersebut (sutasoma) terdapat kalimat yang kemudian kita jadikan sebagai semboya Republik Indonesia, yakni ""Bhinneka Tunggal Ika"" yang berarti berbeda-beda, tetapi tetap satu jua. Semboyan bhinneka tunggal ika merupakan respon dari Mpu Tantular terhadap?",Bangsa indonesia,0,Jawaban Siswa
Pendidikan Pancasila,narasikan apakah itu bhineka tunggal ika?,Bhineka tunggal ika merupakan walaupun berbeda-beda tetapi satu bangsa  yaitu Indonesia,5,Jawaban Siswa
Pendidikan Pancasila,Bhinneka tunggal ika tan hana dharma mangrwa. Coba cari makna atau arti dari kalimat tersebut!,"merupakan suatu semboyan berbeda-beda tetapi, tetap satu jua",10,Jawaban Siswa
Pendidikan Pancasila,Indonesia adalah negara yang memiliki penduduk heterogen dengan wilayah kepulauan yang terdiri atas belasan ribu pulau yang satu sama lain dipersatukan oleh selat dan laut. Coba jelaskan apa makna yang terkandung dalam hubungan bangsa Indonesia dengan bhineka tunggal ika?,walaupun Indonesia wilayahnya berbeda-beda pulau tetapi tetap menjadi satu bangsa,10,Jawaban Siswa
Pendidikan Pancasila,Apakah sebenarnya makna dari BHINEKA TUNGGAL IKA dalam kitab sutasoma tersebut?,yg berarti berbeda-beda tetapi tetap satu jua,5,Jawaban Siswa
Pendidikan Pancasila,"Makna bhinneka tunggal ika secara kontekstual ialah perbedaan dalam keberagaman dan merupakan kesatuan dari bangsa Indonesia. Kalimat bhinneka tunggal ika mengandung dua unsur, yaitu keberagaman dan kesatuan. Jelaskan!","Keberagaman yg berarti beragam atau berbeda kesatuan yg  berarti bersatu jadi makna bhineka tunggal ika secara kontekstual, keberagaman yang bersatu",0,Jawaban Siswa
Pendidikan Pancasila,Apa yang kalian ketahui tentang system ekonomi Pancasila?,"merupakan ketentuan, pegangan bangsa indonesia",0,Jawaban Siswa
Pendidikan Pancasila,Jelaskan apa makna penting dari gotong royong?,Bekrja sama secara nyata dalam menyelesaikan suatu pekerjaan,10,Jawaban Siswa
Pendidikan Pancasila,"Konsep gotong royong mengandung makna bekerja sama secara nyata, baik secara fisik maupun nonfisik. Jelaskan apa yang dimaksud dengan gotong royong fisik dan nonfisik! Berikan contohnya!",Gotong royong fisik yg berarti Gotong royong dg menggunakan fisik atau tenaga. Gotong royong non fisik berarti Gotong royong yg tidak menggunakan tenaga. Contoh Gotong royong fisik yaitu membangun masjid. Contoh Gotong royong non Fisik yaitu ikut menyuarakan suatu pendapat,10,Jawaban Siswa
Pendidikan Pancasila,"Sebagai identitas budaya bangsa Indonesia, tradisi gotong royong sarat dengan nilai-nilai luhur. Berikut ini nilai-nilai luhur yang terkandung dalam tradisi gotong royong, kecuali",mempersulit pekerjaan,10,Jawaban Siswa
Pendidikan Pancasila,"Pada salah satu bait di kitab tersebut (sutasoma) terdapat kalimat yang kemudian kita jadikan sebagai semboya Republik Indonesia, yakni ""Bhinneka Tunggal Ika"" yang berarti berbeda-beda, tetapi tetap satu jua. Semboyan bhinneka tunggal ika merupakan respon dari Mpu Tantular terhadap?",Terhadap Seseorang yg memiliki Perbedaan Tetapi membangun Kesatuan negara yg indah antara Posisi Rendah maupun diatas,0,Jawaban Siswa
Pendidikan Pancasila,narasikan apakah itu bhineka tunggal ika?,Bhineka Tunggal Ika yg berarti berbeda tetapi Tetap menjadi saty Bahwasannya negara kita berpulau pulau dan berbeda beda dengan demikian bersatu yg di Sebut Indonesia,10,Jawaban Siswa
Pendidikan Pancasila,Bhinneka tunggal ika tan hana dharma mangrwa. Coba cari makna atau arti dari kalimat tersebut!,bahwasanya yaitu berbeda beda Tetapi satu itu tidak ada,5,Jawaban Siswa
Pendidikan Pancasila,Indonesia adalah negara yang memiliki penduduk heterogen dengan wilayah kepulauan yang terdiri atas belasan ribu pulau yang satu sama lain dipersatukan oleh selat dan laut. Coba jelaskan apa makna yang terkandung dalam hubungan bangsa Indonesia dengan bhineka tunggal ika?,Indonesia adalah Simbol Tempat . Bhineka Tunggal Ika adalah Berbeda Tetap satu. Bahwasannya Indonesia negara yang bersatu Jika Tidak bersatu negara kita bukan Indonesia namanya,10,Jawaban Siswa
Pendidikan Pancasila,Apakah sebenarnya makna dari BHINEKA TUNGGAL IKA dalam kitab sutasoma tersebut?,Dalam kitab Sutasoma yaitu Tan hana dharma mangrwa,0,Jawaban Siswa
Pendidikan Pancasila,"Makna bhinneka tunggal ika secara kontekstual ialah perbedaan dalam keberagaman dan merupakan kesatuan dari bangsa Indonesia. Kalimat bhinneka tunggal ika mengandung dua unsur, yaitu keberagaman dan kesatuan. Jelaskan!","yg berarti Keberagaman manusia secara bisa di katakan Berbeda mulai dari agama, bangsa, dan berpulau pulau. Dengan Kesatuan semuanya maupun Seperti apa beda Tetapi Tetap ada komunikasi maka itulah bisa di sebut Indonesia",5,Jawaban Siswa
Pendidikan Pancasila,Apa yang kalian ketahui tentang system ekonomi Pancasila?,Sistem ekonomi Pancasila yaitu Pada Lambang ke empat. Padi Dan Kapas Bahwasannya Indonesia memiliki Pangan yg melimpah Dan Rempah yg tak ada bandingnya Jadi begitulah mengapa negara Indonesia sangat di incar incar negara lain,0,Jawaban Siswa
Pendidikan Pancasila,Jelaskan apa makna penting dari gotong royong?,"Gotong Royong sama saja membantu suatu Kesatuan Kelompok Secara cepat dan singkat dan menjadikan Beban menjadi Ringan, begitu Pula Pd saat Penjajahan Dahulu Indonesia Saling bergotong Royong untuk mengeluarkan Penjajahan dari Indonesia",10,Jawaban Siswa
Pendidikan Pancasila,"Konsep gotong royong mengandung makna bekerja sama secara nyata, baik secara fisik maupun nonfisik. Jelaskan apa yang dimaksud dengan gotong royong fisik dan nonfisik! Berikan contohnya!","Contohnya membangun Rumah, alat mesin berat Dan Kerja bakti",0,Jawaban Siswa
Pendidikan Pancasila,"Sebagai identitas budaya bangsa Indonesia, tradisi gotong royong sarat dengan nilai-nilai luhur. Berikut ini nilai-nilai luhur yang terkandung dalam tradisi gotong royong, kecuali",Membayarkan SPP Teman,10,Jawaban Siswa
Pendidikan Pancasila,"Pada salah satu bait di kitab tersebut (sutasoma) terdapat kalimat yang kemudian kita jadikan sebagai semboya Republik Indonesia, yakni ""Bhinneka Tunggal Ika"" yang berarti berbeda-beda, tetapi tetap satu jua. Semboyan bhinneka tunggal ika merupakan respon dari Mpu Tantular terhadap?",Sikap toleransi dan perbedaan yang beragam di masyarakat pada masa kerajaan majapahit,0,Jawaban Siswa
Pendidikan Pancasila,narasikan apakah itu bhineka tunggal ika?,"Secara harfiah, bhinneka artinya keberagaman, tunggal (satu) dan ika artinya itu. Jika digabung menjadi berbeda-beda tetap satu. Secara historis bhinneka tunggal ika ialah semangat bersatu dalam konteks keberagaman agama. Secara kontekstual yaitu perbedaan dalam keberagaman merupakan kesatuan dari bangsa Indonesia",5,Jawaban Siswa
Pendidikan Pancasila,Bhinneka tunggal ika tan hana dharma mangrwa. Coba cari makna atau arti dari kalimat tersebut!,berbeda-beda tetapi tetap satu itu tidak ada,5,Jawaban Siswa
Pendidikan Pancasila,Indonesia adalah negara yang memiliki penduduk heterogen dengan wilayah kepulauan yang terdiri atas belasan ribu pulau yang satu sama lain dipersatukan oleh selat dan laut. Coba jelaskan apa makna yang terkandung dalam hubungan bangsa Indonesia dengan bhineka tunggal ika?,"indonesia terdiri dari berbagai pulau dari Sabang sampai merauke, meskipun begitu Indonesia tetap menjadi satu kesatuan dengan berbagai perbedaan",10,Jawaban Siswa
Pendidikan Pancasila,Apakah sebenarnya makna dari BHINEKA TUNGGAL IKA dalam kitab sutasoma tersebut?,"berbeda beda tetapi tetap satu jua, berisi etika dan nilai moral manusia dalam menghargai perbedaan dan tetap menjadi satu kesatuan dalam keberagaman",10,Jawaban Siswa
Pendidikan Pancasila,"Makna bhinneka tunggal ika secara kontekstual ialah perbedaan dalam keberagaman dan merupakan kesatuan dari bangsa Indonesia. Kalimat bhinneka tunggal ika mengandung dua unsur, yaitu keberagaman dan kesatuan. Jelaskan!","keberagaman merupakan kondisi Indonesia yg beragam mulai dari agama, suku, ras, budaya, adat istiadat. Kesatuan merupakan kenyataan walaupun banyak keberagaman dan perbedaan, tetap harus jadi satu kesatuan.",10,Jawaban Siswa
Pendidikan Pancasila,Apa yang kalian ketahui tentang system ekonomi Pancasila?,ekonomi pancasila merupakan suatu kegiatan yang bersangkutan dengan ekonomi yg berdasarkan nilai nilai pancasila,10,Jawaban Siswa
Pendidikan Pancasila,Jelaskan apa makna penting dari gotong royong?,"Gotong royong merupakan tindakan atau kegiatan yg dilakukan secara bersama sama untuk menciptakan persatuan, kebersamaan dan keharmonisan dengan gotong royong membuat masyarakat menjadi akrab, bersosialisasi dan saling membutuhkan.",10,Jawaban Siswa
Pendidikan Pancasila,"Konsep gotong royong mengandung makna bekerja sama secara nyata, baik secara fisik maupun nonfisik. Jelaskan apa yang dimaksud dengan gotong royong fisik dan nonfisik! Berikan contohnya!","gotong royong fisik merupakan keterlibatan fisik terhadap kegiatan yg dilakukan bersama, contohnya bersih bersih desa. Gotong royong non fisik merupakan kegiatan bersama yg tidak melibatkan fisik, contohnya bertukar ide, saran, dan pendapat",10,Jawaban Siswa
Pendidikan Pancasila,"Sebagai identitas budaya bangsa Indonesia, tradisi gotong royong sarat dengan nilai-nilai luhur. Berikut ini nilai-nilai luhur yang terkandung dalam tradisi gotong royong, kecuali",Kenikmatan,10,Jawaban Siswa
Pendidikan Pancasila,"Pada salah satu bait di kitab tersebut (sutasoma) terdapat kalimat yang kemudian kita jadikan sebagai semboya Republik Indonesia, yakni ""Bhinneka Tunggal Ika"" yang berarti berbeda-beda, tetapi tetap satu jua. Semboyan bhinneka tunggal ika merupakan respon dari Mpu Tantular terhadap?",kemerdekaan indonesia dan nilai bekerja samannya,0,Jawaban Siswa
Pendidikan Pancasila,narasikan apakah itu bhineka tunggal ika?,bersatu kita teguh bercerai kita runtuh atau berbeda beda tetapi tetap satu jua,5,Jawaban Siswa
Pendidikan Pancasila,Bhinneka tunggal ika tan hana dharma mangrwa. Coba cari makna atau arti dari kalimat tersebut!,berasal dari bahasa jawa berbeda beda tapi satu itu tidak ada,5,Jawaban Siswa
Pendidikan Pancasila,Indonesia adalah negara yang memiliki penduduk heterogen dengan wilayah kepulauan yang terdiri atas belasan ribu pulau yang satu sama lain dipersatukan oleh selat dan laut. Coba jelaskan apa makna yang terkandung dalam hubungan bangsa Indonesia dengan bhineka tunggal ika?,"dalam hubungan dengan bangsa indonesia sangat dalam karena semboyan ini bukan Slogan, tetapi fondasi kehidupan dan bernegara.",10,Jawaban Siswa
Pendidikan Pancasila,Apakah sebenarnya makna dari BHINEKA TUNGGAL IKA dalam kitab sutasoma tersebut?,"Kitab kakawin sutasoma karya mpu tantular adalah ajaran tentang persatuan berbeda beda tetapi tetap satu jua, hakikat di tengah perbedaan ajaran",10,Jawaban Siswa
Pendidikan Pancasila,"Makna bhinneka tunggal ika secara kontekstual ialah perbedaan dalam keberagaman dan merupakan kesatuan dari bangsa Indonesia. Kalimat bhinneka tunggal ika mengandung dua unsur, yaitu keberagaman dan kesatuan. Jelaskan!","keberagaman, kita harus menghormati dan menghargai yang berbeda agama. Kesatuan, bangsa indonesia harus bersatu dan tidak boleh berpecah belah",10,Jawaban Siswa
Pendidikan Pancasila,Apa yang kalian ketahui tentang system ekonomi Pancasila?,Lambang ke empat Pancasila yaitu Padi dan kapas yang menunjukkan sistem ekonomi pancasila,0,Jawaban Siswa
Pendidikan Pancasila,Jelaskan apa makna penting dari gotong royong?,makna penting gotong royong yaitu untuk membersihkan seluruh tempat yg ada,0,Jawaban Siswa
Pendidikan Pancasila,"Konsep gotong royong mengandung makna bekerja sama secara nyata, baik secara fisik maupun nonfisik. Jelaskan apa yang dimaksud dengan gotong royong fisik dan nonfisik! Berikan contohnya!",gotong royong fisik itu gotong royong yg agak melelehkan atau berat sedangkan gotong royong non fisik itu gotong royong yg tidak berat dan ringan,0,Jawaban Siswa
Pendidikan Pancasila,"Sebagai identitas budaya bangsa Indonesia, tradisi gotong royong sarat dengan nilai-nilai luhur. Berikut ini nilai-nilai luhur yang terkandung dalam tradisi gotong royong, kecuali",tdk ikut mengikuti gotong royong dan tdk membantu membersihkan yang kotor seperti selokan dan lain lain,0,Jawaban Siswa
Pendidikan Pancasila,"Pada salah satu bait di kitab tersebut (sutasoma) terdapat kalimat yang kemudian kita jadikan sebagai semboya Republik Indonesia, yakni ""Bhinneka Tunggal Ika"" yang berarti berbeda-beda, tetapi tetap satu jua. Semboyan bhinneka tunggal ika merupakan respon dari Mpu Tantular terhadap?","perbedaan ras, suku, bangsa",0,Jawaban Siswa
Pendidikan Pancasila,narasikan apakah itu bhineka tunggal ika?,"bhinneka tunggal ika ialah perbedaan setiap ras, suku, dan budaya",5,Jawaban Siswa
Pendidikan Pancasila,Bhinneka tunggal ika tan hana dharma mangrwa. Coba cari makna atau arti dari kalimat tersebut!,Tanpa membeda-bedakan suku dan ras dan budaya,0,Jawaban Siswa
Pendidikan Pancasila,Indonesia adalah negara yang memiliki penduduk heterogen dengan wilayah kepulauan yang terdiri atas belasan ribu pulau yang satu sama lain dipersatukan oleh selat dan laut. Coba jelaskan apa makna yang terkandung dalam hubungan bangsa Indonesia dengan bhineka tunggal ika?,"kita memang berbeda suku, ras, budaya tetapi kita tetap bersatu tanpa membedakan suku lain",0,Jawaban Siswa
Pendidikan Pancasila,Apakah sebenarnya makna dari BHINEKA TUNGGAL IKA dalam kitab sutasoma tersebut?,Berbeda-beda tetapi tetap satu jua,0,Jawaban Siswa
Pendidikan Pancasila,"Makna bhinneka tunggal ika secara kontekstual ialah perbedaan dalam keberagaman dan merupakan kesatuan dari bangsa Indonesia. Kalimat bhinneka tunggal ika mengandung dua unsur, yaitu keberagaman dan kesatuan. Jelaskan!","Keberagaman yaitu kita memiliki perbedaan ras, suku, bangsa. Kesatuan yaitu kita meskipun berbeda ras, suku, bangsa tetapi kita tetap bersatu",5,Jawaban Siswa
Pendidikan Pancasila,Apa yang kalian ketahui tentang system ekonomi Pancasila?,Sistem ekonomi Pancasila adalah keuangan yang bisa mengatur semua,0,Jawaban Siswa
Pendidikan Pancasila,Jelaskan apa makna penting dari gotong royong?,"gotong royong adalah kita saling bekerja sama untuk tidak membeda-bedakan ras, suku, dan budaya",10,Jawaban Siswa
Pendidikan Pancasila,"Konsep gotong royong mengandung makna bekerja sama secara nyata, baik secara fisik maupun nonfisik. Jelaskan apa yang dimaksud dengan gotong royong fisik dan nonfisik! Berikan contohnya!","Fisik dilakukan secara langsung, contohnya seperti membersihkan lingkungan bersama. Nonfisik yg tidak dilakukan secara langsung, contohnya yang masih dirundingkan.",5,Jawaban Siswa
Pendidikan Pancasila,"Sebagai identitas budaya bangsa Indonesia, tradisi gotong royong sarat dengan nilai-nilai luhur. Berikut ini nilai-nilai luhur yang terkandung dalam tradisi gotong royong, kecuali","Tidak Menolong, Tidak Saling menghargai, Tidak saling menghormati",10,Jawaban Siswa
Pendidikan Pancasila,"Pada salah satu bait di kitab tersebut (sutasoma) terdapat kalimat yang kemudian kita jadikan sebagai semboya Republik Indonesia, yakni ""Bhinneka Tunggal Ika"" yang berarti berbeda-beda, tetapi tetap satu jua. Semboyan bhinneka tunggal ika merupakan respon dari Mpu Tantular terhadap?",Perbedaan suku dan ras,0,Jawaban Siswa
Pendidikan Pancasila,narasikan apakah itu bhineka tunggal ika?,Problemisasi yg dibacakan oleh IR Soekarno,0,Jawaban Siswa
Pendidikan Pancasila,Bhinneka tunggal ika tan hana dharma mangrwa. Coba cari makna atau arti dari kalimat tersebut!,"BHINNEKA TUNGGAL IKA, berbeda beda tetapi tetap satu jua",0,Jawaban Siswa
Pendidikan Pancasila,Indonesia adalah negara yang memiliki penduduk heterogen dengan wilayah kepulauan yang terdiri atas belasan ribu pulau yang satu sama lain dipersatukan oleh selat dan laut. Coba jelaskan apa makna yang terkandung dalam hubungan bangsa Indonesia dengan bhineka tunggal ika?,bhineka Tunggal Ika adalah simbol garuda yg besar dan keberanian dan Tanggung Jawab dengan apapun yg dilakukan,0,Jawaban Siswa
Pendidikan Pancasila,Apakah sebenarnya makna dari BHINEKA TUNGGAL IKA dalam kitab sutasoma tersebut?,"makna BHINEKA Tunggal Ika dalam kitab sutasoma, proklamasi",0,Jawaban Siswa
Pendidikan Pancasila,"Makna bhinneka tunggal ika secara kontekstual ialah perbedaan dalam keberagaman dan merupakan kesatuan dari bangsa Indonesia. Kalimat bhinneka tunggal ika mengandung dua unsur, yaitu keberagaman dan kesatuan. Jelaskan!",keberagaman adalah untuk mengajarkan kebijakan atau Taat kesatuan adalah suatu suku ras kita tetap saudara,0,Jawaban Siswa
Pendidikan Pancasila,Apa yang kalian ketahui tentang system ekonomi Pancasila?,Pengolahan dana,0,Jawaban Siswa
Pendidikan Pancasila,Jelaskan apa makna penting dari gotong royong?,"gotong royong adalah dimana kita bertemu banyak teman, kita ketemu saudara kita yang  beda beda ras dan suku budaya",0,Jawaban Siswa
Pendidikan Pancasila,"Konsep gotong royong mengandung makna bekerja sama secara nyata, baik secara fisik maupun nonfisik. Jelaskan apa yang dimaksud dengan gotong royong fisik dan nonfisik! Berikan contohnya!",gotong royong fisik adalah dimana kita harus ngerjain dengan manual. Gotong royong non fisik adalah dengan mesin potong potong rumput,0,Jawaban Siswa
Pendidikan Pancasila,"Sebagai identitas budaya bangsa Indonesia, tradisi gotong royong sarat dengan nilai-nilai luhur. Berikut ini nilai-nilai luhur yang terkandung dalam tradisi gotong royong, kecuali","menghargai, Tolong menolong, jujur, sopan",0,Jawaban Siswa
Pendidikan Pancasila,"Pada salah satu bait di kitab tersebut (sutasoma) terdapat kalimat yang kemudian kita jadikan sebagai semboya Republik Indonesia, yakni ""Bhinneka Tunggal Ika"" yang berarti berbeda-beda, tetapi tetap satu jua. Semboyan bhinneka tunggal ika merupakan respon dari Mpu Tantular terhadap?","perbedaan ras, suku, budaya, dan bahasa",0,Jawaban Siswa
Pendidikan Pancasila,narasikan apakah itu bhineka tunggal ika?,"Indonesia memiliki banyak ras, suku, budaya, dan bahasa tetapi hanya memiliki satu tujuan yaitu memajukan Indonesia, melestarikan budaya, ras, suku",0,Jawaban Siswa
Pendidikan Pancasila,Bhinneka tunggal ika tan hana dharma mangrwa. Coba cari makna atau arti dari kalimat tersebut!,"Berbeda-beda, keberagaman tetapi tetap menjadi kesatuan",5,Jawaban Siswa
Pendidikan Pancasila,Indonesia adalah negara yang memiliki penduduk heterogen dengan wilayah kepulauan yang terdiri atas belasan ribu pulau yang satu sama lain dipersatukan oleh selat dan laut. Coba jelaskan apa makna yang terkandung dalam hubungan bangsa Indonesia dengan bhineka tunggal ika?,"kita memang berbeda Suku, ras, budaya, dan bahasa tetapi kita tetap menjadi satu tanpa membedakan dan tanpa menjatuhkan satu sama lain",0,Jawaban Siswa
Pendidikan Pancasila,Apakah sebenarnya makna dari BHINEKA TUNGGAL IKA dalam kitab sutasoma tersebut?,Indonesia memang memiliki banyak keberagaman tetapi tetap menjadi kesatuan,0,Jawaban Siswa
Pendidikan Pancasila,"Makna bhinneka tunggal ika secara kontekstual ialah perbedaan dalam keberagaman dan merupakan kesatuan dari bangsa Indonesia. Kalimat bhinneka tunggal ika mengandung dua unsur, yaitu keberagaman dan kesatuan. Jelaskan!","Keberagaman yaitu kita memiliki berbagai perbedaan, berbeda ras, suku, keyakinan, bahasa. Kesatuan yaitu tetapi kita tetap menjadi satu",5,Jawaban Siswa
Pendidikan Pancasila,Apa yang kalian ketahui tentang system ekonomi Pancasila?,Sistem keuangan yang bisa membuat semua itu rata,0,Jawaban Siswa
Pendidikan Pancasila,Jelaskan apa makna penting dari gotong royong?,"gotong royong adalah dimana kita bertemu banyak teman, kita ketemu saudara kita yang  beda beda ras dan suku budaya",0,Jawaban Siswa
Pendidikan Pancasila,"Konsep gotong royong mengandung makna bekerja sama secara nyata, baik secara fisik maupun nonfisik. Jelaskan apa yang dimaksud dengan gotong royong fisik dan nonfisik! Berikan contohnya!","Fisik dilakukan secara langsung, contohnya bersih-besih bersama atau kerja bakti. Non fisik tidak dilakukan secara langsung, contohnya mengumpulkan dana talangan",5,Jawaban Siswa
Pendidikan Pancasila,"Sebagai identitas budaya bangsa Indonesia, tradisi gotong royong sarat dengan nilai-nilai luhur. Berikut ini nilai-nilai luhur yang terkandung dalam tradisi gotong royong, kecuali","Sikap individualisme, bersaing secara bebas, mengharap imbalan",10,Jawaban Siswa
Pendidikan Pancasila,"Pada salah satu bait di kitab tersebut (sutasoma) terdapat kalimat yang kemudian kita jadikan sebagai semboya Republik Indonesia, yakni ""Bhinneka Tunggal Ika"" yang berarti berbeda-beda, tetapi tetap satu jua. Semboyan bhinneka tunggal ika merupakan respon dari Mpu Tantular terhadap?","Banyaknya perbedaan pada warga Indonesia dari suku, Ras, adat istiadat, bahasa dan masih banyak lagi yg membedakan warga dan beda daerah tetapi tetap bersatu.",0,Jawaban Siswa
Pendidikan Pancasila,narasikan apakah itu bhineka tunggal ika?,"Bhineka Tunggal Ika adalah kalimat yang berasal dari kitab sutasoma), yang Di jadikan untuk landasan Semboyan Republik Indonesia",10,Jawaban Siswa
Pendidikan Pancasila,Bhinneka tunggal ika tan hana dharma mangrwa. Coba cari makna atau arti dari kalimat tersebut!,Keberagaman dan kesatuan,0,Jawaban Siswa
Pendidikan Pancasila,Indonesia adalah negara yang memiliki penduduk heterogen dengan wilayah kepulauan yang terdiri atas belasan ribu pulau yang satu sama lain dipersatukan oleh selat dan laut. Coba jelaskan apa makna yang terkandung dalam hubungan bangsa Indonesia dengan bhineka tunggal ika?,"walaupun Indonesia belasan ribu pulau di persatukan oleh Bhineka Tunggal Ika yg artinya walaupun berbeda tetapi tetap satu jua. Maksudnya walaupun beda pulau kita tetap satu perjuang, satu darah dalam suatu negara.",5,Jawaban Siswa
Pendidikan Pancasila,Apakah sebenarnya makna dari BHINEKA TUNGGAL IKA dalam kitab sutasoma tersebut?,"Bhineka Tunggal Ika ialah keberagaman yg ada dalam Indonesia tersebut dari Ras, Suku, agama, adat istiadat dan kesatuan yg sangat solid di Indonesia.",0,Jawaban Siswa
Pendidikan Pancasila,"Makna bhinneka tunggal ika secara kontekstual ialah perbedaan dalam keberagaman dan merupakan kesatuan dari bangsa Indonesia. Kalimat bhinneka tunggal ika mengandung dua unsur, yaitu keberagaman dan kesatuan. Jelaskan!","yang di maksud keberagaman dan kesatuan ialah keberagaman yang berada dalam Indonesia sangat lah banyak dari suku, ras, bahasa, adat, dan agama, sedangkan kesatuan ialah warga indonesia sangatlah rukun dan bersatu jika ada bencana atau hal hal buruk warga Indonesia akan bersatu untuk mengumpulkan donasi.",5,Jawaban Siswa
Pendidikan Pancasila,Apa yang kalian ketahui tentang system ekonomi Pancasila?,sistem ekonomi pancasila ialah sistem yg ekonomi  yg diambil dari makna pancasila itu sendiri,5,Jawaban Siswa
Pendidikan Pancasila,Jelaskan apa makna penting dari gotong royong?,Makna penting Gotong royong ialah Buat orang yg melakukan suatu hal dalam jumlah banyak,0,Jawaban Siswa
Pendidikan Pancasila,"Konsep gotong royong mengandung makna bekerja sama secara nyata, baik secara fisik maupun nonfisik. Jelaskan apa yang dimaksud dengan gotong royong fisik dan nonfisik! Berikan contohnya!","Gotong royong fisik ialah yang dilakukan secara langsung di tkp contohnya membersihkan selokan, lapangan dan masih banyak lagi yang lainnya. Gotong royong non fisik ialah gotong royong yang dilakukan tidak secara langsung yg dilakukan tidak menggunakan fisik, contoh bergotong royong mengumpulkan donasi untuk bencana.",5,Jawaban Siswa
Pendidikan Pancasila,"Sebagai identitas budaya bangsa Indonesia, tradisi gotong royong sarat dengan nilai-nilai luhur. Berikut ini nilai-nilai luhur yang terkandung dalam tradisi gotong royong, kecuali","Tidak menghargai perbedaan ras, Tidak bisa kerja sama, membuat onar ketika kegiatan gotong royong",10,Jawaban Siswa
Pendidikan Pancasila,"Pada salah satu bait di kitab tersebut (sutasoma) terdapat kalimat yang kemudian kita jadikan sebagai semboya Republik Indonesia, yakni ""Bhinneka Tunggal Ika"" yang berarti berbeda-beda, tetapi tetap satu jua. Semboyan bhinneka tunggal ika merupakan respon dari Mpu Tantular terhadap?",kitab sutasoma,0,Jawaban Siswa
Pendidikan Pancasila,narasikan apakah itu bhineka tunggal ika?,"Berbeda beda tetapi tetap satu jua yaitu mempersatukan bangsa Indonesia meskipun berbeda suku, ras, agama, dan budaya",5,Jawaban Siswa
Pendidikan Pancasila,Bhinneka tunggal ika tan hana dharma mangrwa. Coba cari makna atau arti dari kalimat tersebut!,Berbeda beda tetapi tetap satu jua,0,Jawaban Siswa
Pendidikan Pancasila,Indonesia adalah negara yang memiliki penduduk heterogen dengan wilayah kepulauan yang terdiri atas belasan ribu pulau yang satu sama lain dipersatukan oleh selat dan laut. Coba jelaskan apa makna yang terkandung dalam hubungan bangsa Indonesia dengan bhineka tunggal ika?,"Meskipun Indonesia memiliki belasan ribu pulau tetapi tetap bersatu berhubungan dengan bhinneka karena berbeda beda, tetap bersatu",5,Jawaban Siswa
Pendidikan Pancasila,Apakah sebenarnya makna dari BHINEKA TUNGGAL IKA dalam kitab sutasoma tersebut?,Perbedaan dalam keberagaman merupakan kesatuan dari bangsa Indonesia,0,Jawaban Siswa
Pendidikan Pancasila,"Makna bhinneka tunggal ika secara kontekstual ialah perbedaan dalam keberagaman dan merupakan kesatuan dari bangsa Indonesia. Kalimat bhinneka tunggal ika mengandung dua unsur, yaitu keberagaman dan kesatuan. Jelaskan!","Keberagaman yg artinya berbeda-beda, kesatuan yg artinya mempersatukan bangsa Indonesia",5,Jawaban Siswa
Pendidikan Pancasila,Apa yang kalian ketahui tentang system ekonomi Pancasila?,memberikan kehidupan yg makmur dlm masyarakat,0,Jawaban Siswa
Pendidikan Pancasila,Jelaskan apa makna penting dari gotong royong?,Bekerja bersama untuk tujuan bersama,5,Jawaban Siswa
Pendidikan Pancasila,"Konsep gotong royong mengandung makna bekerja sama secara nyata, baik secara fisik maupun nonfisik. Jelaskan apa yang dimaksud dengan gotong royong fisik dan nonfisik! Berikan contohnya!",gotong royong fisik merupakan gotong royong yg dilakukan di lingkungan masyarakat. Gotong royong nonfisik merupakan gotong royong yg dilakukan di dalam pekerjaan,5,Jawaban Siswa
Pendidikan Pancasila,"Sebagai identitas budaya bangsa Indonesia, tradisi gotong royong sarat dengan nilai-nilai luhur. Berikut ini nilai-nilai luhur yang terkandung dalam tradisi gotong royong, kecuali",Tidak mengikuti atau membantu gotong royong yg sudah direncanakan yg berdampak akan mempersulit gotong royong dan kurangnya rasa kebersamaan ,10,Jawaban Siswa
Pendidikan Pancasila,"Pada salah satu bait di kitab tersebut (sutasoma) terdapat kalimat yang kemudian kita jadikan sebagai semboya Republik Indonesia, yakni ""Bhinneka Tunggal Ika"" yang berarti berbeda-beda, tetapi tetap satu jua. Semboyan bhinneka tunggal ika merupakan respon dari Mpu Tantular terhadap?",terhadap masyarakat Mataram karena adanya perselisihan di tengah tengah perbedaan mereka Mpu Tantular ingin memberi nasehat kepada masyarakat bahwa mataram walaupun berbeda beda tetapi tetap satu,10,Jawaban Siswa
Pendidikan Pancasila,narasikan apakah itu bhineka tunggal ika?,"bhineka tunggal ika adalah salah satu bait yg ada pada kitab sutasoma yg artinya (berbeda-beda tetapi tetap satu) kemudian dijadikan sebagai semboyan bangsa Indonesia dgn lambang burung garuda, semboyan tersebut ada pada kaki burung garuda dengan pita",10,Jawaban Siswa
Pendidikan Pancasila,Bhinneka tunggal ika tan hana dharma mangrwa. Coba cari makna atau arti dari kalimat tersebut!,berbedabeda satu tujuan untuk kehidupan sosial,5,Jawaban Siswa
Pendidikan Pancasila,Indonesia adalah negara yang memiliki penduduk heterogen dengan wilayah kepulauan yang terdiri atas belasan ribu pulau yang satu sama lain dipersatukan oleh selat dan laut. Coba jelaskan apa makna yang terkandung dalam hubungan bangsa Indonesia dengan bhineka tunggal ika?,bhineka tunggal ika telah menjadi dasar bersatunya bangsa Indonesia untuk menggapai cita cita bangsa. Karena bhinneka tunggal ika memiliki makna berbeda beda tetapi tetap satu jua,5,Jawaban Siswa
Pendidikan Pancasila,Apakah sebenarnya makna dari BHINEKA TUNGGAL IKA dalam kitab sutasoma tersebut?,Bhinneka Tunggal Ika tan wana dharma mangrwa berbeda beda tetapi tetap satu tujuan untuk kehidupan yang adil dan sejahtera. ,5,Jawaban Siswa
Pendidikan Pancasila,"Makna bhinneka tunggal ika secara kontekstual ialah perbedaan dalam keberagaman dan merupakan kesatuan dari bangsa Indonesia. Kalimat bhinneka tunggal ika mengandung dua unsur, yaitu keberagaman dan kesatuan. Jelaskan!","Keberagaman yaitu Indonesia itu beragam contohnya seperti ras, suku, budaya, adat istiadat. Kesatuan yaitu manusia itu umumnya hidup individu tetap mereka kemudian membentuk kelompok, komunitas, organisasi untuk mencapai tujuan atau cita cita negara.",10,Jawaban Siswa
Pendidikan Pancasila,Apa yang kalian ketahui tentang system ekonomi Pancasila?,"Sistem ekonomi Pancasila adalah sistem yg sudah ditetapkan sejak zaman Pimpinan Ir Soekarno, tujuan dari sistem  ini memberikan hidup yang adil dan makmur kepada masyarakat. Contohnya seperti koperasi memberikan solusi atau bantuan secara adil, bersifat kekeluargaan agar rakyat Indonesia hidup makmur. Perekonomian diletakkan dalam kerangkan keadilan dan kesejahteraan sosial.",5,Jawaban Siswa
Pendidikan Pancasila,Jelaskan apa makna penting dari gotong royong?,bekerja sama saling membantu tanpa membeda bedakan untuk mencapai tujuan yg sama,10,Jawaban Siswa
Pendidikan Pancasila,"Konsep gotong royong mengandung makna bekerja sama secara nyata, baik secara fisik maupun nonfisik. Jelaskan apa yang dimaksud dengan gotong royong fisik dan nonfisik! Berikan contohnya!","gotong royong fisik yaitu kita bekerja sama saling membantu dan tenaga dari fisik kita, contohnya gotong royong membersihkan selokan, itu merupakan tujuan bersama dengan masyarakat, oleh karena itu gotong royong fisik sangat diperlukan agar dapat mencapai tujuan. Gotong royong non fisik yaitu contohnya seperti gotong royong tolong menolong misalnya lewat HP kita membantu teman yang sedang kesusahan untuk memahami materi sehingga dia belum bisa mengerjakan tugas yang diberikan oleh gurunya, nah kita sebagai teman bisa menyikapinya dengan gotong royong non fisik, misal kita selesaikan materi tersebut kepada teman kita lewat hp agar dia sedikit faham sehingga bisa mengerjakan tugasnya.",10,Jawaban Siswa
Pendidikan Pancasila,"Sebagai identitas budaya bangsa Indonesia, tradisi gotong royong sarat dengan nilai-nilai luhur. Berikut ini nilai-nilai luhur yang terkandung dalam tradisi gotong royong, kecuali","membeda bedakan, tidak mau bekerja sama",10,Jawaban Siswa
Pendidikan Pancasila,"Pada salah satu bait di kitab tersebut (sutasoma) terdapat kalimat yang kemudian kita jadikan sebagai semboya Republik Indonesia, yakni ""Bhinneka Tunggal Ika"" yang berarti berbeda-beda, tetapi tetap satu jua. Semboyan bhinneka tunggal ika merupakan respon dari Mpu Tantular terhadap?","Perbedaan ras, suku, dan budaya",0,Jawaban Siswa
Pendidikan Pancasila,narasikan apakah itu bhineka tunggal ika?,Berbeda-beda tetapi tetap satu jua,5,Jawaban Siswa
Pendidikan Pancasila,Bhinneka tunggal ika tan hana dharma mangrwa. Coba cari makna atau arti dari kalimat tersebut!,berbedabeda satu tujuan untuk kehidupan sosial,5,Jawaban Siswa
Pendidikan Pancasila,Indonesia adalah negara yang memiliki penduduk heterogen dengan wilayah kepulauan yang terdiri atas belasan ribu pulau yang satu sama lain dipersatukan oleh selat dan laut. Coba jelaskan apa makna yang terkandung dalam hubungan bangsa Indonesia dengan bhineka tunggal ika?,"walaupun berbeda tetapi kita tetap satu darah, satu pejuang, dan satu negara",0,Jawaban Siswa
Pendidikan Pancasila,Apakah sebenarnya makna dari BHINEKA TUNGGAL IKA dalam kitab sutasoma tersebut?,berbeda tetapi tetap satu jua yang artinya kita dikumpulkan dari berbagai pulau yang berbeda,0,Jawaban Siswa
Pendidikan Pancasila,"Makna bhinneka tunggal ika secara kontekstual ialah perbedaan dalam keberagaman dan merupakan kesatuan dari bangsa Indonesia. Kalimat bhinneka tunggal ika mengandung dua unsur, yaitu keberagaman dan kesatuan. Jelaskan!",keberagaman kita memiliki berbagai Perbedaan kesatuan tetapi kita tetap bersatu,0,Jawaban Siswa
Pendidikan Pancasila,Apa yang kalian ketahui tentang system ekonomi Pancasila?,sistem ekonomi Pancasila adalah keuangan yang bisa menjadikan semua itu rata tidak dikorupsi,0,Jawaban Siswa
Pendidikan Pancasila,Jelaskan apa makna penting dari gotong royong?,"Saling membantu sesama tanpa memandang agama, ras, dan suku membantu secara bersama sama",0,Jawaban Siswa
Pendidikan Pancasila,"Konsep gotong royong mengandung makna bekerja sama secara nyata, baik secara fisik maupun nonfisik. Jelaskan apa yang dimaksud dengan gotong royong fisik dan nonfisik! Berikan contohnya!","gotong royong fisik adalah gotong royong yang dilakukan di TKP, contohnya kerja bakti membersihkan masjid desa, memotong rumput dan pengambilan sampah dalam selokan. Gotong royong non fisik yaitu melakukan tidak secara langsung  contohnya mengumpulkan dana untuk donasi, baksos.",10,Jawaban Siswa
Pendidikan Pancasila,"Sebagai identitas budaya bangsa Indonesia, tradisi gotong royong sarat dengan nilai-nilai luhur. Berikut ini nilai-nilai luhur yang terkandung dalam tradisi gotong royong, kecuali","Sikap individualisme, persaingan bebas, mengharap imbalan atau pamrih",10,Jawaban Siswa
Pendidikan Pancasila,"Pada salah satu bait di kitab tersebut (sutasoma) terdapat kalimat yang kemudian kita jadikan sebagai semboya Republik Indonesia, yakni ""Bhinneka Tunggal Ika"" yang berarti berbeda-beda, tetapi tetap satu jua. Semboyan bhinneka tunggal ika merupakan respon dari Mpu Tantular terhadap?",bangsa indonesia,0,Jawaban Siswa
Pendidikan Pancasila,narasikan apakah itu bhineka tunggal ika?,kalimat yang kemudian kita jadikan sebagai semboyan republik Indonesia,5,Jawaban Siswa
Pendidikan Pancasila,Bhinneka tunggal ika tan hana dharma mangrwa. Coba cari makna atau arti dari kalimat tersebut!,beragaman kesatuan,0,Jawaban Siswa
Pendidikan Pancasila,Indonesia adalah negara yang memiliki penduduk heterogen dengan wilayah kepulauan yang terdiri atas belasan ribu pulau yang satu sama lain dipersatukan oleh selat dan laut. Coba jelaskan apa makna yang terkandung dalam hubungan bangsa Indonesia dengan bhineka tunggal ika?,berbeda beda tetapi tetap satu jua,0,Jawaban Siswa
Pendidikan Pancasila,Apakah sebenarnya makna dari BHINEKA TUNGGAL IKA dalam kitab sutasoma tersebut?,Semboyan Republik indonesia,0,Jawaban Siswa
Pendidikan Pancasila,"Makna bhinneka tunggal ika secara kontekstual ialah perbedaan dalam keberagaman dan merupakan kesatuan dari bangsa Indonesia. Kalimat bhinneka tunggal ika mengandung dua unsur, yaitu keberagaman dan kesatuan. Jelaskan!","keagamaan, kesatuan",0,Jawaban Siswa
Pendidikan Pancasila,Apa yang kalian ketahui tentang system ekonomi Pancasila?,Pengolahan dana korupsi,0,Jawaban Siswa
Pendidikan Pancasila,Jelaskan apa makna penting dari gotong royong?,kerja sama saling bantu,0,Jawaban Siswa
Pendidikan Pancasila,"Konsep gotong royong mengandung makna bekerja sama secara nyata, baik secara fisik maupun nonfisik. Jelaskan apa yang dimaksud dengan gotong royong fisik dan nonfisik! Berikan contohnya!","fisik, contohnya kerja bakti menyapu bersama. Non fisik contohnya membantu dengan cara lisan",5,Jawaban Siswa
Pendidikan Pancasila,"Sebagai identitas budaya bangsa Indonesia, tradisi gotong royong sarat dengan nilai-nilai luhur. Berikut ini nilai-nilai luhur yang terkandung dalam tradisi gotong royong, kecuali","tidak menolong, tidak mau gotong royong, tidak menghargai",10,Jawaban Siswa
Pendidikan Pancasila,"Pada salah satu bait di kitab tersebut (sutasoma) terdapat kalimat yang kemudian kita jadikan sebagai semboya Republik Indonesia, yakni ""Bhinneka Tunggal Ika"" yang berarti berbeda-beda, tetapi tetap satu jua. Semboyan bhinneka tunggal ika merupakan respon dari Mpu Tantular terhadap?",Perselisihan di tengah perbedaan,0,Jawaban Siswa
Pendidikan Pancasila,narasikan apakah itu bhineka tunggal ika?,"Bhineka Tunggal Ika berarti berbeda beda Tetapi tetap Satu Jua yaitu meskipun kita Berbeda suku, ras, agama, dan Budaya Kita tetap harus Saling menghormati, menghargai",10,Jawaban Siswa
Pendidikan Pancasila,Bhinneka tunggal ika tan hana dharma mangrwa. Coba cari makna atau arti dari kalimat tersebut!,Berbeda beda Tetapi tetap Satu Jua,0,Jawaban Siswa
Pendidikan Pancasila,Indonesia adalah negara yang memiliki penduduk heterogen dengan wilayah kepulauan yang terdiri atas belasan ribu pulau yang satu sama lain dipersatukan oleh selat dan laut. Coba jelaskan apa makna yang terkandung dalam hubungan bangsa Indonesia dengan bhineka tunggal ika?,Perbedaan dalam keberagaman merupakan kesatuan dari bangsa Indonesia,0,Jawaban Siswa
Pendidikan Pancasila,Apakah sebenarnya makna dari BHINEKA TUNGGAL IKA dalam kitab sutasoma tersebut?,Saling menghagai satu sama lain,0,Jawaban Siswa
Pendidikan Pancasila,"Makna bhinneka tunggal ika secara kontekstual ialah perbedaan dalam keberagaman dan merupakan kesatuan dari bangsa Indonesia. Kalimat bhinneka tunggal ika mengandung dua unsur, yaitu keberagaman dan kesatuan. Jelaskan!",Keberagaman yaitu Suatu yg beragam banyak jenis atau macam macam pilihan kesatuan yaitu bersatu yg bermakna walau berbeda Tetap bersatu.,0,Jawaban Siswa
Pendidikan Pancasila,Apa yang kalian ketahui tentang system ekonomi Pancasila?,memberikan kehidupan yg makmur dlm masyarakat,0,Jawaban Siswa
Pendidikan Pancasila,Jelaskan apa makna penting dari gotong royong?,Makna dari gotong royong yaitu Saling membantu satu sama lain,10,Jawaban Siswa
Pendidikan Pancasila,"Konsep gotong royong mengandung makna bekerja sama secara nyata, baik secara fisik maupun nonfisik. Jelaskan apa yang dimaksud dengan gotong royong fisik dan nonfisik! Berikan contohnya!","gotong royong bukan Cuma membantu bersih bersih kampung, gotong royong Fisik yaitu nyata di dunia nyata langsung bertatap muka dengan orang lain. Gotong royong nonfisik yaitu Secara Tidak langsung contoh Kerja kelompok dengan mencari jawaban di HP",5,Jawaban Siswa
Pendidikan Pancasila,"Sebagai identitas budaya bangsa Indonesia, tradisi gotong royong sarat dengan nilai-nilai luhur. Berikut ini nilai-nilai luhur yang terkandung dalam tradisi gotong royong, kecuali",Kecuali orang orang yang melakukannya,10,Jawaban Siswa
Pendidikan Pancasila,"Pada salah satu bait di kitab tersebut (sutasoma) terdapat kalimat yang kemudian kita jadikan sebagai semboya Republik Indonesia, yakni ""Bhinneka Tunggal Ika"" yang berarti berbeda-beda, tetapi tetap satu jua. Semboyan bhinneka tunggal ika merupakan respon dari Mpu Tantular terhadap?",Keberagaman yang ada,0,Jawaban Siswa
Pendidikan Pancasila,narasikan apakah itu bhineka tunggal ika?,Bhinneka tunggal ika ini semboyan dari Mpu tantular dan semboyan ini diambil dari kirab sutasoma,5,Jawaban Siswa
Pendidikan Pancasila,Bhinneka tunggal ika tan hana dharma mangrwa. Coba cari makna atau arti dari kalimat tersebut!,"berbeda beda tetapi tetap satu jua, yg tidak melanggar aturan",0,Jawaban Siswa
Pendidikan Pancasila,Indonesia adalah negara yang memiliki penduduk heterogen dengan wilayah kepulauan yang terdiri atas belasan ribu pulau yang satu sama lain dipersatukan oleh selat dan laut. Coba jelaskan apa makna yang terkandung dalam hubungan bangsa Indonesia dengan bhineka tunggal ika?,"mereka ini saling dipersatukan oleh selat dan laut, akan tetapi mereka juga memiliki ciri khas masing masing",0,Jawaban Siswa
Pendidikan Pancasila,Apakah sebenarnya makna dari BHINEKA TUNGGAL IKA dalam kitab sutasoma tersebut?,berbeda beda tetapi tetap satu jua,5,Jawaban Siswa
Pendidikan Pancasila,"Makna bhinneka tunggal ika secara kontekstual ialah perbedaan dalam keberagaman dan merupakan kesatuan dari bangsa Indonesia. Kalimat bhinneka tunggal ika mengandung dua unsur, yaitu keberagaman dan kesatuan. Jelaskan!","Keberagaman yaitu bahwasannya di semua lingkungan itu terdapat keberagaman yg berbeda dari suku, budaya, ras, dll. Kesatuan yaitu bahwasannya di semua keberagaman ini menjadi satu tidak ada sedikitpun yg berbeda baik ras, suku, dll",10,Jawaban Siswa
Pendidikan Pancasila,Apa yang kalian ketahui tentang system ekonomi Pancasila?,Suatu metode memberikan kehidupan yg makmur kepada masyarakat,0,Jawaban Siswa
Pendidikan Pancasila,Jelaskan apa makna penting dari gotong royong?,"Pepatah mengatakan berat sama dijinjing, ringan sama di junjung bisa digaris bawahi gotong royong ini sesuatu yg apabila dilakukannya dg cara bersama-sama makan akan ringan",10,Jawaban Siswa
Pendidikan Pancasila,"Konsep gotong royong mengandung makna bekerja sama secara nyata, baik secara fisik maupun nonfisik. Jelaskan apa yang dimaksud dengan gotong royong fisik dan nonfisik! Berikan contohnya!","Gotong royong fisik, yaitu melakukannya dengn cara memakan tenaga seperti membersihkan lingkungan sekitar. Gotong royong non fisik yaitu melakukannya dg cara yang tidak memakan tenaga dan waktu",10,Jawaban Siswa
Pendidikan Pancasila,"Sebagai identitas budaya bangsa Indonesia, tradisi gotong royong sarat dengan nilai-nilai luhur. Berikut ini nilai-nilai luhur yang terkandung dalam tradisi gotong royong, kecuali","Kecuali orang orang yg melakukannya dg cara sendirian tidak sama orang lain maka tidak termasuk nilai nilai luhur. Dampaknya terdapat perpecahan dan perselisihan, memberatkan suatu Pekerjaan.",10,Jawaban Siswa
Pendidikan Pancasila,"Pada salah satu bait di kitab tersebut (sutasoma) terdapat kalimat yang kemudian kita jadikan sebagai semboya Republik Indonesia, yakni ""Bhinneka Tunggal Ika"" yang berarti berbeda-beda, tetapi tetap satu jua. Semboyan bhinneka tunggal ika merupakan respon dari Mpu Tantular terhadap?",bangsa indonesia,0,Jawaban Siswa
Pendidikan Pancasila,narasikan apakah itu bhineka tunggal ika?,Sebagai pedoman hidup bangsa indonesia,5,Jawaban Siswa
Pendidikan Pancasila,Bhinneka tunggal ika tan hana dharma mangrwa. Coba cari makna atau arti dari kalimat tersebut!,bhinneka tunggal ika adalah keberagaman dan kesatuan,0,Jawaban Siswa
Pendidikan Pancasila,Indonesia adalah negara yang memiliki penduduk heterogen dengan wilayah kepulauan yang terdiri atas belasan ribu pulau yang satu sama lain dipersatukan oleh selat dan laut. Coba jelaskan apa makna yang terkandung dalam hubungan bangsa Indonesia dengan bhineka tunggal ika?,keberagaman perbedaan pulau tapi bersatu,0,Jawaban Siswa
Pendidikan Pancasila,Apakah sebenarnya makna dari BHINEKA TUNGGAL IKA dalam kitab sutasoma tersebut?,"Berbeda beda antar suku, agama, ras, budaya tapi tetap bersama bersatu kesatuan",5,Jawaban Siswa
Pendidikan Pancasila,"Makna bhinneka tunggal ika secara kontekstual ialah perbedaan dalam keberagaman dan merupakan kesatuan dari bangsa Indonesia. Kalimat bhinneka tunggal ika mengandung dua unsur, yaitu keberagaman dan kesatuan. Jelaskan!",keberagaman yang berbeda tapi tetap satu jua bersatu kesatuan,0,Jawaban Siswa
Pendidikan Pancasila,Apa yang kalian ketahui tentang system ekonomi Pancasila?,adalah perekonomian Pancasila,0,Jawaban Siswa
Pendidikan Pancasila,Jelaskan apa makna penting dari gotong royong?,bekerja sama secara nyata baik secara fisik atau nonfisik,5,Jawaban Siswa
Pendidikan Pancasila,"Konsep gotong royong mengandung makna bekerja sama secara nyata, baik secara fisik maupun nonfisik. Jelaskan apa yang dimaksud dengan gotong royong fisik dan nonfisik! Berikan contohnya!","gotong royong bukan Cuma membantu bersih bersih kampung, gotong royong Fisik yaitu nyata di dunia nyata langsung bertatap muka dengan orang lain. Gotong royong nonfisik yaitu Secara Tidak langsung contoh Kerja kelompok dengan mencari jawaban di HP",5,Jawaban Siswa
Pendidikan Pancasila,"Sebagai identitas budaya bangsa Indonesia, tradisi gotong royong sarat dengan nilai-nilai luhur. Berikut ini nilai-nilai luhur yang terkandung dalam tradisi gotong royong, kecuali",nonfisik atau tanpa tenaga fisik tubuh,10,Jawaban Siswa
Pendidikan Pancasila,"Pada salah satu bait di kitab tersebut (sutasoma) terdapat kalimat yang kemudian kita jadikan sebagai semboya Republik Indonesia, yakni ""Bhinneka Tunggal Ika"" yang berarti berbeda-beda, tetapi tetap satu jua. Semboyan bhinneka tunggal ika merupakan respon dari Mpu Tantular terhadap?",republik bangsa indoneisa ,0,Jawaban Siswa
Pendidikan Pancasila,narasikan apakah itu bhineka tunggal ika?,"Bhineka tunggal ika berbeda-beda tetapi tetap satu jua, semboyan ini diambil dari ajaran toleransi dalam kitab kawitan sutasoma.",10,Jawaban Siswa
Pendidikan Pancasila,Bhinneka tunggal ika tan hana dharma mangrwa. Coba cari makna atau arti dari kalimat tersebut!,berbeda-beda tetapi tetap satu jua,5,Jawaban Siswa
Pendidikan Pancasila,Indonesia adalah negara yang memiliki penduduk heterogen dengan wilayah kepulauan yang terdiri atas belasan ribu pulau yang satu sama lain dipersatukan oleh selat dan laut. Coba jelaskan apa makna yang terkandung dalam hubungan bangsa Indonesia dengan bhineka tunggal ika?,bhineka tunggal ika yg menekankan persatuan sebagai moto negara yg dicantumkan pada lambang negara Garuda Pancasila,10,Jawaban Siswa
Pendidikan Pancasila,Apakah sebenarnya makna dari BHINEKA TUNGGAL IKA dalam kitab sutasoma tersebut?,Semboyan ini diambil dari ajaran toleransi dalam kitab kawitan sutasoma agama hindu budha pada masa maja pahit,5,Jawaban Siswa
Pendidikan Pancasila,"Makna bhinneka tunggal ika secara kontekstual ialah perbedaan dalam keberagaman dan merupakan kesatuan dari bangsa Indonesia. Kalimat bhinneka tunggal ika mengandung dua unsur, yaitu keberagaman dan kesatuan. Jelaskan!","di indonesia banyak keberagaman di indonesia ada suku, ras, budaya, agama. Karena kita di Indonesia kita harus tetap satu tujuan",5,Jawaban Siswa
Pendidikan Pancasila,Apa yang kalian ketahui tentang system ekonomi Pancasila?,"Sistem ekonomi Pancasila adalah sistem ekonomi khas Indonesia yg dilandaskan Pancasila dan undang-undang dasar 1949. asas utamanya ialah kekeluargaan, keadilan sosial, dan Gotong Royong",10,Jawaban Siswa
Pendidikan Pancasila,Jelaskan apa makna penting dari gotong royong?,gotong royong mengandung makna bekerja sama baik secara fisik maupun non fisik,5,Jawaban Siswa
Pendidikan Pancasila,"Konsep gotong royong mengandung makna bekerja sama secara nyata, baik secara fisik maupun nonfisik. Jelaskan apa yang dimaksud dengan gotong royong fisik dan nonfisik! Berikan contohnya!",gotong royong fisik contohnya membersihkan masjid. Gotong royong nonfisik contohnya bermusyawarah menyelesaikan masalah bersama masyarakat.,5,Jawaban Siswa
Pendidikan Pancasila,"Sebagai identitas budaya bangsa Indonesia, tradisi gotong royong sarat dengan nilai-nilai luhur. Berikut ini nilai-nilai luhur yang terkandung dalam tradisi gotong royong, kecuali",tidak ada,0,Jawaban Siswa
Pendidikan Pancasila,"Pada salah satu bait di kitab tersebut (sutasoma) terdapat kalimat yang kemudian kita jadikan sebagai semboya Republik Indonesia, yakni ""Bhinneka Tunggal Ika"" yang berarti berbeda-beda, tetapi tetap satu jua. Semboyan bhinneka tunggal ika merupakan respon dari Mpu Tantular terhadap?",Bangsa Indonesia,0,Jawaban Siswa
Pendidikan Pancasila,narasikan apakah itu bhineka tunggal ika?,"Bhineka Tunggal Ika yaitu berbeda-beda, tetapi tetap satu jua",0,Jawaban Siswa
Pendidikan Pancasila,Bhinneka tunggal ika tan hana dharma mangrwa. Coba cari makna atau arti dari kalimat tersebut!,Berbeda beda tetapi tetap satu tujuan,5,Jawaban Siswa
Pendidikan Pancasila,Indonesia adalah negara yang memiliki penduduk heterogen dengan wilayah kepulauan yang terdiri atas belasan ribu pulau yang satu sama lain dipersatukan oleh selat dan laut. Coba jelaskan apa makna yang terkandung dalam hubungan bangsa Indonesia dengan bhineka tunggal ika?,"Yaitu walaupun jauh, atau tidak satu lingkup tetap bersatu",0,Jawaban Siswa
Pendidikan Pancasila,Apakah sebenarnya makna dari BHINEKA TUNGGAL IKA dalam kitab sutasoma tersebut?,Semboyan ini diambil dari ajaran toleransi dalam kitab kawitan sutasoma agama hindu budha pada masa maja pahit,5,Jawaban Siswa
Pendidikan Pancasila,"Makna bhinneka tunggal ika secara kontekstual ialah perbedaan dalam keberagaman dan merupakan kesatuan dari bangsa Indonesia. Kalimat bhinneka tunggal ika mengandung dua unsur, yaitu keberagaman dan kesatuan. Jelaskan!",Keberagaman yaitu bermakan tentang banyaknya suku atau budaya yang ada di Indonesia. Kesatuan yaitu bermakna tentang walaupun di negeri ini ada banyak suku dan budaya yang berbeda tetapi tetap bersatu.,5,Jawaban Siswa
Pendidikan Pancasila,Apa yang kalian ketahui tentang system ekonomi Pancasila?,System Ekonomi Pancasila itu mengikuti bagaimana keaadan Pekerjaan,0,Jawaban Siswa
Pendidikan Pancasila,Jelaskan apa makna penting dari gotong royong?,"Bekerjasama secara nyata, baik secara fisik maupun nonfisik",0,Jawaban Siswa
Pendidikan Pancasila,"Konsep gotong royong mengandung makna bekerja sama secara nyata, baik secara fisik maupun nonfisik. Jelaskan apa yang dimaksud dengan gotong royong fisik dan nonfisik! Berikan contohnya!","Gotong Royong secara fisik yaitu seperti membersihkan lingkungan masyarakat bersama-sama, atau offline (secara langsung). Nonfisik yaitu seperti membuat laporan apapun lewat hp atau online.",5,Jawaban Siswa
Pendidikan Pancasila,"Sebagai identitas budaya bangsa Indonesia, tradisi gotong royong sarat dengan nilai-nilai luhur. Berikut ini nilai-nilai luhur yang terkandung dalam tradisi gotong royong, kecuali",tidak ada,0,Jawaban Siswa
Pendidikan Pancasila,"Pada salah satu bait di kitab tersebut (sutasoma) terdapat kalimat yang kemudian kita jadikan sebagai semboya Republik Indonesia, yakni ""Bhinneka Tunggal Ika"" yang berarti berbeda-beda, tetapi tetap satu jua. Semboyan bhinneka tunggal ika merupakan respon dari Mpu Tantular terhadap?","Semboyan bhineka tunggal ika merupakan respons mpu tantular terhadap keberagaman atau perbedaan Bangsa Indonesia. Seperti beragamnya ras, suku, bahasa, agama, budaya, dan lain lain",0,Jawaban Siswa
Pendidikan Pancasila,narasikan apakah itu bhineka tunggal ika?,Bhineka tunggal ika adalah Semboyan bangsa Indonesia dan menjadi dasar persatuan bangsa Indonesia. Bhineka Tunggal Ika berasal dari kitab sutasoma karya Mpu Tantular Pada masa Majapahit,10,Jawaban Siswa
Pendidikan Pancasila,Bhinneka tunggal ika tan hana dharma mangrwa. Coba cari makna atau arti dari kalimat tersebut!,Berbeda beda tetapi tetap satu jua,5,Jawaban Siswa
Pendidikan Pancasila,Indonesia adalah negara yang memiliki penduduk heterogen dengan wilayah kepulauan yang terdiri atas belasan ribu pulau yang satu sama lain dipersatukan oleh selat dan laut. Coba jelaskan apa makna yang terkandung dalam hubungan bangsa Indonesia dengan bhineka tunggal ika?,"Bhineka Tunggal Ika erat kaitannya dengan hubungan bangsa Indonesia, karena arti dari Bhineka Tunggal Ika sendiri sudah menjelaskan bagaimana hubungan bangsa Indonesia.",10,Jawaban Siswa
Pendidikan Pancasila,Apakah sebenarnya makna dari BHINEKA TUNGGAL IKA dalam kitab sutasoma tersebut?,Berbeda beda tetapi tetap satu,0,Jawaban Siswa
Pendidikan Pancasila,"Makna bhinneka tunggal ika secara kontekstual ialah perbedaan dalam keberagaman dan merupakan kesatuan dari bangsa Indonesia. Kalimat bhinneka tunggal ika mengandung dua unsur, yaitu keberagaman dan kesatuan. Jelaskan!","Keberagaman agama, suku, bahasa, ras, budaya, daerah, dll. Merupakan kesatuan bagi bangsa Indonesia",10,Jawaban Siswa
Pendidikan Pancasila,Apa yang kalian ketahui tentang system ekonomi Pancasila?,Sistem ekonomi Pancasila,0,Jawaban Siswa
Pendidikan Pancasila,Jelaskan apa makna penting dari gotong royong?,Gotong royong adalah bekerja sama untuk mencapai tujuan bersama dan menjadi perwujudan sistem eknomi Pancasila karena adanya keadilan Sosial dan kebersamaan.,10,Jawaban Siswa
Pendidikan Pancasila,"Konsep gotong royong mengandung makna bekerja sama secara nyata, baik secara fisik maupun nonfisik. Jelaskan apa yang dimaksud dengan gotong royong fisik dan nonfisik! Berikan contohnya!",Gotong royong fisik contohnya membersihkan lingkungan,5,Jawaban Siswa
Pendidikan Pancasila,"Sebagai identitas budaya bangsa Indonesia, tradisi gotong royong sarat dengan nilai-nilai luhur. Berikut ini nilai-nilai luhur yang terkandung dalam tradisi gotong royong, kecuali",kecuali,0,Jawaban Siswa
Pendidikan Pancasila,"Pada salah satu bait di kitab tersebut (sutasoma) terdapat kalimat yang kemudian kita jadikan sebagai semboya Republik Indonesia, yakni ""Bhinneka Tunggal Ika"" yang berarti berbeda-beda, tetapi tetap satu jua. Semboyan bhinneka tunggal ika merupakan respon dari Mpu Tantular terhadap?",Kerajaan majapahit,10,Jawaban Siswa
Pendidikan Pancasila,narasikan apakah itu bhineka tunggal ika?,"Bhineka tunggal ika yaitu berbeda-beda, tetapi tetap satu jua yang artinya bahwa kita semua tidak perlu memandang Perbedaan apapun jika ingin bersatu, tetapi kita perlu bersatu untuk melakukan apapun tanpa memandang apapun untuk mencapai keberhasilan dan kedamaian",10,Jawaban Siswa
Pendidikan Pancasila,Bhinneka tunggal ika tan hana dharma mangrwa. Coba cari makna atau arti dari kalimat tersebut!,berbeda-beda tapi tetap satu tujuan anti terpecah belah.,0,Jawaban Siswa
Pendidikan Pancasila,Indonesia adalah negara yang memiliki penduduk heterogen dengan wilayah kepulauan yang terdiri atas belasan ribu pulau yang satu sama lain dipersatukan oleh selat dan laut. Coba jelaskan apa makna yang terkandung dalam hubungan bangsa Indonesia dengan bhineka tunggal ika?,"makna yang terkandung dalam hubungan bangsa Indonesia dan Bhineka tunggal ika yaitu Indonesia memiliki penduduk heterogen dengan kepulauan belasan ribu, walaupun terpecah belah oleh pulau tapi masih tepat Indonesia",5,Jawaban Siswa
Pendidikan Pancasila,Apakah sebenarnya makna dari BHINEKA TUNGGAL IKA dalam kitab sutasoma tersebut?,Berbeda-beda tetapi tetap satu jiwa,0,Jawaban Siswa
Pendidikan Pancasila,"Makna bhinneka tunggal ika secara kontekstual ialah perbedaan dalam keberagaman dan merupakan kesatuan dari bangsa Indonesia. Kalimat bhinneka tunggal ika mengandung dua unsur, yaitu keberagaman dan kesatuan. Jelaskan!",Keberagaman yaitu macam macam suku budaya. Kesatuan yaitu Indonesia,0,Jawaban Siswa
Pendidikan Pancasila,Apa yang kalian ketahui tentang system ekonomi Pancasila?,Sistem ekonomi pancasila merupakan sistem ekonomi yang menggunakan dasar pancasila,10,Jawaban Siswa
Pendidikan Pancasila,Jelaskan apa makna penting dari gotong royong?,"saling tolong menolong, supaya satu lelah semua lelah dan supaya pekerjaan lebih mudah",10,Jawaban Siswa
Pendidikan Pancasila,"Konsep gotong royong mengandung makna bekerja sama secara nyata, baik secara fisik maupun nonfisik. Jelaskan apa yang dimaksud dengan gotong royong fisik dan nonfisik! Berikan contohnya!",Gotong royong fisik yakni bekerja sama yang melibatkan tenaga. Contohnya Gotong royong membersihkan sekolah. Gotong royong nonfisik yakni gotong royong yang tidak menggunakan tenaga contohnya kerja kelompok,5,Jawaban Siswa
Pendidikan Pancasila,"Sebagai identitas budaya bangsa Indonesia, tradisi gotong royong sarat dengan nilai-nilai luhur. Berikut ini nilai-nilai luhur yang terkandung dalam tradisi gotong royong, kecuali",bermalas malasan,10,Jawaban Siswa
Pendidikan Pancasila,"Pada salah satu bait di kitab tersebut (sutasoma) terdapat kalimat yang kemudian kita jadikan sebagai semboya Republik Indonesia, yakni ""Bhinneka Tunggal Ika"" yang berarti berbeda-beda, tetapi tetap satu jua. Semboyan bhinneka tunggal ika merupakan respon dari Mpu Tantular terhadap?",Majapahit,10,Jawaban Siswa
Pendidikan Pancasila,narasikan apakah itu bhineka tunggal ika?,"Semboyan Bhinneka tunggal ika ini Menegaskan dan Melambangkan persatuan ditengah keberagaman Ras, suku, budaya, yg dirumuskan oleh founding fathers Sebagai Pondasi NKRI. Semboyan ini melambangkan walaupun berbeda Ras, suku, dan budaya tapi tetap Bersatu dalam kesatuan bangsa Indonesia",10,Jawaban Siswa
Pendidikan Pancasila,Bhinneka tunggal ika tan hana dharma mangrwa. Coba cari makna atau arti dari kalimat tersebut!,"Bhineka tunggal ika tan hana dharma mangrwa bermakna "" Berbeda beda tapi tetap Satu dan tidak ada kebenaran Yang mendua """,10,Jawaban Siswa
Pendidikan Pancasila,Indonesia adalah negara yang memiliki penduduk heterogen dengan wilayah kepulauan yang terdiri atas belasan ribu pulau yang satu sama lain dipersatukan oleh selat dan laut. Coba jelaskan apa makna yang terkandung dalam hubungan bangsa Indonesia dengan bhineka tunggal ika?,Bhineka tunggal ika Melambangkan persatuan di tengah keberagaman yg dirumuskan sebagai pondasi Negara kerakyatan Republik Indonesia,10,Jawaban Siswa
Pendidikan Pancasila,Apakah sebenarnya makna dari BHINEKA TUNGGAL IKA dalam kitab sutasoma tersebut?,Bhinneka bermakna Berbeda-beda atau Beragam. Tunggal bermakna satu. Ika Bermakna itu. Menjadi harafiah yg berarti Berbeda-beda tapi tetap satu,10,Jawaban Siswa
Pendidikan Pancasila,"Makna bhinneka tunggal ika secara kontekstual ialah perbedaan dalam keberagaman dan merupakan kesatuan dari bangsa Indonesia. Kalimat bhinneka tunggal ika mengandung dua unsur, yaitu keberagaman dan kesatuan. Jelaskan!","Mengandung dua unsur. Pertama keberagaman yaitu berbedanya berbagai khas, suku, budaya. Kedua kesatuan yaitu walau begitu tetapi tetap bangsa Indonesia",10,Jawaban Siswa
Pendidikan Pancasila,Apa yang kalian ketahui tentang system ekonomi Pancasila?,"Sistem ekonomi Pancasila adalah sistem ekonomi khas Indonesia yg dilandaskan Pancasila dan undang-undang dasar 1949. asas utamanya ialah kekeluargaan, keadilan sosial, dan Gotong Royong",10,Jawaban Siswa
Pendidikan Pancasila,Jelaskan apa makna penting dari gotong royong?,"Gotong Royong dalam bahasa jawa gotong artinya Pikul atau angkat sedangkan Royong artinya bersama-sama, Sehingga Menjadi harafiah Yg bermakna. Mengerjakan sesuatu dengan Bersama-sama.",10,Jawaban Siswa
Pendidikan Pancasila,"Konsep gotong royong mengandung makna bekerja sama secara nyata, baik secara fisik maupun nonfisik. Jelaskan apa yang dimaksud dengan gotong royong fisik dan nonfisik! Berikan contohnya!",Gotong Royong dalam kebiasaan fisik biasanya dilakukan dengan Menggunakan fisik seperti Gotong Royong kerja bakti lingkungan sekitar. Sedangkan non fisik dilakukan diluar itu karena bukan cuman dilakukan aktivitas fisik melainkan juga untuk Cerminan diri atau Pencerminan kepribadian Gotong Royong dalam Pemikiran otak dan kedewasaan.,10,Jawaban Siswa
Pendidikan Pancasila,"Sebagai identitas budaya bangsa Indonesia, tradisi gotong royong sarat dengan nilai-nilai luhur. Berikut ini nilai-nilai luhur yang terkandung dalam tradisi gotong royong, kecuali","tidak menolong, tidak mau gotong royong, tidak menghargai",10,Jawaban Siswa
Pendidikan Pancasila,"Pada salah satu bait di kitab tersebut (sutasoma) terdapat kalimat yang kemudian kita jadikan sebagai semboya Republik Indonesia, yakni ""Bhinneka Tunggal Ika"" yang berarti berbeda-beda, tetapi tetap satu jua. Semboyan bhinneka tunggal ika merupakan respon dari Mpu Tantular terhadap?",keadaan masyarakat nusantara yang berbeda-beda,0,Jawaban Siswa
Pendidikan Pancasila,narasikan apakah itu bhineka tunggal ika?,bhineka tunggal ika adalah Semboyan bangsa indonesia yang berarti berbeda-beda tetapi tetap satu,5,Jawaban Siswa
Pendidikan Pancasila,Bhinneka tunggal ika tan hana dharma mangrwa. Coba cari makna atau arti dari kalimat tersebut!,"berbeda-beda itu satu adanya, tidak ada kebenaran yang mendua",10,Jawaban Siswa
Pendidikan Pancasila,Indonesia adalah negara yang memiliki penduduk heterogen dengan wilayah kepulauan yang terdiri atas belasan ribu pulau yang satu sama lain dipersatukan oleh selat dan laut. Coba jelaskan apa makna yang terkandung dalam hubungan bangsa Indonesia dengan bhineka tunggal ika?,"makna yang terkandung adalah bahwa walaupun indonesia terdiri dari banyak pulau, suku, budaya, dan adat istiadat seluruh rakyat indonesia tetap di persatukan sebagai satu bangsa dan satu negara dalam bingkai Bhineka tunggal ika",10,Jawaban Siswa
Pendidikan Pancasila,Apakah sebenarnya makna dari BHINEKA TUNGGAL IKA dalam kitab sutasoma tersebut?,"ajaran toleransi dan persatuan, yaitu mengakui adanya perbedaan tetapi menjaga kesatuan dan keharmonisan dalam kehidupan bermasyarakat.",10,Jawaban Siswa
Pendidikan Pancasila,"Makna bhinneka tunggal ika secara kontekstual ialah perbedaan dalam keberagaman dan merupakan kesatuan dari bangsa Indonesia. Kalimat bhinneka tunggal ika mengandung dua unsur, yaitu keberagaman dan kesatuan. Jelaskan!","Mengandung dua unsur. Pertama keberagaman yaitu berbedanya berbagai khas, suku, budaya. Kedua kesatuan yaitu walau begitu tetapi tetap bangsa Indonesia",10,Jawaban Siswa
Pendidikan Pancasila,Apa yang kalian ketahui tentang system ekonomi Pancasila?,"Sistem ekonomi Pancasila adalah sistem ekonomi khas Indonesia yg dilandaskan Pancasila dan undang-undang dasar 1949. asas utamanya ialah kekeluargaan, keadilan sosial, dan Gotong Royong",10,Jawaban Siswa
Pendidikan Pancasila,Jelaskan apa makna penting dari gotong royong?,"Pepatah mengatakan berat sama dijinjing, ringan sama di junjung bisa digaris bawahi gotong royong ini sesuatu yg apabila dilakukannya dg cara bersama-sama makan akan ringan",10,Jawaban Siswa
Pendidikan Pancasila,"Konsep gotong royong mengandung makna bekerja sama secara nyata, baik secara fisik maupun nonfisik. Jelaskan apa yang dimaksud dengan gotong royong fisik dan nonfisik! Berikan contohnya!","gotong royong fisik yaitu kita bekerja sama saling membantu dan tenaga dari fisik kita, contohnya gotong royong membersihkan selokan, itu merupakan tujuan bersama dengan masyarakat, oleh karena itu gotong royong fisik sangat diperlukan agar dapat mencapai tujuan. Gotong royong non fisik yaitu contohnya seperti gotong royong tolong menolong misalnya lewat HP kita membantu teman yang sedang kesusahan untuk memahami materi sehingga dia belum bisa mengerjakan tugas yang diberikan oleh gurunya, nah kita sebagai teman bisa menyikapinya dengan gotong royong non fisik, misal kita selesaikan materi tersebut kepada teman kita lewat hp agar dia sedikit faham sehingga bisa mengerjakan tugasnya.",10,Jawaban Siswa
Pendidikan Pancasila,"Sebagai identitas budaya bangsa Indonesia, tradisi gotong royong sarat dengan nilai-nilai luhur. Berikut ini nilai-nilai luhur yang terkandung dalam tradisi gotong royong, kecuali","Sikap individualisme, persaingan bebas, mengharap imbalan atau pamrih",10,Jawaban Siswa
Pendidikan Pancasila,"Pada salah satu bait di kitab tersebut (sutasoma) terdapat kalimat yang kemudian kita jadikan sebagai semboya Republik Indonesia, yakni ""Bhinneka Tunggal Ika"" yang berarti berbeda-beda, tetapi tetap satu jua. Semboyan bhinneka tunggal ika merupakan respon dari Mpu Tantular terhadap?",Majapahit,10,Jawaban Siswa
Pendidikan Pancasila,narasikan apakah itu bhineka tunggal ika?,"Semboyan Bhinneka tunggal ika ini Menegaskan dan Melambangkan persatuan ditengah keberagaman Ras, suku, budaya, yg dirumuskan oleh founding fathers Sebagai Pondasi NKRI. Semboyan ini melambangkan walaupun berbeda Ras, suku, dan budaya tapi tetap Bersatu dalam kesatuan bangsa Indonesia",,Jawaban Siswa
Pendidikan Pancasila,Bhinneka tunggal ika tan hana dharma mangrwa. Coba cari makna atau arti dari kalimat tersebut!,"Bhineka tunggal ika tan hana dharma mangrwa bermakna "" Berbeda beda tapi tetap Satu dan tidak ada kebenaran Yang mendua """,10,Jawaban Siswa
Pendidikan Pancasila,Indonesia adalah negara yang memiliki penduduk heterogen dengan wilayah kepulauan yang terdiri atas belasan ribu pulau yang satu sama lain dipersatukan oleh selat dan laut. Coba jelaskan apa makna yang terkandung dalam hubungan bangsa Indonesia dengan bhineka tunggal ika?,Bhineka tunggal ika Melambangkan persatuan di tengah keberagaman yg dirumuskan sebagai pondasi Negara kerakyatan Republik Indonesia,10,Jawaban Siswa
Pendidikan Pancasila,Apakah sebenarnya makna dari BHINEKA TUNGGAL IKA dalam kitab sutasoma tersebut?,Bhinneka bermakna Berbeda-beda atau Beragam. Tunggal bermakna satu. Ika Bermakna itu. Menjadi harafiah yg berarti Berbeda-beda tapi tetap satu,10,Jawaban Siswa
Pendidikan Pancasila,"Makna bhinneka tunggal ika secara kontekstual ialah perbedaan dalam keberagaman dan merupakan kesatuan dari bangsa Indonesia. Kalimat bhinneka tunggal ika mengandung dua unsur, yaitu keberagaman dan kesatuan. Jelaskan!","Mengandung dua unsur. Pertama keberagaman yaitu berbedanya berbagai khas, suku, budaya. Kedua kesatuan yaitu walau begitu tetapi tetap bangsa Indonesia",10,Jawaban Siswa
Pendidikan Pancasila,Apa yang kalian ketahui tentang system ekonomi Pancasila?,"Sistem ekonomi Pancasila adalah sistem ekonomi khas Indonesia yg dilandaskan Pancasila dan undang-undang dasar 1949. asas utamanya ialah kekeluargaan, keadilan sosial, dan Gotong Royong",10,Jawaban Siswa
Pendidikan Pancasila,Jelaskan apa makna penting dari gotong royong?,"Pepatah mengatakan berat sama dijinjing, ringan sama di junjung bisa digaris bawahi gotong royong ini sesuatu yg apabila dilakukannya dg cara bersama-sama makan akan ringan",10,Jawaban Siswa
Pendidikan Pancasila,"Konsep gotong royong mengandung makna bekerja sama secara nyata, baik secara fisik maupun nonfisik. Jelaskan apa yang dimaksud dengan gotong royong fisik dan nonfisik! Berikan contohnya!","gotong royong fisik yaitu kita bekerja sama saling membantu dan tenaga dari fisik kita, contohnya gotong royong membersihkan selokan, itu merupakan tujuan bersama dengan masyarakat, oleh karena itu gotong royong fisik sangat diperlukan agar dapat mencapai tujuan. Gotong royong non fisik yaitu contohnya seperti gotong royong tolong menolong misalnya lewat HP kita membantu teman yang sedang kesusahan untuk memahami materi sehingga dia belum bisa mengerjakan tugas yang diberikan oleh gurunya, nah kita sebagai teman bisa menyikapinya dengan gotong royong non fisik, misal kita selesaikan materi tersebut kepada teman kita lewat hp agar dia sedikit faham sehingga bisa mengerjakan tugasnya.",10,Jawaban Siswa
Pendidikan Pancasila,"Sebagai identitas budaya bangsa Indonesia, tradisi gotong royong sarat dengan nilai-nilai luhur. Berikut ini nilai-nilai luhur yang terkandung dalam tradisi gotong royong, kecuali","Sikap individualisme, persaingan bebas, mengharap imbalan atau pamrih",10,Jawaban Siswa
Seni,Jelaskan pengertian seni rupa dua dimensi dan sebutkan dua contoh karyanya,"karya seni yang memiliki dua ukuran yaitu panjang dan lebar serta hanya dapat dinikmati dari satu arah pandang (depan) . Contoh: lukisan, patung",5,Jawaban Siswa
Seni,Sebutkan dan jelaskan tiga unsur unsur seni rupa dua dimensi,"titik, garis, bidang, bentuk, ruang, warna,tekstur, dan gelap terang",5,Jawaban Siswa
Seni,Jelaskan perbedaan antara seni murni dan seni rupa terapan,"Seni murni : berfokus pada nilai estetika dan ekspresi pribadi seniman, contoh lukisan, patung. 
Seni terapan : mengutamakan fungsi praktis kegunaan sehari-hari tanpa meninggalkan unsur keindahan, contoh batik, arsitektur.",5,Jawaban Siswa
Seni,Jelaskan menurut kalian fungsi warna dalam karya seni rupa dua dimensi,Untuk mempermudah karya atau mempercantikan biar membangun pusat perhatian,5,Jawaban Siswa
Seni,Jelaskan industry kreatif,kreativitas dan bakat dan keterampilan individu untuk menghasilkan nilai,0,Jawaban Siswa
Seni,Sebutkan sepuluh subsektor di Industri Ekonomi Kreatif,Berbasis Pada ide Pengetahuan dan kreativitas seni untuk menciptakan nilai,0,Jawaban Siswa
Seni,Mengapa karya seni rupa dua dimensi memiliki peluang besar dalam industri kreatif,Seni rupa dua dimensi memang memiliki peluang yang sangat luas dan menjanjikan Dalam industri kreatif terutama dengan dukungan teknologi digital yang mempermudah proses produksi.,10,Jawaban Siswa
Seni,Sebutkan contoh produk industri kreatif di bidang atau subsector kriya dan kuliner,"kuliner bakso, karya seni membuat lukisan",5,Jawaban Siswa
Seni,Sebutkan unsur-unsur seni rupa,"titik, garis, bidang, bentuk, ruang, warna,tekstur, dan gelap terang",10,Jawaban Siswa
Seni,Nama lain dari dua dimensi,"Seni rupa, seni murni, seni terapan",0,Jawaban Siswa
Seni,Jelaskan pengertian seni rupa dua dimensi dan sebutkan dua contoh karyanya,Seni rupa dua Dimensi adalah karya seni yang memilki dua ukuran yaitu panjang dan lebar serta hanya dapat dilihat dari satu arah. Contohnya lukisan dan gambar atau poster.,10,Jawaban Siswa
Seni,Sebutkan dan jelaskan tiga unsur unsur seni rupa dua dimensi,"Titik : unsur pertama dn paling utama kunci terciptanya segala unsur. Garis : unsur seni rupa yg terbentuk dari rangkaian titik yg memanjang. 
Bidang : unsur seni yg terbentuk dari rangkaian garis",10,Jawaban Siswa
Seni,Jelaskan perbedaan antara seni murni dan seni rupa terapan,"Seni murni : Karya seni yg dibuat untuk di nikmati keindahannya saja
Seni rupa terapan : Karya seni yg memiliki nilai keindahan sekaligus fungsi pakai",10,Jawaban Siswa
Seni,Jelaskan menurut kalian fungsi warna dalam karya seni rupa dua dimensi,"Fungsi warna : untuk memperindah karya seni, memberikan Kesan atau suasana tertentu, serta memperjelas bentuk objek dalam karya seni.",10,Jawaban Siswa
Seni,Jelaskan industry kreatif,"Industri kreatif adalah industri yang mengandalkan kreativitas, ide dan kemampuan manusia untuk menghasilkan produk yang bernilai ekonomi.",10,Jawaban Siswa
Seni,Sebutkan sepuluh subsektor di Industri Ekonomi Kreatif,"Kuliner, Kriya, Fashion, Fotografi, musik, Film, Game, Aplikasi, Desain",8,Jawaban Siswa
Seni,Mengapa karya seni rupa dua dimensi memiliki peluang besar dalam industri kreatif,karena karya seni Dua Dimensi sangat diminati oleh banyak orang dan digemari oleh berbagai karangan,5,Jawaban Siswa
Seni,Sebutkan contoh produk industri kreatif di bidang atau subsector kriya dan kuliner,"kriya : kerajinan tangan seperti batik, anyaman, dan keramik
Kuliner : makanan khas daerah, kue tradisional, minuman kekinian",10,Jawaban Siswa
Seni,Sebutkan unsur-unsur seni rupa,"Titik, Garis, Bidang, warna, tekstur, Gelap Terang",8,Jawaban Siswa
Seni,Nama lain dari dua dimensi,"Komposisi, Perspektif, Proporsi",0,Jawaban Siswa
Seni,Jelaskan pengertian seni rupa dua dimensi dan sebutkan dua contoh karyanya,"seni rupa dua dimensi adalah karya seni yg bisa dilihat melalui indra penglihatan.
Contoh : batik, lukisan, foto ",10,Jawaban Siswa
Seni,Sebutkan dan jelaskan tiga unsur unsur seni rupa dua dimensi,"titik : unsur seni yg paling terkecil dan semua wujud dari titik
garis : goresan / batas limit dari suatu benda
bidang : unsur seni yg terbentuk dari beberapa garis",10,Jawaban Siswa
Seni,Jelaskan perbedaan antara seni murni dan seni rupa terapan,"Seni murni adalah karya seni yg hanya bisa dilihat dari depan sedangkan seni terapan adalah karya seni yg bisa difungsikan. Seperti batik, meja, dll",5,Jawaban Siswa
Seni,Jelaskan menurut kalian fungsi warna dalam karya seni rupa dua dimensi,"Fungsi warna yaitu memberi kesan, suasana, dan gaya tapi pada suatu karya.",10,Jawaban Siswa
Seni,Jelaskan industry kreatif,"Industri kreatif adalah sektor ekonomi / industri yang mengandalkan pada kreatif, ide, dan juga bakat",5,Jawaban Siswa
Seni,Sebutkan sepuluh subsektor di Industri Ekonomi Kreatif,"Film, kriya, DKV, Vashron, kuliner, fotography, musik, desain, iklan, animasi",10,Jawaban Siswa
Seni,Mengapa karya seni rupa dua dimensi memiliki peluang besar dalam industri kreatif,karena menghasilkan produk bernilai ekonomi dan dimana peminat pasarnya itu lebih besar daripada 3D ( Seni rup 3 dimensi),5,Jawaban Siswa
Seni,Sebutkan contoh produk industri kreatif di bidang atau subsector kriya dan kuliner,"Kriya : Rajut, kramik
Kuliner : Kopi kekinian",10,Jawaban Siswa
Seni,Sebutkan unsur-unsur seni rupa,"titik, garis, bidang, bentuk, warna, tesktur, gelap terang",10,Jawaban Siswa
Seni,Nama lain dari dua dimensi,dwimatra,10,Jawaban Siswa
Seni,Jelaskan pengertian seni rupa dua dimensi dan sebutkan dua contoh karyanya,"karya seni yg memiliki panjang dan lebar, hanya dapat dilihat dari satu arah.
Contohnya lukisan",8,Jawaban Siswa
Seni,Sebutkan dan jelaskan tiga unsur unsur seni rupa dua dimensi,"Titik, garis, dan bidang",5,Jawaban Siswa
Seni,Jelaskan perbedaan antara seni murni dan seni rupa terapan,"seni murni : untuk keindahan (lukisan)
seni terapan : memiliki fungsi pakai (poster)",10,Jawaban Siswa
Seni,Jelaskan menurut kalian fungsi warna dalam karya seni rupa dua dimensi,"Memberi kesan, suasana, dan daya tarik pada karya",10,Jawaban Siswa
Seni,Jelaskan industry kreatif,Industri yg mengandalkan kreatifitas dan ide untuk menghasilkan produk bernilai ekonomi,10,Jawaban Siswa
Seni,Sebutkan sepuluh subsektor di Industri Ekonomi Kreatif,"kriya, kuliner, desain, film, animasi, fotografi, musik, DKV, fashion, iklan",10,Jawaban Siswa
Seni,Mengapa karya seni rupa dua dimensi memiliki peluang besar dalam industri kreatif,karena menghasilkan produk bernilai ekonomi,10,Jawaban Siswa
Seni,Sebutkan contoh produk industri kreatif di bidang atau subsector kriya dan kuliner,"kriya = kerajinan tangan dan batik
kuliner = makanan khas daerah dan produk olahan",10,Jawaban Siswa
Seni,Sebutkan unsur-unsur seni rupa,"Titik, garis, bidang, bentuk, ruang, warna, tekstur, dan gelap terang",10,Jawaban Siswa
Seni,Nama lain dari dua dimensi,Dwi Marta,10,Jawaban Siswa
Seni,Jelaskan pengertian seni rupa dua dimensi dan sebutkan dua contoh karyanya,Seni Rupa dua dimensi adalah karya Seni yang memiliki dua ukuran panjang dan lebar,5,Jawaban Siswa
Seni,Sebutkan dan jelaskan tiga unsur unsur seni rupa dua dimensi,"titik : unsur yang paling kecil
Garis : Batas limit dari Suatu Bidang
Bidang : unsur Seni yg terbentuk dari beberapa Garis",10,Jawaban Siswa
Seni,Jelaskan perbedaan antara seni murni dan seni rupa terapan,"Seni Murni : dibuat untuk keindahan (estetika)
Seni rupa terapan : di buat Selain untuk Keindahan juga Memiliki Fungsi Pakai",10,Jawaban Siswa
Seni,Jelaskan menurut kalian fungsi warna dalam karya seni rupa dua dimensi,"Fungsi warna yaitu memberi kesan keindahan (sedih, ceria) 
Contoh: lukisan Pemandangan, menunjukan karakter objek",10,Jawaban Siswa
Seni,Jelaskan industry kreatif,"Industri kreatif adalah sektor industri yang mengandalkan kreatif, ide, dan juga Bakat",5,Jawaban Siswa
Seni,Sebutkan sepuluh subsektor di Industri Ekonomi Kreatif,"Film dan animasi, Musik, Fotografi, DKV, Kriya, kuliner, Fashion, Seni Rupa, desain grafis",8,Jawaban Siswa
Seni,Mengapa karya seni rupa dua dimensi memiliki peluang besar dalam industri kreatif,Karena menghasilkan Produk Bernilai Ekonomi,10,Jawaban Siswa
Seni,Sebutkan contoh produk industri kreatif di bidang atau subsector kriya dan kuliner,"Kriya : Contohnya tas, anyaman
Kuliner : Contohnya makanan khas daerah seperti kue, dll",10,Jawaban Siswa
Seni,Sebutkan unsur-unsur seni rupa,"titik, Garis, Bidang, tekstur, Bentuk, warna, gelap Terang.",10,Jawaban Siswa
Seni,Nama lain dari dua dimensi,Dwi Marta,10,Jawaban Siswa
Seni,Jelaskan pengertian seni rupa dua dimensi dan sebutkan dua contoh karyanya,"Seni rupa dua dimensi adalah seni rupa yang memiliki Panjang dan lebar serta hanya bisa dilihat dari satu arah (tidak memiliki volume atau ketebalan)
contoh : gambar dan poster",10,Jawaban Siswa
Seni,Sebutkan dan jelaskan tiga unsur unsur seni rupa dua dimensi,"titik : titik adalah unsur seni yang paling kecil
bidang : bidang kumpulan dari beberapa garis
warna : warna primer, warna sekunder, warna tersier, warna komplementer",10,Jawaban Siswa
Seni,Jelaskan perbedaan antara seni murni dan seni rupa terapan,"Seni Murni : karya seni yang dibuat untuk keindahan saja (estetika)
Seni rupa terapan : karya seni yang dapat difungsikan",10,Jawaban Siswa
Seni,Jelaskan menurut kalian fungsi warna dalam karya seni rupa dua dimensi,"memberi kesan indah, menunjukkan suasana (sedih, marah, ceria), menarik perhatian, memberikan identitas karya",10,Jawaban Siswa
Seni,Jelaskan industry kreatif,"industri kreatif adalah kegiatan ekonomi yang mengandalkan kreativitas, ide, dan bakat untuk menghasilkan produk bernilai jual.",10,Jawaban Siswa
Seni,Sebutkan sepuluh subsektor di Industri Ekonomi Kreatif,"Desain grafis, film, musik, fashion, kuliner, kriya, fotografi, DKV, Seni rupa",8,Jawaban Siswa
Seni,Mengapa karya seni rupa dua dimensi memiliki peluang besar dalam industri kreatif,"Karena banyak peluang kerja dari karya seni rupa dua dimensi
Contoh : Jasa Desain logo, Jasa ilustrasi, jasa banner dan poster, lukisan custom, Desain konten media sosial, karena banyak UMKM dan bisnis yang membutuhkan itu",10,Jawaban Siswa
Seni,Sebutkan contoh produk industri kreatif di bidang atau subsector kriya dan kuliner,"kriya : kerajinan tangan seperti rajut, keramik, anyaman
kuliner : makanan atau minuman kreatif seperti dessertbox, kopi kekinian, makanan tradisional kemasan modern",10,Jawaban Siswa
Seni,Sebutkan unsur-unsur seni rupa,"Titik, garis, bidang, bentuk, ruang, warna, tekstur, dan gelap terang",10,Jawaban Siswa
Seni,Nama lain dari dua dimensi,Dwi matra,10,Jawaban Siswa
Seni,Jelaskan pengertian seni rupa dua dimensi dan sebutkan dua contoh karyanya,Seni rupa adalah karya seni yang menciptakan pada bidang datar yang wujudnya dapat dinikmati dan dilihat dengan indra penglihatan,10,Jawaban Siswa
Seni,Sebutkan dan jelaskan tiga unsur unsur seni rupa dua dimensi,"titik : Unsur seni yang paling terkecil dan semua wujud diawali dengan titik.
Garis : goresan atau batas limit dari suatu benda, ruang, bidang, garis memiliki dimensi memanjang.
Bidang : unsur seni yang terbentuk dari beberapa garis",10,Jawaban Siswa
Seni,Jelaskan perbedaan antara seni murni dan seni rupa terapan,"Seni murni adalah seni yang hanya bisa dilihat saja, termasuk seni 2D.
Seni Terapan adalah cabang seni rupa yg menciptakan karya fungsional untuk digunakan dalam kehidupan sehari-hari, tanpa menghilangkan nilai estetika yang bisa difungsikan, contohnya patung.",10,Jawaban Siswa
Seni,Jelaskan menurut kalian fungsi warna dalam karya seni rupa dua dimensi,"fungsi warna dalam karya Seni rupa dua dimensi untuk mengekspresikan emosi, membangun suasana, menjadi pusat perhatian, dan menciptakan ilusi ruang, warna bukan sekedar dekoratif, melainkan alat komunikasi",10,Jawaban Siswa
Seni,Jelaskan industry kreatif,"adalah sektor ekonomi yang berfokus pada pencapaian produk dan distribusi karya seni rupa yang memiliki nilai estetika, budaya, dan ekonomi",10,Jawaban Siswa
Seni,Sebutkan sepuluh subsektor di Industri Ekonomi Kreatif,"kuliner, kriya, fashion, musik, layanan desain grafis, desain foto studio, fotografi, desainer, arsitektur",8,Jawaban Siswa
Seni,Mengapa karya seni rupa dua dimensi memiliki peluang besar dalam industri kreatif,"untuk mengetahui pembagian bidang usaha yang mengandalkan kreativitas ide dan keterampilan, sebagai sumber nilai ekonomi",10,Jawaban Siswa
Seni,Sebutkan contoh produk industri kreatif di bidang atau subsector kriya dan kuliner,"Bidang kriya : Batik, anyaman bambu, tas rajut, ukiran kayu. (kriya berfokus pada kerajinan tangan yang bernilai seni)
Bidang kuliner : makanan tradisional, makanan daerah, minuman kekinian, kripik (kuliner yang berfokus pada makanan)",5,Jawaban Siswa
Seni,Sebutkan unsur-unsur seni rupa,"titik, garis, bidang, bentuk, tekstur, warna, gelap terang, ruang",10,Jawaban Siswa
Seni,Nama lain dari dua dimensi,dwimatra,10,Jawaban Siswa
Seni,Jelaskan pengertian seni rupa dua dimensi dan sebutkan dua contoh karyanya,"seni rupa dua dimensi adalah seni rupa yg hanya bisa di lihat atau seni yg manfaatnya hanya untuk di lihat dan dinikmati keindahannya.
Contoh : lukisan, gambar, poster",10,Jawaban Siswa
Seni,Sebutkan dan jelaskan tiga unsur unsur seni rupa dua dimensi,"titik, garis, warna, dan lingkaran",5,Jawaban Siswa
Seni,Jelaskan perbedaan antara seni murni dan seni rupa terapan,seni murni adalah seni yg murni di kerjakan oleh seseorang sedangkan seni rupa seni yg dibuat oleh orang tetapi menggunakan bantuan,0,Jawaban Siswa
Seni,Jelaskan menurut kalian fungsi warna dalam karya seni rupa dua dimensi,Agar lebih terkesan memmbuat seni lebih hidup dan agar menambah daya tarik dan keindahan,10,Jawaban Siswa
Seni,Jelaskan industry kreatif,industri yg menciptakan barang baru,0,Jawaban Siswa
Seni,Sebutkan sepuluh subsektor di Industri Ekonomi Kreatif,"warung makan, pabrik besi, pabrik motor, pabrik esbed, genteng, batako, perajin kayu, pembuatan tv, dan pabrik HP",0,Jawaban Siswa
Seni,Mengapa karya seni rupa dua dimensi memiliki peluang besar dalam industri kreatif,karena seni rupa dua dimensi sangat banyak peminat dan penggemarnya,0,Jawaban Siswa
Seni,Sebutkan contoh produk industri kreatif di bidang atau subsector kriya dan kuliner,"HP, batako, dan makanan",0,Jawaban Siswa
Seni,Sebutkan unsur-unsur seni rupa,"titik, garis, bidang, warna",5,Jawaban Siswa
Seni,Nama lain dari dua dimensi,dua arah,0,Jawaban Siswa
Seni,Jelaskan pengertian seni rupa dua dimensi dan sebutkan dua contoh karyanya,senirupa dua dimensi adalah karya yang diciptakan pada bidang datar dan wujudnya bisa dinikmati untuk dilihat melalui indra penglihatan,5,Jawaban Siswa
Seni,Sebutkan dan jelaskan tiga unsur unsur seni rupa dua dimensi,"titik : unsur paling terkecil yg semua terwujud di awali dengan titik.
Goresan : batas limit dari suatu benda ruang bidang dll.
Bentuk : untuk seni rupa yg terbentuk dari beberapa bidang.",10,Jawaban Siswa
Seni,Jelaskan perbedaan antara seni murni dan seni rupa terapan,"seni murni : lukisan, patung seni grafis atau dibuat melalui teknik cetak sablon, cap poster dll. Fokus pada nilai estetika dan ekspresi pribadi.
Seni rupa : desain produk desain interior industri, menggabungkan nilai seni dengan fungsi praktis",10,Jawaban Siswa
Seni,Jelaskan menurut kalian fungsi warna dalam karya seni rupa dua dimensi,fungsi warna dalam dua dimensi yaitu  untuk mencampur warna ataupun untuk mewarnai gambar dua dimensi tersebut.,0,Jawaban Siswa
Seni,Jelaskan industry kreatif,"yaitu sektor ekonomi yang berfokus pada pencipta produksi dan distribusi karya Seni rupa yang memiliki nilai estetik, budaya ekonomi.",10,Jawaban Siswa
Seni,Sebutkan sepuluh subsektor di Industri Ekonomi Kreatif,"kriya, kuliner, fashion, musik",5,Jawaban Siswa
Seni,Mengapa karya seni rupa dua dimensi memiliki peluang besar dalam industri kreatif,karena karya seni rupa dua dimensi itu memiliki banyak orang yang mengaguminya dan banyak orang yang sangat suka dgn seni rupa dua dimensi,0,Jawaban Siswa
Seni,Sebutkan contoh produk industri kreatif di bidang atau subsector kriya dan kuliner,"nasi padang, nasi tempong, lalapan, nagor, pecel",5,Jawaban Siswa
Seni,Sebutkan unsur-unsur seni rupa,"titik, garis, bentuk, tekstur, warna",5,Jawaban Siswa
Seni,Nama lain dari dua dimensi,nama lain dari dua dimensi yaitu dwimatra,10,Jawaban Siswa
Seni,Jelaskan pengertian seni rupa dua dimensi dan sebutkan dua contoh karyanya,Seni rupa dua dimensi ialah karya yg hanya bisa di lihat dari Satu arah saja. Contoh lukisan dan Gambar,10,Jawaban Siswa
Seni,Sebutkan dan jelaskan tiga unsur unsur seni rupa dua dimensi,"Tekstur : Sebagai rasa atau sifat Karya menjadi nyata
Titik : Sebagai awalan memulai suatu karya
Garis : Coretan yg di awali titik ke titik lain",10,Jawaban Siswa
Seni,Jelaskan perbedaan antara seni murni dan seni rupa terapan,"Seni murni ialah Seni yg hanya di buat dengan satu karya tangan dan keaslian yg tidak ada campurannya.
Seni Rupa ialah seni berupa gabungan atau campuran suatu karya.",0,Jawaban Siswa
Seni,Jelaskan menurut kalian fungsi warna dalam karya seni rupa dua dimensi,Fungsi warna dalam seni rupa dua dimensi ialah membantu suatu karya Tekstur menjadi lebih HD/nyata memperbagus Suatu Gambar dua Dimensi,10,Jawaban Siswa
Seni,Jelaskan industry kreatif,Industri kreatif ialah dimana suatu Program yg memamerkan Karya seni buatan keren secara kreatif dengan bahan bahan yg biasa menjadi luar biasa,0,Jawaban Siswa
Seni,Sebutkan sepuluh subsektor di Industri Ekonomi Kreatif,"Seni pertunjukkan, Seni rupa, desain, Film, kerajinan tangan, kuliner, penerbitan arsitektur, pariwisata",5,Jawaban Siswa
Seni,Mengapa karya seni rupa dua dimensi memiliki peluang besar dalam industri kreatif,karna untuk menjadikan Peluang isi industri kreatif Dan sebagaimana untuk bisa di pamerkan dengan karya ilustrasi,5,Jawaban Siswa
Seni,Sebutkan contoh produk industri kreatif di bidang atau subsector kriya dan kuliner,"kriya : contoh karya batik tulism anyaman rotan
Kuliner : makanan khas seperti Rendang, nasi Padang",10,Jawaban Siswa
Seni,Sebutkan unsur-unsur seni rupa,"unsur unsur Seni Rupa yaitu:
Garis, Titik, Ruang, Bidang, Tekstur, Warna, Gelap Terang",10,Jawaban Siswa
Seni,Nama lain dari dua dimensi,Dwimatra,10,Jawaban Siswa
Seni,Jelaskan pengertian seni rupa dua dimensi dan sebutkan dua contoh karyanya,"Seni Rupa dua Dimensi adalah Karya Seni yang menciptakan pada bidang datar dan wujudnya bisa dinikmati dengan indra penglihatan.
Contoh : Lukisan, Poster",10,Jawaban Siswa
Seni,Sebutkan dan jelaskan tiga unsur unsur seni rupa dua dimensi,"Titik : Unsur paling kecil dalam seni rupa.
Garis : batas limit atau Goresan pada bentuk bidang.
Bidang : Unsur yang terbentuk dari beberapa garis.",10,Jawaban Siswa
Seni,Jelaskan perbedaan antara seni murni dan seni rupa terapan,"Seni Murni : Sama seperti 2 Dimensi yg hnya bisa dinikmati melalui Penglihatan.
Seni terapan : Seni yang bisa difungsikan dan bisa dinikmati melalui indra penglihatan dan dirasakan dengan rabaan.",10,Jawaban Siswa
Seni,Jelaskan menurut kalian fungsi warna dalam karya seni rupa dua dimensi,"Mengekspresikan emosi : Warna Cerah sebagai Keceriaan, Warna gelap Sesuatu amarah atau hal misterius.
Mengubah Suasana (mood) : Warna membuat perasaan menjadi berubah.
Pusat Perhatian : memberikan warna yang cerah untuk menjadi pusat atau titik Penasaran saat orangn melihat.",10,Jawaban Siswa
Seni,Jelaskan industry kreatif,"industri Kreatif dalam Seni rupa yaitu sektor ekonomi yang berfokus pada Penciptaan, produksi dan distribusi Karya Seni yang memiliki nilai estetika, budaya, dan ekonomi.",10,Jawaban Siswa
Seni,Sebutkan sepuluh subsektor di Industri Ekonomi Kreatif,"Kuliner, Kriya, Fashion, musik, Layanan Desain Grafis, Self photo Studio, Fotografi, Tari, Designer, Arsitektur.",8,Jawaban Siswa
Seni,Mengapa karya seni rupa dua dimensi memiliki peluang besar dalam industri kreatif,"Karya Seni rupa 2 Dimensi memiliki peluang dalam Industri Kreatif seperti membuat desain, produk, ilustrasi dalam media dan Kebutuhan Perusahaan atau layanan yang membutuhkan Keahlian Seni rupa untuk Sektor ekonomi",5,Jawaban Siswa
Seni,Sebutkan contoh produk industri kreatif di bidang atau subsector kriya dan kuliner,"Kriya : Anyaman bambu seperti tas.
Kuliner : pempek, keripik singkong",10,Jawaban Siswa
Seni,Sebutkan unsur-unsur seni rupa,"Titik, Garis, Bidang, Bentuk, Tekstur, Warna, GelapTerang, Ruang",10,Jawaban Siswa
Seni,Nama lain dari dua dimensi,DwiMatra,10,Jawaban Siswa
Seni,Jelaskan pengertian seni rupa dua dimensi dan sebutkan dua contoh karyanya,"Seni rupa dua dimensi adalah karya seni yg menciptakan pada bidang datar
Contoh : Lukisan dan Patung",5,Jawaban Siswa
Seni,Sebutkan dan jelaskan tiga unsur unsur seni rupa dua dimensi,"Titik : unsur seni paling terkecil dan semua wujud diawali dari titik.
Garis : goresan atau batas limit dari suatu benda, ruang bidang.
Bidang : unsur seni yg terbentuk dari beberapa garis.",10,Jawaban Siswa
Seni,Jelaskan perbedaan antara seni murni dan seni rupa terapan,"Seni murni : lukisan, patung, seni grafis
Seni terapan : desain produk, desain interior, ilustrasi menggabungkan nilai seni dengan fungsi praktis.",5,Jawaban Siswa
Seni,Jelaskan menurut kalian fungsi warna dalam karya seni rupa dua dimensi,"Warna berperan dalam menyampaikan makna, suasana hati dan fokus visual pada karya seni.",10,Jawaban Siswa
Seni,Jelaskan industry kreatif,"Industry kreatif : sektor ekonomi yg berfokus pada penciptaan produksi dan distribusi karya seni rupa yg memiliki nilai estetika, budaya, dan ekonomi",10,Jawaban Siswa
Seni,Sebutkan sepuluh subsektor di Industri Ekonomi Kreatif,"seni pertunjukan, seni rupa, desain produk, penerbitan, musik, desain interior, budaya, ilustrasi.",5,Jawaban Siswa
Seni,Mengapa karya seni rupa dua dimensi memiliki peluang besar dalam industri kreatif,"karena seni rupa dua dimensi dapat dijadikan peluang usaha dalam industri kreatif seperti membuat produk, ilustrasi untuk media",0,Jawaban Siswa
Seni,Sebutkan contoh produk industri kreatif di bidang atau subsector kriya dan kuliner,"kriya : keramik hias, anyaman rotan
kuliner : makanan khas daerah atau tradisional",5,Jawaban Siswa
Seni,Sebutkan unsur-unsur seni rupa,"Titik, garis, bidang, tekstur, warna, bidang, terang gelap, ruang",10,Jawaban Siswa
Seni,Nama lain dari dua dimensi,dwimatra,10,Jawaban Siswa
Seni,Jelaskan pengertian seni rupa dua dimensi dan sebutkan dua contoh karyanya,"Seni rupa dua dimensi adalah karya seni yang memiliki dua ukuran yaitu panjang dan lebar serta hanya dapat di lihat dari satu arah seperti lukisan, gambar, dan poster.",10,Jawaban Siswa
Seni,Sebutkan dan jelaskan tiga unsur unsur seni rupa dua dimensi,"Titik, garis, Bidang, Warna, Tekstur",5,Jawaban Siswa
Seni,Jelaskan perbedaan antara seni murni dan seni rupa terapan,"Seni rupa murni yaitu suatu karya seni yang dibuat untuk dinikmati keindahannya saja.
Seni rupa terapan yaitu suatu karya seni yang memiliki nilai keindahannya sekaligus fungsi pakai.",10,Jawaban Siswa
Seni,Jelaskan menurut kalian fungsi warna dalam karya seni rupa dua dimensi,fungsi warna sebagai percantik karya seni memberikan kesan atau suasana tertentu dan memperjelas bentuk objek dalam karya seni.,10,Jawaban Siswa
Seni,Jelaskan industry kreatif,"Industri kreatif, yaitu suatu industri yang mengandalkan kreativitas ide dan kemampuan manusia untuk menghasilkan produk yg bernilai ekonomi.",10,Jawaban Siswa
Seni,Sebutkan sepuluh subsektor di Industri Ekonomi Kreatif,"ekonomi kreatif suatu ekonomi yang berasal dari ide, dan kreativitas ide, inovasi manusia untuk menghasilkan produk.
Contoh  membuat kerajinan tangan seperti kuliner, kriya, fashion, fotografi, musik, film, game, desain, aplikasi.",8,Jawaban Siswa
Seni,Mengapa karya seni rupa dua dimensi memiliki peluang besar dalam industri kreatif,"karena bisa membuat desain poster atau banner, dan juga dapat membuat desain grafis atau ilustrasi.",0,Jawaban Siswa
Seni,Sebutkan contoh produk industri kreatif di bidang atau subsector kriya dan kuliner,"kriya : kerajinan tangan contoh batik, anyaman, dan keramik.
Kuliner : makanan khas daerah contoh kue tradisional atau minuman kekinian.",10,Jawaban Siswa
Seni,Sebutkan unsur-unsur seni rupa,garis unsur seni rupa yang terbentuk dari rangkaian titik yang memanjang dan dapat di gunakan untuk embentuk objek atau gambar.,0,Jawaban Siswa
Seni,Nama lain dari dua dimensi,"nama  lain yg saya satu yaitu komposisi, perspektif, proporsi.",0,Jawaban Siswa
Seni,Jelaskan pengertian seni rupa dua dimensi dan sebutkan dua contoh karyanya,"Seni rupa dua dimensi adalah karya seni yg memiliki dua ukuran yaitu panjang dan lebar, berbeda dgn seni tiga dimensi, karya ini hanya bisa dinikmati dari satu arah pandang (depan) karena tidak memiliki ruang dan volume",5,Jawaban Siswa
Seni,Sebutkan dan jelaskan tiga unsur unsur seni rupa dua dimensi,"titik : unsur paing besar.
Garis : gabungan antar titik yg membentuk kontur atau garis bidang.
Bidang : penggabungan garis yg membatasi suatu bentuk.",10,Jawaban Siswa
Seni,Jelaskan perbedaan antara seni murni dan seni rupa terapan,"seni murni adalah karya seni yg dirancang untuk memiliki fungsi praktis dalam kehidupan sehari hari namun tetap memperhatikan unsur keindahan.
Seni terapan adalah menggabungkan nilai estetika dgn fungsi guna sehari haru.",10,Jawaban Siswa
Seni,Jelaskan menurut kalian fungsi warna dalam karya seni rupa dua dimensi,"fungsi warna menimbulkan kesan pantulan cahaya tersendiri dari warna primer, sekunder, tersier.",0,Jawaban Siswa
Seni,Jelaskan industry kreatif,industri kreatif adalah sektor ekonomi yg berfokus pada penciptaan nilai tambah melalui pemanfaatan kreativitas ketermpilan dan bakat individu.,10,Jawaban Siswa
Seni,Sebutkan sepuluh subsektor di Industri Ekonomi Kreatif,"kuliner, kriya, fashion",4,Jawaban Siswa
Seni,Mengapa karya seni rupa dua dimensi memiliki peluang besar dalam industri kreatif,"karena karya seni rupa meanfaatkan kreativitas keterampilan, bakat, dan intelektual yg menjadikan itu sebagai lapangan pekerjaan.",10,Jawaban Siswa
Seni,Sebutkan contoh produk industri kreatif di bidang atau subsector kriya dan kuliner,"contoh produk kriya, tas anyaman rotan modern, batik
contoh kuliner rendang kemasan.",10,Jawaban Siswa
Seni,Sebutkan unsur-unsur seni rupa,"titik, garis, bidang, warna, gelap terang, tekstur",7,Jawaban Siswa
Seni,Nama lain dari dua dimensi,seni rupa,0,Jawaban Siswa
Seni,Jelaskan pengertian seni rupa dua dimensi dan sebutkan dua contoh karyanya,seni rupa dua dimensi merupakan karya seni yang hanya dapat di lihat dari satu arah. Contoh lukisan dan poster,10,Jawaban Siswa
Seni,Sebutkan dan jelaskan tiga unsur unsur seni rupa dua dimensi,"Bisa dilihat dari satu arah, Banyak di sukai masyarakat, menarik perhatian pembeli.",0,Jawaban Siswa
Seni,Jelaskan perbedaan antara seni murni dan seni rupa terapan,Seni murni merupakan seni yang tanpa campuran sedangkan seni terapan merupakan karya seni yang dapat di terapkan dan dicampurkan.,0,Jawaban Siswa
Seni,Jelaskan menurut kalian fungsi warna dalam karya seni rupa dua dimensi,yaitu dapat memperindah karya seni yang dibuat ,0,Jawaban Siswa
Seni,Jelaskan industry kreatif,Industri kreatif adalah,0,Jawaban Siswa
Seni,Sebutkan sepuluh subsektor di Industri Ekonomi Kreatif,"kriya, kuliner, desain",3,Jawaban Siswa
Seni,Mengapa karya seni rupa dua dimensi memiliki peluang besar dalam industri kreatif,iya karena karyanya menarik dan disukai atau diminati banyak orang,5,Jawaban Siswa
Seni,Sebutkan contoh produk industri kreatif di bidang atau subsector kriya dan kuliner,"Candi : kriya, Kuliner : nasi padang",5,Jawaban Siswa
Seni,Sebutkan unsur-unsur seni rupa,Bisa di lihat dari segala arah,0,Jawaban Siswa
Seni,Nama lain dari dua dimensi,satu arah penglihatan,0,Jawaban Siswa
Seni,Jelaskan pengertian seni rupa dua dimensi dan sebutkan dua contoh karyanya,"Seni rupa dua dimensi adalah seni yg memiliki peluang besar dalam industri kreatif, contoh kriya dan kuliner.",0,Jawaban Siswa
Seni,Sebutkan dan jelaskan tiga unsur unsur seni rupa dua dimensi,"Garis, warna, objek",5,Jawaban Siswa
Seni,Jelaskan perbedaan antara seni murni dan seni rupa terapan,Seni murni adalah Seni yg terbentuk oleh alam sedangkan seni rupa terapan adalah seni yg diterapkan ke suatu objek.,0,Jawaban Siswa
Seni,Jelaskan menurut kalian fungsi warna dalam karya seni rupa dua dimensi,Agar yg melihat lebih mengetahuinya.,0,Jawaban Siswa
Seni,Jelaskan industry kreatif,Industri kreatif adalah industri Ekonomi kreatif yg menggunakan Seni rupa dua dimensi untuk menghasilkan uang.,5,Jawaban Siswa
Seni,Sebutkan sepuluh subsektor di Industri Ekonomi Kreatif,"Kuliner, kriya, lukis, kerajinan tangan",5,Jawaban Siswa
Seni,Mengapa karya seni rupa dua dimensi memiliki peluang besar dalam industri kreatif,Karena memiliki nilai estetika yang tiggi di banding karya seni yang lainnya,0,Jawaban Siswa
Seni,Sebutkan contoh produk industri kreatif di bidang atau subsector kriya dan kuliner,"grabah, aksesoris dan makanan seperti nasi pecel atau bakso.",5,Jawaban Siswa
Seni,Sebutkan unsur-unsur seni rupa,"Titik, garis, bidang, bentuk, warna",5,Jawaban Siswa
Seni,Nama lain dari dua dimensi,Dwimatra,10,Jawaban Siswa
Seni,Jelaskan pengertian seni rupa dua dimensi dan sebutkan dua contoh karyanya,karya seni rupa dua dimensi karya seni yg memiliki panjang pendek,0,Jawaban Siswa
Seni,Sebutkan dan jelaskan tiga unsur unsur seni rupa dua dimensi,"Garis, warna, objek",2,Jawaban Siswa
Seni,Jelaskan perbedaan antara seni murni dan seni rupa terapan,sei murni adalah seni yang terbuat sendiri seperti batu yang terbentuk atau terpecah sendiri dan Seni Rupa terapan adalah seni yang di gambar atau di lukis yang dibiarkan contohnya seperti gambaran atau lukisan.,0,Jawaban Siswa
Seni,Jelaskan menurut kalian fungsi warna dalam karya seni rupa dua dimensi,Fungsi warna dalam dua dimensi. Warna di dua dimensi itu sangat berfungsi buat lebih membaguskan kreasi kreasi yang pertama hitam putih menjadi bagus.,0,Jawaban Siswa
Seni,Jelaskan industry kreatif,industri kreatif adalah sebuah pikiran yang sudah mempunyai suatu gambaran apa yang mau digambar,0,Jawaban Siswa
Seni,Sebutkan sepuluh subsektor di Industri Ekonomi Kreatif,"kuliner, kreatif, karya tangan.",3,Jawaban Siswa
Seni,Mengapa karya seni rupa dua dimensi memiliki peluang besar dalam industri kreatif,karena menghasilkan lukisan yang bagus atau indah,5,Jawaban Siswa
Seni,Sebutkan contoh produk industri kreatif di bidang atau subsector kriya dan kuliner,di bidang kriya contohnya seperti lukisan langsung menggunakan warna dan tinta. Kalau kuliner yang di cetak atau di desain langsung di cetak menggunakan mesin seperti Banner Banner yang biasanya di buat untuk promosi.,10,Jawaban Siswa
Seni,Sebutkan unsur-unsur seni rupa,"garis, warna, titik, garis bidang gelap terang, tekstur",10,Jawaban Siswa
Seni,Nama lain dari dua dimensi,dwimatra,10,Jawaban Siswa
Seni,Jelaskan pengertian seni rupa dua dimensi dan sebutkan dua contoh karyanya,Seni itu dua dimensi. Seni Rupa Cabang Seni yang dapat dinikmati melalui indra penglihatan dan memiliki bentuk fisik yang nyata. Contoh Lukis dan Patung,0,Jawaban Siswa
Seni,Sebutkan dan jelaskan tiga unsur unsur seni rupa dua dimensi,"Unsur-unsur Seni Rupa
Garis : untuk menghubungkan antara dua titik.
Warna : Untuk mewarnai Lukisan agar terlihat menarik.
Ruang : Ilusi atau Dimensi.",8,Jawaban Siswa
Seni,Jelaskan perbedaan antara seni murni dan seni rupa terapan,Seni murni : Karya seni yang diciptakan untuk nilai estetika dan ekspresi diri seniman. Seni rupa terapan : karya seni yang diciptakan untuk memenuhi kebutuhan praktis da fungsional selain memiliki nilai estetika.,10,Jawaban Siswa
Seni,Jelaskan menurut kalian fungsi warna dalam karya seni rupa dua dimensi,"Fungsi warna : Agar terlihat menarik dan tidak biasa saja, serta bisa menarik pengunjung maupun Pembeli untuk melihatnya.",10,Jawaban Siswa
Seni,Jelaskan industry kreatif,Industri kreatif : karya yang telah dibuat oleh orang orang atau seniman yang sangat bagus dapat menarik pengunjung.,0,Jawaban Siswa
Seni,Sebutkan sepuluh subsektor di Industri Ekonomi Kreatif,"Lukis, Patung, Desain, kuliner, Animasi, karya tangan seperti pembuatan tas, dompet, sapu lidi, dll.",6,Jawaban Siswa
Seni,Mengapa karya seni rupa dua dimensi memiliki peluang besar dalam industri kreatif,memerlukan sepanjang waktu,0,Jawaban Siswa
Seni,Sebutkan contoh produk industri kreatif di bidang atau subsector kriya dan kuliner,memakan waktu sepanjang hari,0,Jawaban Siswa
Seni,Sebutkan unsur-unsur seni rupa,"Budaya jawa, budaya seni, dan masih banyak lagi",0,Jawaban Siswa
Seni,Nama lain dari dua dimensi,modern,0,Jawaban Siswa
Seni,Jelaskan pengertian seni rupa dua dimensi dan sebutkan dua contoh karyanya,"karya seni rupa dua dimensi adalah karya seni rupa yang memiliki panjang dan lebar dan hanya bisa di lihat dari satu sisi.
Contoh : gambar dan lukisan.",10,Jawaban Siswa
Seni,Sebutkan dan jelaskan tiga unsur unsur seni rupa dua dimensi,"titik, garis, dan warna",5,Jawaban Siswa
Seni,Jelaskan perbedaan antara seni murni dan seni rupa terapan,seni murni adalah karya yg dibuat untuk keindahan atau ekspresi saja. Seni Terapan adalah karya seni yg memiliki fungsi pakai.,10,Jawaban Siswa
Seni,Jelaskan menurut kalian fungsi warna dalam karya seni rupa dua dimensi,memperindah gambar atau lukisan agar memiliki daya tarik,10,Jawaban Siswa
Seni,Jelaskan industry kreatif,Industri kreatif adalah sektor ekonomi yg berfokus pada penciptaan produksi dan distribusi karya seni rupa yg memiliki nilai estetika,10,Jawaban Siswa
Seni,Sebutkan sepuluh subsektor di Industri Ekonomi Kreatif,"Arsitektur, desain internal, DKV, Desain produk, Film animasi, fotografi, kriya, kuliner, musik, dan vidiografi.",10,Jawaban Siswa
Seni,Mengapa karya seni rupa dua dimensi memiliki peluang besar dalam industri kreatif,"karena memiliki harga jual yang besar dan dapat beradaptasi dengan berkembangnya zaman atau dunia, maka sangat tinggi untuk memiliki peluang besar dalam industry kreatif.",10,Jawaban Siswa
Seni,Sebutkan contoh produk industri kreatif di bidang atau subsector kriya dan kuliner,"kriya seperti kerajinan tangan tas anyaman atau rajut, patung, dll.
Kuliner seperti makanan kekinian dan jenis jenis minuman.",10,Jawaban Siswa
Seni,Sebutkan unsur-unsur seni rupa,"titik, garis, bidang, bentuk, ruang, tekstur, gelap terang.",10,Jawaban Siswa
Seni,Nama lain dari dua dimensi,Dwimatra,10,Jawaban Siswa
Seni,Jelaskan pengertian seni rupa dua dimensi dan sebutkan dua contoh karyanya,Seni yang hanya dapat dilihat dari satu arah. Contoh lukisan dan sketsa.,0,Jawaban Siswa
Seni,Sebutkan dan jelaskan tiga unsur unsur seni rupa dua dimensi,"Datar, dilihat dari satu arah, tidak melebihi dimensi lebih",0,Jawaban Siswa
Seni,Jelaskan perbedaan antara seni murni dan seni rupa terapan,Beda niat dan tujuannya,0,Jawaban Siswa
Seni,Jelaskan menurut kalian fungsi warna dalam karya seni rupa dua dimensi,Agar terlihat menarik dan tidak membosankan.,10,Jawaban Siswa
Seni,Jelaskan industry kreatif,Industri yang hampir mencakup segala aspek.,0,Jawaban Siswa
Seni,Sebutkan sepuluh subsektor di Industri Ekonomi Kreatif,"musik, kuliner, kriya, budaya.",4,Jawaban Siswa
Seni,Mengapa karya seni rupa dua dimensi memiliki peluang besar dalam industri kreatif,karena modal pembuatannya lebih sedikit ditambah lagi proses membuatnya lebih mudah dan orang orang lebih,0,Jawaban Siswa
Seni,Sebutkan contoh produk industri kreatif di bidang atau subsector kriya dan kuliner,"kriya ada kerjainan bambu, sedangkan kuliner berfokus ke makanan salah satunya seperti pecel lele.",8,Jawaban Siswa
Seni,Sebutkan unsur-unsur seni rupa,"Dapat dilihat, dinikmati, dirasakan",0,Jawaban Siswa
Seni,Nama lain dari dua dimensi,2D,0,Jawaban Siswa
Seni,Jelaskan pengertian seni rupa dua dimensi dan sebutkan dua contoh karyanya,Seni rupa 2 dimensi adalah seni yang dibuat manual dan membutuhkan  Perjuangan Penuh agar hasil seni lebih optimal.,0,Jawaban Siswa
Seni,Sebutkan dan jelaskan tiga unsur unsur seni rupa dua dimensi,tidak ada,0,Jawaban Siswa
Seni,Jelaskan perbedaan antara seni murni dan seni rupa terapan,"Perbedaan Senu murni dan seni terapan :
Seni murni yang dibentuk tanpa tambahan tambahan dari seni lain dan sangat berbeda dari lainnya.
Seni rupa yang dibentuk dengan tambahan tambahan lain yang menyerupai seni lainnya.",0,Jawaban Siswa
Seni,Jelaskan menurut kalian fungsi warna dalam karya seni rupa dua dimensi,Fungsi warna dalam karya seni rupa dua dimensi juga sangat penting karena bagiku karya seni dua dimensi hanya berwarna sedikit itu bukan seni.,10,Jawaban Siswa
Seni,Jelaskan industry kreatif,tidak ada,0,Jawaban Siswa
Seni,Sebutkan sepuluh subsektor di Industri Ekonomi Kreatif,tidak ada,0,Jawaban Siswa
Seni,Mengapa karya seni rupa dua dimensi memiliki peluang besar dalam industri kreatif,"karena, dibidang industry kreatif karya seni 2D",0,Jawaban Siswa
Seni,Sebutkan contoh produk industri kreatif di bidang atau subsector kriya dan kuliner,"Industry kreatif di bidang :
-Subsector kriya : Seperti spart motor, komponen komponen motor
-Kuliner : seperti makanan makanan khas daerah, jajanan dengan bahan minimalis",5,Jawaban Siswa
Seni,Sebutkan unsur-unsur seni rupa,tidak ada,0,Jawaban Siswa
Seni,Nama lain dari dua dimensi,Nama lain dari 2  dimensi adalah Dwi Matra,10,Jawaban Siswa
Seni,Jelaskan pengertian seni rupa dua dimensi dan sebutkan dua contoh karyanya,Seni yang dari tangan untuk menggambar yang sangat bagus,0,Jawaban Siswa
Seni,Sebutkan dan jelaskan tiga unsur unsur seni rupa dua dimensi,"Pencampuran warna dengan ungu dan merah.
Pencampuran warna kuning dan merah.
Pencampuran warna hijau dan merah.",0,Jawaban Siswa
Seni,Jelaskan perbedaan antara seni murni dan seni rupa terapan,Seni murni ialah seni yang biasa saja tidak mencampurkan warna apapun kalau seni rupa adalah seni gambar atau lukis,0,Jawaban Siswa
Seni,Jelaskan menurut kalian fungsi warna dalam karya seni rupa dua dimensi,Seni warna kuning yaitu di campur dengan warna hijau dan biru,0,Jawaban Siswa
Seni,Jelaskan industry kreatif,industri kreatif adalah yaitu membikin karya tangan sendiri seperti rumah dari stik atau dll dan di pikir di otak senidri membikin kerajinan tangan,0,Jawaban Siswa
Seni,Sebutkan sepuluh subsektor di Industri Ekonomi Kreatif,"kerajingan, rajutan tangan, kreatif dari barang bekas, kerajinan tangan",0,Jawaban Siswa
Seni,Mengapa karya seni rupa dua dimensi memiliki peluang besar dalam industri kreatif,karya seni rupa adalah terbentuk karya seni rupa yang sangat detail sekali dan rapi.,0,Jawaban Siswa
Seni,Sebutkan contoh produk industri kreatif di bidang atau subsector kriya dan kuliner,karya seni tangan sendiri dan diciptakan oleh tangan sendiri,0,Jawaban Siswa
Seni,Sebutkan unsur-unsur seni rupa,"Dapat dilihat, dinikmati, dirasakan",0,Jawaban Siswa
Seni,Nama lain dari dua dimensi,ekraf,0,Jawaban Siswa
Seni,Jelaskan pengertian seni rupa dua dimensi dan sebutkan dua contoh karyanya,"seni rupa yang diciptakan pada bidang datar yg diwujudkan yang dapat dinikmati dan dilihat degan indra penglihatan (lukisan, poster)",10,Jawaban Siswa
Seni,Sebutkan dan jelaskan tiga unsur unsur seni rupa dua dimensi,"warna : primer, sekunder, tersier, komplementer.
Garis : gabungan dari titik garis kimit dari suatu benda yang memiliki arahan tertentu.
Titik : unsur terkecil antar suatu karya.",10,Jawaban Siswa
Seni,Jelaskan perbedaan antara seni murni dan seni rupa terapan,"Seni rupa : seni yang hasilnya dapat dilihat saja keindahannya (lukisan)
Seni terapan : seni yang hasilnya keindahan dapat digunakan (batik)",10,Jawaban Siswa
Seni,Jelaskan menurut kalian fungsi warna dalam karya seni rupa dua dimensi,Untuk meluapkan emosional dan mempercantik karya,10,Jawaban Siswa
Seni,Jelaskan industry kreatif,"sektor ekonomi yang berfokus pada Penciptaan, produksi dan diindustrikan, kaya seni rupa yang memiliki nilai estetika, budaya.",10,Jawaban Siswa
Seni,Sebutkan sepuluh subsektor di Industri Ekonomi Kreatif,"film, musik, permainan, media, pertunjukan, arsitektur, pariwisata, otomatif, Desain, Perikanan.",10,Jawaban Siswa
Seni,Mengapa karya seni rupa dua dimensi memiliki peluang besar dalam industri kreatif,karena karya seni rupa memiliki banyak ketertarikan untuk membelinya dan bisa memperindah sebuah ruangan,10,Jawaban Siswa
Seni,Sebutkan contoh produk industri kreatif di bidang atau subsector kriya dan kuliner,"kriya : batik, ukiran, keramik
kuliner : basreng (bakso goreng)",10,Jawaban Siswa
Seni,Sebutkan unsur-unsur seni rupa,"Titik, garis, bidang, bentuk, warna, gelap terang, ruang",10,Jawaban Siswa
Seni,Nama lain dari dua dimensi,dwimatra,10,Jawaban Siswa
Seni,Jelaskan pengertian seni rupa dua dimensi dan sebutkan dua contoh karyanya,seni rupa adalah seni yang dibuat oleh tangan manusia contoh batik atau menjait,0,Jawaban Siswa
Seni,Sebutkan dan jelaskan tiga unsur unsur seni rupa dua dimensi,titik : karena setiap karya seni selalu mulai dari titik garis,2,Jawaban Siswa
Seni,Jelaskan perbedaan antara seni murni dan seni rupa terapan,"seni murni adalah seni yang dibuat oleh tangan manusia, dan seni rupa terapan seni yang dibantu dengan alat lain",0,Jawaban Siswa
Seni,Jelaskan menurut kalian fungsi warna dalam karya seni rupa dua dimensi,"fungsi warna dalam karya seni adalah menyampaikan emosi, menarik perhatian, dan menjadi simbol.",10,Jawaban Siswa
Seni,Jelaskan industry kreatif,"Industri kreatif adalah penjualan dari seni seni yang telah dibuat mau dari seni rupa, seni sastra, dan seni terapan.",10,Jawaban Siswa
Seni,Sebutkan sepuluh subsektor di Industri Ekonomi Kreatif,"fashion, arsitektur",4,Jawaban Siswa
Seni,Mengapa karya seni rupa dua dimensi memiliki peluang besar dalam industri kreatif,karena banyakanya minat dan dapat menghasilkan perusahaan dari seni rupa dua dimensi,10,Jawaban Siswa
Seni,Sebutkan contoh produk industri kreatif di bidang atau subsector kriya dan kuliner,"batik, ukiran kayu, jepara, fashion, nail art, arsitektur",5,Jawaban Siswa
Seni,Sebutkan unsur-unsur seni rupa,titik dan garis,2,Jawaban Siswa
Seni,Nama lain dari dua dimensi,Dwimatra,10,Jawaban Siswa
Seni,Jelaskan pengertian seni rupa dua dimensi dan sebutkan dua contoh karyanya,seni rupa yang mempunyai dua ukuran atau dua sisi,10,Jawaban Siswa
Seni,Sebutkan dan jelaskan tiga unsur unsur seni rupa dua dimensi,"Titik, garis, Bidang",10,Jawaban Siswa
Seni,Jelaskan perbedaan antara seni murni dan seni rupa terapan,"seni murni, seni yang asli, seni terapan, seni yang ditampilkan",0,Jawaban Siswa
Seni,Jelaskan menurut kalian fungsi warna dalam karya seni rupa dua dimensi,memperindah karya,10,Jawaban Siswa
Seni,Jelaskan industry kreatif,kemampuan untuk menghasilkan produk,4,Jawaban Siswa
Seni,Sebutkan sepuluh subsektor di Industri Ekonomi Kreatif,"Periklanan, fashion,arsitektur, DKV, kuliner, tim, musik, kriya, seni rupa, desain grafik",10,Jawaban Siswa
Seni,Mengapa karya seni rupa dua dimensi memiliki peluang besar dalam industri kreatif,Karena Penghasilannya cukup besar,0,Jawaban Siswa
Seni,Sebutkan contoh produk industri kreatif di bidang atau subsector kriya dan kuliner,"Kriya : patung
Kuliner : Batagor",10,Jawaban Siswa
Seni,Sebutkan unsur-unsur seni rupa,"Titik, garis, bidang, bentuk, tekstur",10,Jawaban Siswa
Seni,Nama lain dari dua dimensi,dwimatra,10,Jawaban Siswa
Seni,Jelaskan pengertian seni rupa dua dimensi dan sebutkan dua contoh karyanya,"seni rupa dua dimensi adalah karya seni yang memiliki dua ukuran (panjang dan lebar) dan hanya bisa dilihat dari satu arah, contohnya lukisan dan gambar.",10,Jawaban Siswa
Seni,Sebutkan dan jelaskan tiga unsur unsur seni rupa dua dimensi,"unsur-unsur seni rupa meliputi: titik, garis, bidang, bentuk, ruang, warna, tekstur, dan gelap terang.",10,Jawaban Siswa
Seni,Jelaskan perbedaan antara seni murni dan seni rupa terapan,"seni murni adalah karya seni yang mengutamakan keindahan (contoh: lukisan), seni terapan adalag karya seni yang memiliki fungsi pakai (contoh: kerajinan desain)",10,Jawaban Siswa
Seni,Jelaskan menurut kalian fungsi warna dalam karya seni rupa dua dimensi,"kegunaan warna adalah karya seni : memberi keindahan menimbulkan kesan atau emosi, memperjelas objek, dan menciptakan suasana.",10,Jawaban Siswa
Seni,Jelaskan industry kreatif,"industri kreatif adalah industri yang mengandalkan kreativitas, ide dan bakat untuk menghasilkan produk atau jasa bernilai ekonomi.",10,Jawaban Siswa
Seni,Sebutkan sepuluh subsektor di Industri Ekonomi Kreatif,"subjektor ekonomi kreatif (EKRAF) contoh : kuliner, kriya, fashion, desain grafis, film , musik, fotografi dan aplikasi",5,Jawaban Siswa
Seni,Mengapa karya seni rupa dua dimensi memiliki peluang besar dalam industri kreatif,"Peluang usaha seni rupa 2D : desain poster, ilustrasi, komik, sablon kaos, desain logo, dan konten digital",0,Jawaban Siswa
Seni,Sebutkan contoh produk industri kreatif di bidang atau subsector kriya dan kuliner,"contoh produk EKRAF karya dan kuliner 
kriya : kerajinan kayu anyaman batik
kuliner : kue tradisional, minuman kekinian, makanan khas daerah",10,Jawaban Siswa
Seni,Sebutkan unsur-unsur seni rupa,"analisasi unsur seni rupa berarti mengidentifikasi dari penjelasan penggunaan titik, garis, warna, bentuk, dan unsur lain dalam sebuah karya.",10,Jawaban Siswa
Seni,Nama lain dari dua dimensi,"istilah dalam karya seni rupa contohnya: komposisi, proporsi, perspektif, gradasi, kontras, harmoni",0,Jawaban Siswa
Seni,Jelaskan pengertian seni rupa dua dimensi dan sebutkan dua contoh karyanya,"Pengertian seni dua dimensi, titik, garis, contoh karya seni gambar dan seni lukis",0,Jawaban Siswa
Seni,Sebutkan dan jelaskan tiga unsur unsur seni rupa dua dimensi,"titik, garis, dan",2,Jawaban Siswa
Seni,Jelaskan perbedaan antara seni murni dan seni rupa terapan,"seni murni ialah seni yang dibuat tanpa adanya unsur-unsur seni rupa.
Seni  rupa ialah seni yang dibuat dengan adanya unsur0unsur seni rupa",0,Jawaban Siswa
Seni,Jelaskan menurut kalian fungsi warna dalam karya seni rupa dua dimensi,memberikan kesan hidup pada suatu gabar seni dua dimensi,5,Jawaban Siswa
Seni,Jelaskan industry kreatif,industri kreatif ialah yang mendukung perekonomian industri karya seni,10,Jawaban Siswa
Seni,Sebutkan sepuluh subsektor di Industri Ekonomi Kreatif,"kuliner, fotografi, film animasi, seni rupa, kriya, DKV",8,Jawaban Siswa
Seni,Mengapa karya seni rupa dua dimensi memiliki peluang besar dalam industri kreatif,karena karya seni rupa memiliki unsur atau akna tersendiri dan karya seni rupa dua dimensi banyak yang beredar,0,Jawaban Siswa
Seni,Sebutkan contoh produk industri kreatif di bidang atau subsector kriya dan kuliner,"kriya : funiture, dan kerajinan tangan
kuliner : makanan lokal",10,Jawaban Siswa
Seni,Sebutkan unsur-unsur seni rupa,"titik, garis, gambar, warna",5,Jawaban Siswa
Seni,Nama lain dari dua dimensi,dwimatra,10,Jawaban Siswa
Seni,Jelaskan pengertian seni rupa dua dimensi dan sebutkan dua contoh karyanya,Seni rupa yg memiliki panjang dan lebar. Contoh: lukisandan kerajinan,10,Jawaban Siswa
Seni,Sebutkan dan jelaskan tiga unsur unsur seni rupa dua dimensi,"garis, bentuk, titik",10,Jawaban Siswa
Seni,Jelaskan perbedaan antara seni murni dan seni rupa terapan,"Seni murni fungsi utamanya estetika. Contoh patung pameran.
Seni terapan adalah simpel dn estetik. Contoh piring hiasan",5,Jawaban Siswa
Seni,Jelaskan menurut kalian fungsi warna dalam karya seni rupa dua dimensi,"Biar bagus dilihat, Biar nyaman dilihat",0,Jawaban Siswa
Seni,Jelaskan industry kreatif,"ekonomi yg menjual kerajinan, Desain, seni rupa",0,Jawaban Siswa
Seni,Sebutkan sepuluh subsektor di Industri Ekonomi Kreatif,"Kerajinan, desain gambar, melukis, musik, seni rupa",3,Jawaban Siswa
Seni,Mengapa karya seni rupa dua dimensi memiliki peluang besar dalam industri kreatif,"kerajinan yg bagus seperti lukisan yg bagus dan menarik, kerajinan kayu, dan dikung oleh mentri",0,Jawaban Siswa
Seni,Sebutkan contoh produk industri kreatif di bidang atau subsector kriya dan kuliner,"desain, iklan, dan kue dihias dibuat sebagus mungkin",0,Jawaban Siswa
Seni,Sebutkan unsur-unsur seni rupa,"garis, bentuk, titik",5,Jawaban Siswa
Seni,Nama lain dari dua dimensi,gambar,0,Jawaban Siswa
Seni,Jelaskan pengertian seni rupa dua dimensi dan sebutkan dua contoh karyanya,Pengekspresian atau untuk membuat suatu titik dan menciptakan karya 2 dimensi. Contoh gambar dan komik,5,Jawaban Siswa
Seni,Sebutkan dan jelaskan tiga unsur unsur seni rupa dua dimensi,"unsur titik untuk membuat garis, unsur garis untuk membuat seninya, unsur warna untuk menghiasi atau menambahi seni agar enak dilihat, bentuk, dan ruang",10,Jawaban Siswa
Seni,Jelaskan perbedaan antara seni murni dan seni rupa terapan,Seni Murni asli dari pengekspresian atau seseorang kalai seni rupa terapan adalah mengcopy atau encontoh seni murni / menerapkan seni murni.,0,Jawaban Siswa
Seni,Jelaskan menurut kalian fungsi warna dalam karya seni rupa dua dimensi,"untuk menambahkan kesan yang berwarna, agar menarik saat dilihat",10,Jawaban Siswa
Seni,Jelaskan industry kreatif,industri kreatif dalah pabrik ekonomi yang kreatif untuk menciptakan Barang bermanfaat dari bekas,10,Jawaban Siswa
Seni,Sebutkan sepuluh subsektor di Industri Ekonomi Kreatif,"arsitektur, Desaininterior, DKV, Desain produk film, animasi, fotografi, kriya, kuliner, musik, fashion",10,Jawaban Siswa
Seni,Mengapa karya seni rupa dua dimensi memiliki peluang besar dalam industri kreatif,"desain grafis dan branding, ilutrasi digital (komik, animasi, 2D, produk Seni tradisional, pameran, dan galeri seni)",0,Jawaban Siswa
Seni,Sebutkan contoh produk industri kreatif di bidang atau subsector kriya dan kuliner,"kriya (kerajinan tangan) : anyaman atau aksesoris, kerajinan keras
kuliner : olahan kreatif, makanan kemasan, camilan ringan",10,Jawaban Siswa
Seni,Sebutkan unsur-unsur seni rupa,"titik dan garis =  dasar seni rupa yang dapat dihubungkan, goresan membentuk struktur.
Bidang dan bentuk : permukaan datar hasil pertemuan garis.
Ruang : karya seni 3D kesan di kerja 3D
warna : elemen ekspresif atau kesan nyata
tekstur : sifat permukaan benda
gelap terang : kesan 3D dalam konstruktor",10,Jawaban Siswa
Seni,Nama lain dari dua dimensi,Cabang seni visual yang dinikmati melalui penglihatan dan peradaban,0,Jawaban Siswa
Seni,Jelaskan pengertian seni rupa dua dimensi dan sebutkan dua contoh karyanya,memiliki gambar yg bagus dan mempunyai warna warna yang terang,0,Jawaban Siswa
Seni,Sebutkan dan jelaskan tiga unsur unsur seni rupa dua dimensi,"mempunyai warna yg bagus, gambar yg rapi, dan menjadi seni rupa 2 dimensi",0,Jawaban Siswa
Seni,Jelaskan perbedaan antara seni murni dan seni rupa terapan,"menggunakan alat secara murni, dan memakai alat yg terang atau bagus",0,Jawaban Siswa
Seni,Jelaskan menurut kalian fungsi warna dalam karya seni rupa dua dimensi,"agar pekerjaan kelihatan sangat bagus, dan mempunyai karya seni rupa 2 dimensi",0,Jawaban Siswa
Seni,Jelaskan industry kreatif,"membuat karya seni rupa 2 dimensi, dan unsur-unsur seni rupa",0,Jawaban Siswa
Seni,Sebutkan sepuluh subsektor di Industri Ekonomi Kreatif,"karya, seni rupa, seni murni, 2 dimensi, unsur-unsur, industri, kreatif, subsector kriya dan kuliner",0,Jawaban Siswa
Seni,Mengapa karya seni rupa dua dimensi memiliki peluang besar dalam industri kreatif,karena hasil karyanya sangat bagus dan memiliki industri kreatif,0,Jawaban Siswa
Seni,Sebutkan contoh produk industri kreatif di bidang atau subsector kriya dan kuliner,"membuat lukisan, gambar, atau membuat karya seni rupa 2 dimensi",0,Jawaban Siswa
Seni,Sebutkan unsur-unsur seni rupa,"mempunyai warna yg bagus, gambar yg rapi, dan menjadi seni rupa",0,Jawaban Siswa
Seni,Nama lain dari dua dimensi,karya seni rupa dan industri kreatif lainnya.,0,Jawaban Siswa
Bahasa Indonesia ,Jelaskan dengan bahasamu sendiri apa yang dimaksud dengan Teks Laporan Hasil Observasi!,LHO adalah teks yang berisi hasil pengamatan terhadap suatu objek secara faktual.,10,Jawaban Kunci
Bahasa Indonesia ,Sebutkan tiga ciri utama dari Teks Laporan Hasil Observasi!,"faktual, objektif, menggunakan bahasa baku.",10,Jawaban Kunci
Bahasa Indonesia ,Apa tujuan dibuatnya teks laporan hasil observasi? Jelaskan secara sederhana.,memberi informasi faktual kepada pembaca.,10,Jawaban Kunci
Bahasa Indonesia ,Jelaskan apa yang dimaksud dengan teks anekdot menurut pemahamanmu.,cerita singkat yang lucu atau menyindir.,10,Jawaban Kunci
Bahasa Indonesia ,Sebutkan dua ciri yang selalu ada dalam teks anekdot.,mengandung kelucuan dan sindiran.,10,Jawaban Kunci
Bahasa Indonesia ,Sebutkan struktur teks anekdot dan jelaskan secara singkat setiap bagiannya.,"abstraksi, orientasi, krisis, reaksi, koda.",10,Jawaban Kunci
Bahasa Indonesia ,Apa yang dimaksud dengan hikayat? Jelaskan dengan bahasamu sendiri.,cerita lama yang berisi keajaiban dan unsur fantastis.,10,Jawaban Kunci
Bahasa Indonesia ,Sebutkan tiga ciri khas hikayat sebagai karya sastra lama.,"tokoh sakti, alur sederhana, penuh keajaiban.",10,Jawaban Kunci
Bahasa Indonesia ,Sebutkan struktur umum hikayat dan jelaskan fungsi masing-masing bagian.,"pendahuluan, peristiwa, penutup.",10,Jawaban Kunci
Bahasa Indonesia ,"Dari ketiga jenis teks (LHO, Anekdot, Hikayat), pilih salah satu dan jelaskan pesan atau nilai yang biasanya ingin disampaikan penulis melalui teks tersebut, berdasarkan pemahamanmu",hikayat mengajarkan keberanian dan kejujuran.,10,Jawaban Kunci
Bahasa Indonesia ,Jelaskan dengan bahasamu sendiri apa yang dimaksud dengan Teks Laporan Hasil Observasi!,"Teks LHO adalah teks yg kita tulis dari melihat atau menonton suatu seperti hewan, tumbuhan atau Penjelasan, secara rinci",10,Jawaban Siswa
Bahasa Indonesia ,Sebutkan tiga ciri utama dari Teks Laporan Hasil Observasi!,"bersifat objektif, disusun sistematis, ditulis berdasarkan fakta",10,Jawaban Siswa
Bahasa Indonesia ,Apa tujuan dibuatnya teks laporan hasil observasi? Jelaskan secara sederhana.,untuk menjelaskan suatu benda/Peristiwa,0,Jawaban Siswa
Bahasa Indonesia ,Jelaskan apa yang dimaksud dengan teks anekdot menurut pemahamanmu.,Teks anekdot cerita singkat yg lucu / menyindir,10,Jawaban Siswa
Bahasa Indonesia ,Sebutkan dua ciri yang selalu ada dalam teks anekdot.,"mengandung humor, berdasarkan kejadian yang hampir nyata",10,Jawaban Siswa
Bahasa Indonesia ,Sebutkan struktur teks anekdot dan jelaskan secara singkat setiap bagiannya.,"abstrak, krisis, koda, orientasi, rekasi",10,Jawaban Siswa
Bahasa Indonesia ,Apa yang dimaksud dengan hikayat? Jelaskan dengan bahasamu sendiri.,cerita klasik yg berisi tentang tokoh hebat biasanya banyak kejadian,10,Jawaban Siswa
Bahasa Indonesia ,Sebutkan tiga ciri khas hikayat sebagai karya sastra lama.,"mengandung unsur fantastis, bersifat turun temurun, cerita berdasarkan kejadian",5,Jawaban Siswa
Bahasa Indonesia ,Sebutkan struktur umum hikayat dan jelaskan fungsi masing-masing bagian.,"tema, tokoh, alur, latar, alamat",0,Jawaban Siswa
Bahasa Indonesia ,"Dari ketiga jenis teks (LHO, Anekdot, Hikayat), pilih salah satu dan jelaskan pesan atau nilai yang biasanya ingin disampaikan penulis melalui teks tersebut, berdasarkan pemahamanmu","nilai moral, krisis sosial, informasi penting, Pelajaran hidup yg ingin disampaikan si penulis",0,Jawaban Siswa
Bahasa Indonesia ,Jelaskan dengan bahasamu sendiri apa yang dimaksud dengan Teks Laporan Hasil Observasi!,laporan berisi fakta dan hasil pengamatan,10,Jawaban Siswa
Bahasa Indonesia ,Sebutkan tiga ciri utama dari Teks Laporan Hasil Observasi!,"Fakta, teratur dan jelas, bahasa baku",10,Jawaban Siswa
Bahasa Indonesia ,Apa tujuan dibuatnya teks laporan hasil observasi? Jelaskan secara sederhana.,menyampaikan fakta hasil Pengamatan,5,Jawaban Siswa
Bahasa Indonesia ,Jelaskan apa yang dimaksud dengan teks anekdot menurut pemahamanmu.,cerita pendek yang lucu sekaligus menyindir,10,Jawaban Siswa
Bahasa Indonesia ,Sebutkan dua ciri yang selalu ada dalam teks anekdot.,"Lucu, kritik, dan menyindir",10,Jawaban Siswa
Bahasa Indonesia ,Sebutkan struktur teks anekdot dan jelaskan secara singkat setiap bagiannya.,"abraksi = Pembuka cerita,
orientasi = mengenalkan situasi dan tokoh,
kritik = masalah atau kejadian,
reaksi = penyelesaian,
koda = penutup / Pesan",10,Jawaban Siswa
Bahasa Indonesia ,Apa yang dimaksud dengan hikayat? Jelaskan dengan bahasamu sendiri.,crita tradisional tentang tokoh luar biasah dengan unsur Fantasi,0,Jawaban Siswa
Bahasa Indonesia ,Sebutkan tiga ciri khas hikayat sebagai karya sastra lama.,"mengandung unsur khayal, tokoh istimewa, melayu klasik",0,Jawaban Siswa
Bahasa Indonesia ,Sebutkan struktur umum hikayat dan jelaskan fungsi masing-masing bagian.,"Pengantar, isi / Pristiwa, penutup",0,Jawaban Siswa
Bahasa Indonesia ,"Dari ketiga jenis teks (LHO, Anekdot, Hikayat), pilih salah satu dan jelaskan pesan atau nilai yang biasanya ingin disampaikan penulis melalui teks tersebut, berdasarkan pemahamanmu",LHO = jangan buang sampah sembarangan karena menyebabkan banjir,0,Jawaban Siswa
Bahasa Indonesia ,Jelaskan dengan bahasamu sendiri apa yang dimaksud dengan Teks Laporan Hasil Observasi!,LHO = Laporan berisi fakta dari hasil pengamatan,10,Jawaban Siswa
Bahasa Indonesia ,Sebutkan tiga ciri utama dari Teks Laporan Hasil Observasi!,"berisi fakta, Menggunakan bahasa baku, Disusun teratur dan jelas",10,Jawaban Siswa
Bahasa Indonesia ,Apa tujuan dibuatnya teks laporan hasil observasi? Jelaskan secara sederhana.,menyampaikan fakta hasil Pengamatan,5,Jawaban Siswa
Bahasa Indonesia ,Jelaskan apa yang dimaksud dengan teks anekdot menurut pemahamanmu.,Cerita Pendek Yang lucu Sekaligus Menyindir,10,Jawaban Siswa
Bahasa Indonesia ,Sebutkan dua ciri yang selalu ada dalam teks anekdot.,"Bersifat lucu dan Menghibur, Bersifat Menyindir / Mengkritik",10,Jawaban Siswa
Bahasa Indonesia ,Sebutkan struktur teks anekdot dan jelaskan secara singkat setiap bagiannya.,"abstraksi = Pembuka Cerita / bagian awal Yang Memberikan Gambaran Umum,
Orientasi = Bagian yang berfungsi Untuk Mengenalkan Situasi,
reaksi = tanggapan / Penyelesaian",10,Jawaban Siswa
Bahasa Indonesia ,Apa yang dimaksud dengan hikayat? Jelaskan dengan bahasamu sendiri.,hikayat = Cerita tradisional tentang tokoh luar biasanya dengan Unsur fantasi,0,Jawaban Siswa
Bahasa Indonesia ,Sebutkan tiga ciri khas hikayat sebagai karya sastra lama.,"Menampilkan tokoh istimewa, Menggunakan bahasa Melayu, Menggunakan Unsur Khayalan",0,Jawaban Siswa
Bahasa Indonesia ,Sebutkan struktur umum hikayat dan jelaskan fungsi masing-masing bagian.,"Pengertian, Isi / Peristiwa, Penutup",10,Jawaban Siswa
Bahasa Indonesia ,"Dari ketiga jenis teks (LHO, Anekdot, Hikayat), pilih salah satu dan jelaskan pesan atau nilai yang biasanya ingin disampaikan penulis melalui teks tersebut, berdasarkan pemahamanmu",LHO = berisi fakta / Kenyataan Karena tidak buatan dan Penyampaian yang di beri berakurat atau tidak bohong dan tidak fiksi / di buat- buat,10,Jawaban Siswa
Bahasa Indonesia ,Jelaskan dengan bahasamu sendiri apa yang dimaksud dengan Teks Laporan Hasil Observasi!,"teks yang mnjelaskan laporan yang berisi hasi pengamatan suatu objek, tempat, hewan, tumbuhan, d prsitiwa secara nyata",10,Jawaban Siswa
Bahasa Indonesia ,Sebutkan tiga ciri utama dari Teks Laporan Hasil Observasi!,"Brsifat faktual, bersifat objektif, Disajikan scara sistematis",10,Jawaban Siswa
Bahasa Indonesia ,Apa tujuan dibuatnya teks laporan hasil observasi? Jelaskan secara sederhana.,memberikan informasi yang akurat tntang objek yang diteliti/amati,10,Jawaban Siswa
Bahasa Indonesia ,Jelaskan apa yang dimaksud dengan teks anekdot menurut pemahamanmu.,"Yaitu teks yang menceritakan kejadian nyata / imajinatif yang  bersifat lucu, unik, menyampaikan pesan dg cara menyindir",10,Jawaban Siswa
Bahasa Indonesia ,Sebutkan dua ciri yang selalu ada dalam teks anekdot.,"mengandung unsur humor (hal lucu), memiliki unsur sindiran / kritik",10,Jawaban Siswa
Bahasa Indonesia ,Sebutkan struktur teks anekdot dan jelaskan secara singkat setiap bagiannya.,"abstraksi (pembuka) = menarik prhatian pmbaca,
orientasi = memberikan latar blkng cerita,
krisis = mnjdi inti cerita,
reaksi = penyelesaian,
koda = (penutup)",10,Jawaban Siswa
Bahasa Indonesia ,Apa yang dimaksud dengan hikayat? Jelaskan dengan bahasamu sendiri.,"hikayat adalah karya sastra lama yang berisi cerita tntang tokoh-tokoh sprti raja, putri, dll",10,Jawaban Siswa
Bahasa Indonesia ,Sebutkan tiga ciri khas hikayat sebagai karya sastra lama.,"tokoh digambarkan luar biasa, mengandung unsur keajaiban / hal gaib, brsifat istana",10,Jawaban Siswa
Bahasa Indonesia ,Sebutkan struktur umum hikayat dan jelaskan fungsi masing-masing bagian.,"Pendahuluan (untuk membuka cerita),
Pristiwa (isi yang trjadi),
Penutup (penutup cerita)",10,Jawaban Siswa
Bahasa Indonesia ,"Dari ketiga jenis teks (LHO, Anekdot, Hikayat), pilih salah satu dan jelaskan pesan atau nilai yang biasanya ingin disampaikan penulis melalui teks tersebut, berdasarkan pemahamanmu",teks anekdot = mmberi Pesan moral / kritik yang ingin dismpaikan Penulis melalui cerita lucu dan mnyindir,10,Jawaban Siswa
Bahasa Indonesia ,Jelaskan dengan bahasamu sendiri apa yang dimaksud dengan Teks Laporan Hasil Observasi!,Teks Laporan yaitu Teks yang awal mulainya tahu Kejadian,10,Jawaban Siswa
Bahasa Indonesia ,Sebutkan tiga ciri utama dari Teks Laporan Hasil Observasi!,"Dimana, Kapan, dan Siapa",0,Jawaban Siswa
Bahasa Indonesia ,Apa tujuan dibuatnya teks laporan hasil observasi? Jelaskan secara sederhana.,agar kita tidak susah mencari Laporan,0,Jawaban Siswa
Bahasa Indonesia ,Jelaskan apa yang dimaksud dengan teks anekdot menurut pemahamanmu.,Cerita singkat yg berisi cerita cerita lucu / sindiran,10,Jawaban Siswa
Bahasa Indonesia ,Sebutkan dua ciri yang selalu ada dalam teks anekdot.,"Pembahasan, Cerita Singkat",10,Jawaban Siswa
Bahasa Indonesia ,Sebutkan struktur teks anekdot dan jelaskan secara singkat setiap bagiannya.,"Abstraksi = gambaran,
Krisis = bagian inti",10,Jawaban Siswa
Bahasa Indonesia ,Apa yang dimaksud dengan hikayat? Jelaskan dengan bahasamu sendiri.,Karya satsra lama mlayu berbentuk prosa yg berisi cerita,10,Jawaban Siswa
Bahasa Indonesia ,Sebutkan tiga ciri khas hikayat sebagai karya sastra lama.,"mustahil, istana, santris, anunim",0,Jawaban Siswa
Bahasa Indonesia ,Sebutkan struktur umum hikayat dan jelaskan fungsi masing-masing bagian.,abstraksi orientasi kompleks evatuasi,0,Jawaban Siswa
Bahasa Indonesia ,"Dari ketiga jenis teks (LHO, Anekdot, Hikayat), pilih salah satu dan jelaskan pesan atau nilai yang biasanya ingin disampaikan penulis melalui teks tersebut, berdasarkan pemahamanmu",Pembahasan Jurusan menggunakan bhs baku secara sistem,0,Jawaban Siswa
Bahasa Indonesia ,Jelaskan dengan bahasamu sendiri apa yang dimaksud dengan Teks Laporan Hasil Observasi!,"(LHO) adalah secara singkat pengertian teks yang berisi penjabaran umum dan pelaporan hasil pengamatan yg sistematik terhadap suara objek (benda, hewan, tumbuhan, fenomena alam)",10,Jawaban Siswa
Bahasa Indonesia ,Sebutkan tiga ciri utama dari Teks Laporan Hasil Observasi!,"Ciri-ciri  Teks (LHO)
Objek & Ilmiah,
Sistematis & Terstruktur,
Bahasa baku & ilmiah,
Fokus pada objek Tunggal,
informatif,
Tidak ada prasangka",10,Jawaban Siswa
Bahasa Indonesia ,Apa tujuan dibuatnya teks laporan hasil observasi? Jelaskan secara sederhana.,Tujuannya di buatnya (LHO) untuk melaporkan hasil Pengamatan secara sistematis agar dapat di pahami dan Di gunakan sebagai Landasan untuk tindakan atau Pemahaman Lebih lanjut.,10,Jawaban Siswa
Bahasa Indonesia ,Jelaskan apa yang dimaksud dengan teks anekdot menurut pemahamanmu.,Teks anekdot adalah Tulisan singkat berisi cerita lucu / sindiran,10,Jawaban Siswa
Bahasa Indonesia ,Sebutkan dua ciri yang selalu ada dalam teks anekdot.,"cerita singkat, humor",10,Jawaban Siswa
Bahasa Indonesia ,Sebutkan struktur teks anekdot dan jelaskan secara singkat setiap bagiannya.,"abstrak = pembuka dari sebuah cerita
oreantasi = menjelaskan latar, Tokoh dan situasi
Krisis = bagian ini dari kejadian luka,
reaksi = Seorang tokoh memberikan respon
Koda = Penutup dari sebuah cerita",10,Jawaban Siswa
Bahasa Indonesia ,Apa yang dimaksud dengan hikayat? Jelaskan dengan bahasamu sendiri.,"Hikayat adalah karya sastra mlayu klasik, hikayat Termasuk kedalam Teks cerita rakyat, juga cerita perkaan berisi cerita sisilah UDD  yg bersifat sejarah keagamaan dan dll.",10,Jawaban Siswa
Bahasa Indonesia ,Sebutkan tiga ciri khas hikayat sebagai karya sastra lama.,"Bersifat Tentang sentris, proogis / Tidak logis, statis / logis",10,Jawaban Siswa
Bahasa Indonesia ,Sebutkan struktur umum hikayat dan jelaskan fungsi masing-masing bagian.,"abstraksi, oreantasi, komplikasi, evaluasi, koda",10,Jawaban Siswa
Bahasa Indonesia ,"Dari ketiga jenis teks (LHO, Anekdot, Hikayat), pilih salah satu dan jelaskan pesan atau nilai yang biasanya ingin disampaikan penulis melalui teks tersebut, berdasarkan pemahamanmu","(LHO) adalah secara singkat pengertian teks yang berisi Penjabaran umum. Pesan yang biasanya di sampaikan penulis ialah : objek, sistematis, bahasa baku & ilmiah",10,Jawaban Siswa
Bahasa Indonesia ,Jelaskan dengan bahasamu sendiri apa yang dimaksud dengan Teks Laporan Hasil Observasi!,tulisan yg menyajikan informasi hasil pengamatan langsung terhadap objek tertentu,10,Jawaban Siswa
Bahasa Indonesia ,Sebutkan tiga ciri utama dari Teks Laporan Hasil Observasi!,"berdasarkan faktan dan pengamatan langsung, struktur terorganisir dan sistematis, bahasa jelas, tegas dan objektif",10,Jawaban Siswa
Bahasa Indonesia ,Apa tujuan dibuatnya teks laporan hasil observasi? Jelaskan secara sederhana.,untuk menyampaikan informasi akurat dan terpercaya tentang objek yang di amati kepada pembaca,10,Jawaban Siswa
Bahasa Indonesia ,Jelaskan apa yang dimaksud dengan teks anekdot menurut pemahamanmu.,cerita singkat yang berisi pujian / keritikan pada suatu perilaku / kebijakan dengna cara menghibur dan tetap ada pesan moralnya,10,Jawaban Siswa
Bahasa Indonesia ,Sebutkan dua ciri yang selalu ada dalam teks anekdot.,cerita singkat - sindiran,10,Jawaban Siswa
Bahasa Indonesia ,Sebutkan struktur teks anekdot dan jelaskan secara singkat setiap bagiannya.,"Abstraksi = gambaran cerita,
orientasi = latar cerita, memperkenalkan tokoh, tempat dan waktu,
krisis = bagian inti cerita,
reaksi = tanggapan,
koda = penutup cerita",10,Jawaban Siswa
Bahasa Indonesia ,Apa yang dimaksud dengan hikayat? Jelaskan dengan bahasamu sendiri.,karya sastra prosa melayu yang berisi cerita / undangan undangan  yg bersifat keagamaan rekaan dan historis,10,Jawaban Siswa
Bahasa Indonesia ,Sebutkan tiga ciri khas hikayat sebagai karya sastra lama.,"mustahil, istana sentris, anonim / menceritakan tentang tokoh pahalawan, mengandung unsur metologi, menyampaikan pesan moral",10,Jawaban Siswa
Bahasa Indonesia ,Sebutkan struktur umum hikayat dan jelaskan fungsi masing-masing bagian.,"Abstaksi = gambaran cerita,
orientasi = latas cerita,
komplikasi = bagian inti masalah,
evaluasi = bagian Pembenaran,
Resolusi = solusi dalam cerita,
koda = penutup",10,Jawaban Siswa
Bahasa Indonesia ,"Dari ketiga jenis teks (LHO, Anekdot, Hikayat), pilih salah satu dan jelaskan pesan atau nilai yang biasanya ingin disampaikan penulis melalui teks tersebut, berdasarkan pemahamanmu",poin utama : kelebihan dan kesetiaan terhadap tanah air,0,Jawaban Siswa
Bahasa Indonesia ,Jelaskan dengan bahasamu sendiri apa yang dimaksud dengan Teks Laporan Hasil Observasi!,Teks LHO adalah teks Penjabaran umum suatu objek / Sesuatu berupa hasil pengamatan / Observasi,10,Jawaban Siswa
Bahasa Indonesia ,Sebutkan tiga ciri utama dari Teks Laporan Hasil Observasi!,"3 Ciri utama teks LHO
Disusun secara struktur, Menggunakan bahasa baku dan ilmiah, bersifat objektif.",10,Jawaban Siswa
Bahasa Indonesia ,Apa tujuan dibuatnya teks laporan hasil observasi? Jelaskan secara sederhana.,Tujuan dibuatnya teks LHO adalah untuk menjelaskan informasi bedasarkan aoa yang diamati secara langsung,10,Jawaban Siswa
Bahasa Indonesia ,Jelaskan apa yang dimaksud dengan teks anekdot menurut pemahamanmu.,Teks anekdot adalah teks yang berisi kritikan dan didalamnya terdapat lelucon / humor,10,Jawaban Siswa
Bahasa Indonesia ,Sebutkan dua ciri yang selalu ada dalam teks anekdot.,"Ciri-ciri teks anekdot = Mengandung Kejadian unik, berupa kata Sindiran, Lelucon.",10,Jawaban Siswa
Bahasa Indonesia ,Sebutkan struktur teks anekdot dan jelaskan secara singkat setiap bagiannya.,"Struktur teks Anekdot
abstrak,
Orientasi = Pengenalan suatu kejadian,
Krisis = timbul masalah,
Rekasi = Menyelesaikan masalah,
Koda = Akhir Cerita / ending.",10,Jawaban Siswa
Bahasa Indonesia ,Apa yang dimaksud dengan hikayat? Jelaskan dengan bahasamu sendiri.,"Teks Hikayat adalah Karya Sastra lama melayu berbentuk Prosa berisi Cerita, historis, kesaktian, kehebatan.",10,Jawaban Siswa
Bahasa Indonesia ,Sebutkan tiga ciri khas hikayat sebagai karya sastra lama.,"3 Ciri Khas Hikayat
Unsur fantastis,
ada Cerita Keajaiban,
Menggunakan bahasa melayu asli",10,Jawaban Siswa
Bahasa Indonesia ,Sebutkan struktur umum hikayat dan jelaskan fungsi masing-masing bagian.,"Struktur teks Hikayat
Abstrak,
Orientasi = Pengenalan tokoh,
Komplikasi = munculnya suatu masalah,
Klimaks = ,
Resolusi = , 
Koda = ending ddari Cerita
Pendahuluan = pembuka cerita,
Peristiwa = isi dari cerita,
Penutup = ending dari cerita",10,Jawaban Siswa
Bahasa Indonesia ,"Dari ketiga jenis teks (LHO, Anekdot, Hikayat), pilih salah satu dan jelaskan pesan atau nilai yang biasanya ingin disampaikan penulis melalui teks tersebut, berdasarkan pemahamanmu",Teks Anekdot menyampaikan Pesan kritikan sindiran yang disampaikan penulis  lewat Cerita humoris - lelucon,10,Jawaban Siswa
Bahasa Indonesia ,Jelaskan dengan bahasamu sendiri apa yang dimaksud dengan Teks Laporan Hasil Observasi!,"LHO = Singkatan dari Laporan hasil observasi, LHO merupakan laporan yang berisi hasil pengamatan terhadap suatu objek",10,Jawaban Siswa
Bahasa Indonesia ,Sebutkan tiga ciri utama dari Teks Laporan Hasil Observasi!,"bersifat objektif, data virtual dan menggunakan bahasa baku",10,Jawaban Siswa
Bahasa Indonesia ,Apa tujuan dibuatnya teks laporan hasil observasi? Jelaskan secara sederhana.,menyampaikan hasil pengamatan secara jelas dan virtual,8,Jawaban Siswa
Bahasa Indonesia ,Jelaskan apa yang dimaksud dengan teks anekdot menurut pemahamanmu.,teks yang berisi cerita lucu,0,Jawaban Siswa
Bahasa Indonesia ,Sebutkan dua ciri yang selalu ada dalam teks anekdot.,mengandung unsur humor/ lelucon dan berfungsi sebagai kritik,10,Jawaban Siswa
Bahasa Indonesia ,Sebutkan struktur teks anekdot dan jelaskan secara singkat setiap bagiannya.,"abstrak = menarik perhatian pembaca,
krisis = membangun konflik",10,Jawaban Siswa
Bahasa Indonesia ,Apa yang dimaksud dengan hikayat? Jelaskan dengan bahasamu sendiri.,karya satra lama berbentuk prosa yang berisi cerita kehidupan tokoh dengan unsur keajaiban,10,Jawaban Siswa
Bahasa Indonesia ,Sebutkan tiga ciri khas hikayat sebagai karya sastra lama.,"mengandung unsur fantastis, tokoh digambarkan luar biasa",0,Jawaban Siswa
Bahasa Indonesia ,Sebutkan struktur umum hikayat dan jelaskan fungsi masing-masing bagian.,"abstrak, orientasi (pengenalan), konflikasi (konflik), Resolusi (Penyelasaian),  koda (penutup)",10,Jawaban Siswa
Bahasa Indonesia ,"Dari ketiga jenis teks (LHO, Anekdot, Hikayat), pilih salah satu dan jelaskan pesan atau nilai yang biasanya ingin disampaikan penulis melalui teks tersebut, berdasarkan pemahamanmu",hikayat menurut saya karya sastra yang menceritakan tentang masa dahulu tokoh digambarkan sangat luar biasa,10,Jawaban Siswa
Bahasa Indonesia ,Jelaskan dengan bahasamu sendiri apa yang dimaksud dengan Teks Laporan Hasil Observasi!,"Lho = Singkat dari laporan hasi observasi. Lho merupakan laporan yang berisi  hasi pengamatan terhadap suatu objek Peristiwa, teks atau Dokumen yang memaparkan data dan informasi yang diperoleh melalui kegiatan observasi.",10,Jawaban Siswa
Bahasa Indonesia ,Sebutkan tiga ciri utama dari Teks Laporan Hasil Observasi!,"bersifat objek, data Faktual, menggunakan bahasa baku dan jelas.",10,Jawaban Siswa
Bahasa Indonesia ,Apa tujuan dibuatnya teks laporan hasil observasi? Jelaskan secara sederhana.,menyampaikan hasil pengamatan secara jelas dan Faktual mendokumentasikan data hasil observasi,0,Jawaban Siswa
Bahasa Indonesia ,Jelaskan apa yang dimaksud dengan teks anekdot menurut pemahamanmu.,teks berisi singkat yang lucu / menggelitik memberikan Tujuan kritik.,10,Jawaban Siswa
Bahasa Indonesia ,Sebutkan dua ciri yang selalu ada dalam teks anekdot.,mengandung unsur himor/kelucuan berfungsi sebagai kritik sindiran sindiran.,10,Jawaban Siswa
Bahasa Indonesia ,Sebutkan struktur teks anekdot dan jelaskan secara singkat setiap bagiannya.,"objek = menarik Perhatian Pembaca orientasi =  memberikan latar,
Krisis = membangun konflik reaksi =  memberikan belakang menyelesaikan.",10,Jawaban Siswa
Bahasa Indonesia ,Apa yang dimaksud dengan hikayat? Jelaskan dengan bahasamu sendiri.,Karya sastra Lama berbetuk proses yang berisi cerita kehidupan Tokoh dengan unsur keajaiban / kesaktian.,10,Jawaban Siswa
Bahasa Indonesia ,Sebutkan tiga ciri khas hikayat sebagai karya sastra lama.,mengandung unsur fantastis Tokoh digambarkan luar biasa bertujuan menghibur/ pelajar moral,10,Jawaban Siswa
Bahasa Indonesia ,Sebutkan struktur umum hikayat dan jelaskan fungsi masing-masing bagian.,"objek orientasi (pengenalan, konplikasi konfik peristiwa) resolusi  (penyelesaian. Kode (penutupan)",10,Jawaban Siswa
Bahasa Indonesia ,"Dari ketiga jenis teks (LHO, Anekdot, Hikayat), pilih salah satu dan jelaskan pesan atau nilai yang biasanya ingin disampaikan penulis melalui teks tersebut, berdasarkan pemahamanmu",,0,Jawaban Siswa
Bahasa Indonesia ,Jelaskan dengan bahasamu sendiri apa yang dimaksud dengan Teks Laporan Hasil Observasi!,Teks yang menggunakan bahasa baku,0,Jawaban Siswa
Bahasa Indonesia ,Sebutkan tiga ciri utama dari Teks Laporan Hasil Observasi!,"bersifat objek, faktual, Menggunakan bahasa baku dan jelas.",10,Jawaban Siswa
Bahasa Indonesia ,Apa tujuan dibuatnya teks laporan hasil observasi? Jelaskan secara sederhana.,menyapaikan hasil Pengamatan Scara jelas dn fktual.,0,Jawaban Siswa
Bahasa Indonesia ,Jelaskan apa yang dimaksud dengan teks anekdot menurut pemahamanmu.,Teks berisi Cerita Singkat,0,Jawaban Siswa
Bahasa Indonesia ,Sebutkan dua ciri yang selalu ada dalam teks anekdot.,"Mengandung unsur humor, mengandung kritik atau Sindiran.",10,Jawaban Siswa
Bahasa Indonesia ,Sebutkan struktur teks anekdot dan jelaskan secara singkat setiap bagiannya.,"abstraksi, orientasi, krisis, Reaksi.",8,Jawaban Siswa
Bahasa Indonesia ,Apa yang dimaksud dengan hikayat? Jelaskan dengan bahasamu sendiri.,salah satu bentuk karya Sastra,0,Jawaban Siswa
Bahasa Indonesia ,Sebutkan tiga ciri khas hikayat sebagai karya sastra lama.,"kemustahilan, Istana Sentris, anonim",10,Jawaban Siswa
Bahasa Indonesia ,Sebutkan struktur umum hikayat dan jelaskan fungsi masing-masing bagian.,"eksposisi / Orientasi komplikasi / Permasalahan, klimaks, Resolusi, koda.",0,Jawaban Siswa
Bahasa Indonesia ,"Dari ketiga jenis teks (LHO, Anekdot, Hikayat), pilih salah satu dan jelaskan pesan atau nilai yang biasanya ingin disampaikan penulis melalui teks tersebut, berdasarkan pemahamanmu","nilai, moral, nilai budaya, nilai sosial.",0,Jawaban Siswa
Bahasa Indonesia ,Jelaskan dengan bahasamu sendiri apa yang dimaksud dengan Teks Laporan Hasil Observasi!,"Teks yg berisi penjabaran umum dan laporan hasil pengamatan yg sistematis terhadap suatu objek ( Benda, hewan, Tumbuhan, fenomena alam dan dll)",10,Jawaban Siswa
Bahasa Indonesia ,Sebutkan tiga ciri utama dari Teks Laporan Hasil Observasi!,"bersifat sistematis, pembahasan, bahasa baku",10,Jawaban Siswa
Bahasa Indonesia ,Apa tujuan dibuatnya teks laporan hasil observasi? Jelaskan secara sederhana.,Tujuannya untuk melaporkan hasil  pengamatan secara sistematis agar dapat dipahami dan digunakan Sebagai Landasan Tindakan / pemikiran lebih lanjut.,8,Jawaban Siswa
Bahasa Indonesia ,Jelaskan apa yang dimaksud dengan teks anekdot menurut pemahamanmu.,Teks anekdot adalah Cerita singkat yg berisi cerita lucu / Sindiran,10,Jawaban Siswa
Bahasa Indonesia ,Sebutkan dua ciri yang selalu ada dalam teks anekdot.,"Cerita Singkat, humor",10,Jawaban Siswa
Bahasa Indonesia ,Sebutkan struktur teks anekdot dan jelaskan secara singkat setiap bagiannya.,"abstraksi (sebagai pembuka dari sebuah cerita), orientasi ( sebagai penjelasan latar, tokoh dan situasi), krisis (sebagai bagian inti kejadian lucu), reaksi (seorang tokoh memberikan respon), koda (sebagai penutup dari sebuah cerita dan kesimpulan).",10,Jawaban Siswa
Bahasa Indonesia ,Apa yang dimaksud dengan hikayat? Jelaskan dengan bahasamu sendiri.,"Hikayat adalah karya sastra klasik melayu, Hikayat juga termasuk ke dalam cerita rakyat, cerita kraan Cerita Silsilah, UDD, bersifat keagamaan dan dll",10,Jawaban Siswa
Bahasa Indonesia ,Sebutkan tiga ciri khas hikayat sebagai karya sastra lama.,"bersifat intonatif, praogis/tidak logis, statis/logis",10,Jawaban Siswa
Bahasa Indonesia ,Sebutkan struktur umum hikayat dan jelaskan fungsi masing-masing bagian.,"abstraksi (sebagai pembuka dari sebuah cerita), oreantasi (sebagai penjelasan latar, tokoh, dan situasi), komflikasi (Sebagai permasalahan dari sebuah cerita), evaluasi (Sebagai penyelesaian masalalu dari sebuah cerita), koda (Sebagai penutup dari sebuah cerita)",10,Jawaban Siswa
Bahasa Indonesia ,"Dari ketiga jenis teks (LHO, Anekdot, Hikayat), pilih salah satu dan jelaskan pesan atau nilai yang biasanya ingin disampaikan penulis melalui teks tersebut, berdasarkan pemahamanmu",Setelah seseorang mempelajari Teks LHO seorang dapat memahami apa yg di  di amati dgn jelas.,0,Jawaban Siswa
Bahasa Indonesia ,Jelaskan dengan bahasamu sendiri apa yang dimaksud dengan Teks Laporan Hasil Observasi!,"Teks Laporan Hasil Observasi adalah teks yang berisi laporan tentang pemahaman secara Faktual, akurat, dan sistematis",10,Jawaban Siswa
Bahasa Indonesia ,Sebutkan tiga ciri utama dari Teks Laporan Hasil Observasi!,"bersifat faktual, objektif, sistematis",10,Jawaban Siswa
Bahasa Indonesia ,Apa tujuan dibuatnya teks laporan hasil observasi? Jelaskan secara sederhana.,"agar untuk memahami suatu objek secara Faktual, akurat, dan sistematis",0,Jawaban Siswa
Bahasa Indonesia ,Jelaskan apa yang dimaksud dengan teks anekdot menurut pemahamanmu.,teks Anekdot ialah sebuah teks yang tentang mengkritik,0,Jawaban Siswa
Bahasa Indonesia ,Sebutkan dua ciri yang selalu ada dalam teks anekdot.,"mencari tahu, menyelidiki, berisi tentang mengkritik",0,Jawaban Siswa
Bahasa Indonesia ,Sebutkan struktur teks anekdot dan jelaskan secara singkat setiap bagiannya.,"abstraksi = permulaan,
orientasi,
koda = kesimpulan",10,Jawaban Siswa
Bahasa Indonesia ,Apa yang dimaksud dengan hikayat? Jelaskan dengan bahasamu sendiri.,teks yang berisi tentang aneka lucu serta Pelajaran Penting.,10,Jawaban Siswa
Bahasa Indonesia ,Sebutkan tiga ciri khas hikayat sebagai karya sastra lama.,"adanya keajaiban, tokohnya luar biasa",0,Jawaban Siswa
Bahasa Indonesia ,Sebutkan struktur umum hikayat dan jelaskan fungsi masing-masing bagian.,inspiratif,0,Jawaban Siswa
Bahasa Indonesia ,"Dari ketiga jenis teks (LHO, Anekdot, Hikayat), pilih salah satu dan jelaskan pesan atau nilai yang biasanya ingin disampaikan penulis melalui teks tersebut, berdasarkan pemahamanmu","LHO (Agar lebih mudah dalam meneliti, mendeskripsikan)",0,Jawaban Siswa
Bahasa Indonesia ,Jelaskan dengan bahasamu sendiri apa yang dimaksud dengan Teks Laporan Hasil Observasi!,teks LHO adalah teks laporan observasi / menjelaskan arti umum dari Suatu objek hasil Pengamatan langsung,10,Jawaban Siswa
Bahasa Indonesia ,Sebutkan tiga ciri utama dari Teks Laporan Hasil Observasi!,"berisi Pembahasan tentang Suatu objek, disusun secara Sistematis, terdapat perincian bagian Suatu Objek",10,Jawaban Siswa
Bahasa Indonesia ,Apa tujuan dibuatnya teks laporan hasil observasi? Jelaskan secara sederhana.,tujuan teks laporan hasil observasi adalah untuk menyampaikan Informasi Faktual tentang Suatu objek atau peristiwa,10,Jawaban Siswa
Bahasa Indonesia ,Jelaskan apa yang dimaksud dengan teks anekdot menurut pemahamanmu.,"cerita Singkat yang bersifat lucu/menyindir. Biasanya digunakan mengeritik Perilaku, kebijakan atau keadaan tertentu",10,Jawaban Siswa
Bahasa Indonesia ,Sebutkan dua ciri yang selalu ada dalam teks anekdot.,"cerita Singkat, menyindiri",10,Jawaban Siswa
Bahasa Indonesia ,Sebutkan struktur teks anekdot dan jelaskan secara singkat setiap bagiannya.,"abstraksi, orientasi, krisis, Reaksi, koda",5,Jawaban Siswa
Bahasa Indonesia ,Apa yang dimaksud dengan hikayat? Jelaskan dengan bahasamu sendiri.,hikayat merupakan karya Sastra melayu klasik berupa Prosa,10,Jawaban Siswa
Bahasa Indonesia ,Sebutkan tiga ciri khas hikayat sebagai karya sastra lama.,"menggunakan bahasa melayu, bersifat intonatif, pratogis",10,Jawaban Siswa
Bahasa Indonesia ,Sebutkan struktur umum hikayat dan jelaskan fungsi masing-masing bagian.,"abstraksi, komunikasi, orientasi, Evaluasi, koda, resolusi",10,Jawaban Siswa
Bahasa Indonesia ,"Dari ketiga jenis teks (LHO, Anekdot, Hikayat), pilih salah satu dan jelaskan pesan atau nilai yang biasanya ingin disampaikan penulis melalui teks tersebut, berdasarkan pemahamanmu",anekdhot = mengritik orang yang maupun ngeritik baik atau buruk dan menyindir. Menyindir biasanya menyindir orang entah itu sindiran baik atau buruk.,10,Jawaban Siswa
Bahasa Indonesia ,Jelaskan dengan bahasamu sendiri apa yang dimaksud dengan Teks Laporan Hasil Observasi!,teks observasi adalah teks Laporan yang deskripsi nya berurutan seperti teks tutorial atau cara,10,Jawaban Siswa
Bahasa Indonesia ,Sebutkan tiga ciri utama dari Teks Laporan Hasil Observasi!,deskripsi nya bersetep / berurut - berdeskripsi jelas menunjukan cara / tutorial,10,Jawaban Siswa
Bahasa Indonesia ,Apa tujuan dibuatnya teks laporan hasil observasi? Jelaskan secara sederhana.,menunjukan cara bagaimana atau mamahami teks observasi,10,Jawaban Siswa
Bahasa Indonesia ,Jelaskan apa yang dimaksud dengan teks anekdot menurut pemahamanmu.,teks anekdot adalah teks yang berupa hiburan dan ada mengandung sedikit sindiran,10,Jawaban Siswa
Bahasa Indonesia ,Sebutkan dua ciri yang selalu ada dalam teks anekdot.,Sindiran Publik dan sindiran Lingkungan,10,Jawaban Siswa
Bahasa Indonesia ,Sebutkan struktur teks anekdot dan jelaskan secara singkat setiap bagiannya.,"berisi tentang hiburan, dan sedikit berisi tentang sindiran ublik",10,Jawaban Siswa
Bahasa Indonesia ,Apa yang dimaksud dengan hikayat? Jelaskan dengan bahasamu sendiri.,"hikayat adalah sebuah cerita Legenda, orang melayu",10,Jawaban Siswa
Bahasa Indonesia ,Sebutkan tiga ciri khas hikayat sebagai karya sastra lama.,menggunakan bahasa melayu lama - menceritakan sosok pahlawan - tokoh terkenal,10,Jawaban Siswa
Bahasa Indonesia ,Sebutkan struktur umum hikayat dan jelaskan fungsi masing-masing bagian.,bahasa melayu lama / karas dan sosok pahlawan,10,Jawaban Siswa
Bahasa Indonesia ,"Dari ketiga jenis teks (LHO, Anekdot, Hikayat), pilih salah satu dan jelaskan pesan atau nilai yang biasanya ingin disampaikan penulis melalui teks tersebut, berdasarkan pemahamanmu","teks anekdok pesan yang disampaikan, jangan bersikap tidak adil di hadapan Publik",10,Jawaban Siswa
Bahasa Indonesia ,Jelaskan dengan bahasamu sendiri apa yang dimaksud dengan Teks Laporan Hasil Observasi!,teks yang berisi penjabaran umum dan pelaporan hasil pengamatan yang sistematis terhadap suatu objek,10,Jawaban Siswa
Bahasa Indonesia ,Sebutkan tiga ciri utama dari Teks Laporan Hasil Observasi!,"bahasa baku dan ilmiah, fokus pada objek tunggal",10,Jawaban Siswa
Bahasa Indonesia ,Apa tujuan dibuatnya teks laporan hasil observasi? Jelaskan secara sederhana.,untuk melaporkan hasil pengamtaan secara sistematis agar dpt di pahami dan digunakan sebagai landasan untuk tindakan / pemahaman lebih.,10,Jawaban Siswa
Bahasa Indonesia ,Jelaskan apa yang dimaksud dengan teks anekdot menurut pemahamanmu.,teks anekdot adalah tujuan singkat berisi cerita lucu / sindiran,10,Jawaban Siswa
Bahasa Indonesia ,Sebutkan dua ciri yang selalu ada dalam teks anekdot.,"cerita singkat, humor",10,Jawaban Siswa
Bahasa Indonesia ,Sebutkan struktur teks anekdot dan jelaskan secara singkat setiap bagiannya.,"abstrak = pembuka dari sebuah cerita
oreantasi = menjelaskan latar, Tokoh dan situasi
Krisis = bagian ini dari kejadian lucu,
Koda = Penutup dari sebuah cerita",10,Jawaban Siswa
Bahasa Indonesia ,Apa yang dimaksud dengan hikayat? Jelaskan dengan bahasamu sendiri.,hikayat adalah karya sastra malayu klasik hikayat termasuk kedalam teks cerita rakyat. Juga cerita terkaam berisi cerita sisilan (DD yg bersifat sejarah keagamaan dll),10,Jawaban Siswa
Bahasa Indonesia ,Sebutkan tiga ciri khas hikayat sebagai karya sastra lama.,"bersifat intanosantris, Tidak logis, Staris / logis",10,Jawaban Siswa
Bahasa Indonesia ,Sebutkan struktur umum hikayat dan jelaskan fungsi masing-masing bagian.,"abstraksi, orientasi, komplikasi, elaqsi, koda",10,Jawaban Siswa
Bahasa Indonesia ,"Dari ketiga jenis teks (LHO, Anekdot, Hikayat), pilih salah satu dan jelaskan pesan atau nilai yang biasanya ingin disampaikan penulis melalui teks tersebut, berdasarkan pemahamanmu",,10,Jawaban Siswa
Bahasa Indonesia ,Jelaskan dengan bahasamu sendiri apa yang dimaksud dengan Teks Laporan Hasil Observasi!,Teks laporan oBservasi adalah Dimana orang menulis cerita Dengan Sederhana Tapi harus rinci,10,Jawaban Siswa
Bahasa Indonesia ,Sebutkan tiga ciri utama dari Teks Laporan Hasil Observasi!,"kata Pembuka, kata Pentup, Tokoh,  Tempat, Waktu",10,Jawaban Siswa
Bahasa Indonesia ,Apa tujuan dibuatnya teks laporan hasil observasi? Jelaskan secara sederhana.,Orang akan Gampang menceritakan kejadian yang pernah Dia alami. Secara rinci / sederhana,10,Jawaban Siswa
Bahasa Indonesia ,Jelaskan apa yang dimaksud dengan teks anekdot menurut pemahamanmu.,texs anexdot adalah Dimana orang menjelaskan secara rinci dan tIeliti,10,Jawaban Siswa
Bahasa Indonesia ,Sebutkan dua ciri yang selalu ada dalam teks anekdot.,"Paragraf, Tokoh",10,Jawaban Siswa
Bahasa Indonesia ,Sebutkan struktur teks anekdot dan jelaskan secara singkat setiap bagiannya.,"Paragraf 1 / Pembukaan,
Paragraf 2 menjelaskan cerita / kejadian,
Paragraf 3 Penutupan",10,Jawaban Siswa
Bahasa Indonesia ,Apa yang dimaksud dengan hikayat? Jelaskan dengan bahasamu sendiri.,Texs hikayat aDalah Dimana seseorang menceritakan / Dongeng Jaman Dulu.,10,Jawaban Siswa
Bahasa Indonesia ,Sebutkan tiga ciri khas hikayat sebagai karya sastra lama.,"Pembuka, Pengantar, Penutup",10,Jawaban Siswa
Bahasa Indonesia ,Sebutkan struktur umum hikayat dan jelaskan fungsi masing-masing bagian.,"abraksi, areantasi, kompinasi, elavasi, kode",10,Jawaban Siswa
Bahasa Indonesia ,"Dari ketiga jenis teks (LHO, Anekdot, Hikayat), pilih salah satu dan jelaskan pesan atau nilai yang biasanya ingin disampaikan penulis melalui teks tersebut, berdasarkan pemahamanmu",lho adalah pengertian texs yang berisi Penjabaran umum dan Pelaporan hasil Pengamatan tang sistematis Terhadap Sesuatu Objek,10,Jawaban Siswa
Bahasa Indonesia ,Jelaskan dengan bahasamu sendiri apa yang dimaksud dengan Teks Laporan Hasil Observasi!,teks yang untuk menyampaikan hasil laporan,10,Jawaban Siswa
Bahasa Indonesia ,Sebutkan tiga ciri utama dari Teks Laporan Hasil Observasi!,abstraksi,10,Jawaban Siswa
Bahasa Indonesia ,Apa tujuan dibuatnya teks laporan hasil observasi? Jelaskan secara sederhana.,agar dapat mengetahui laporan hasil observasi dengna rinci,10,Jawaban Siswa
Bahasa Indonesia ,Jelaskan apa yang dimaksud dengan teks anekdot menurut pemahamanmu.,teks anekdot = teks yang menjelaskan tentang kritikan / pesan moral.,10,Jawaban Siswa
Bahasa Indonesia ,Sebutkan dua ciri yang selalu ada dalam teks anekdot.,"sindiran, kritik.",10,Jawaban Siswa
Bahasa Indonesia ,Sebutkan struktur teks anekdot dan jelaskan secara singkat setiap bagiannya.,"teks, laporan, hasil, Pesan atau nilai",10,Jawaban Siswa
Bahasa Indonesia ,Apa yang dimaksud dengan hikayat? Jelaskan dengan bahasamu sendiri.,gambar yang berbentuk Prosa dan Mengalami peristiwa dahulu / karya sastra lama.,10,Jawaban Siswa
Bahasa Indonesia ,Sebutkan tiga ciri khas hikayat sebagai karya sastra lama.,"pesan moral, kritikan, atau nilai.",10,Jawaban Siswa
Bahasa Indonesia ,Sebutkan struktur umum hikayat dan jelaskan fungsi masing-masing bagian.,"teks, gambar/ karya sastra lama, Laporan, hasil, pesan atau nilai.",10,Jawaban Siswa
Bahasa Indonesia ,"Dari ketiga jenis teks (LHO, Anekdot, Hikayat), pilih salah satu dan jelaskan pesan atau nilai yang biasanya ingin disampaikan penulis melalui teks tersebut, berdasarkan pemahamanmu",agar seseorang Melihat / Mencontoh hal positifnya,10,Jawaban Siswa
Bahasa Indonesia ,Jelaskan dengan bahasamu sendiri apa yang dimaksud dengan Teks Laporan Hasil Observasi!,Laporan Hasil Observasi adalah untuk menejlaskan Suatu Kejadia Dan di Jelaskan Hasil Observasi itu dengan Secara detail.,10,Jawaban Siswa
Bahasa Indonesia ,Sebutkan tiga ciri utama dari Teks Laporan Hasil Observasi!,Lucu (meggelitik),10,Jawaban Siswa
Bahasa Indonesia ,Apa tujuan dibuatnya teks laporan hasil observasi? Jelaskan secara sederhana.,menceritakan Hasil Observasi itu,10,Jawaban Siswa
Bahasa Indonesia ,Jelaskan apa yang dimaksud dengan teks anekdot menurut pemahamanmu.,menjelaskan Suatu Pemohonan,10,Jawaban Siswa
Bahasa Indonesia ,Sebutkan dua ciri yang selalu ada dalam teks anekdot.,Karya Sastra lama.,10,Jawaban Siswa
Bahasa Indonesia ,Sebutkan struktur teks anekdot dan jelaskan secara singkat setiap bagiannya.,memahami suatu struktur Secara detail,10,Jawaban Siswa
Bahasa Indonesia ,Apa yang dimaksud dengan hikayat? Jelaskan dengan bahasamu sendiri.,menjelaskan Suatu Penemuan lama  Dan di Jelaskan Penerima lama itu Dengan  Secara Detail,10,Jawaban Siswa
Bahasa Indonesia ,Sebutkan tiga ciri khas hikayat sebagai karya sastra lama.,waktu penemuan Usia karya itu,10,Jawaban Siswa
Bahasa Indonesia ,Sebutkan struktur umum hikayat dan jelaskan fungsi masing-masing bagian.,menjelaskan suatu Penerima Dan Karya Sastra Lama,10,Jawaban Siswa
Bahasa Indonesia ,"Dari ketiga jenis teks (LHO, Anekdot, Hikayat), pilih salah satu dan jelaskan pesan atau nilai yang biasanya ingin disampaikan penulis melalui teks tersebut, berdasarkan pemahamanmu",LHO menceritakan suatu cerita yang dibuat,10,Jawaban Siswa
Bahasa Indonesia ,Jelaskan dengan bahasamu sendiri apa yang dimaksud dengan Teks Laporan Hasil Observasi!,Berbicara Sopan santun,10,Jawaban Siswa
Bahasa Indonesia ,Sebutkan tiga ciri utama dari Teks Laporan Hasil Observasi!,"menjaga toleransi, menolong dan Membantu orang sakit",10,Jawaban Siswa
Bahasa Indonesia ,Apa tujuan dibuatnya teks laporan hasil observasi? Jelaskan secara sederhana.,membicarakan hal sesuatu,10,Jawaban Siswa
Bahasa Indonesia ,Jelaskan apa yang dimaksud dengan teks anekdot menurut pemahamanmu.,teks laporan,10,Jawaban Siswa
Bahasa Indonesia ,Sebutkan dua ciri yang selalu ada dalam teks anekdot.,laporan pehaman,10,Jawaban Siswa
Bahasa Indonesia ,Sebutkan struktur teks anekdot dan jelaskan secara singkat setiap bagiannya.,kata kata,10,Jawaban Siswa
Bahasa Indonesia ,Apa yang dimaksud dengan hikayat? Jelaskan dengan bahasamu sendiri.,muslim,10,Jawaban Siswa
Bahasa Indonesia ,Sebutkan tiga ciri khas hikayat sebagai karya sastra lama.,melukis,10,Jawaban Siswa
Bahasa Indonesia ,Sebutkan struktur umum hikayat dan jelaskan fungsi masing-masing bagian.,Toa,10,Jawaban Siswa
Bahasa Indonesia ,"Dari ketiga jenis teks (LHO, Anekdot, Hikayat), pilih salah satu dan jelaskan pesan atau nilai yang biasanya ingin disampaikan penulis melalui teks tersebut, berdasarkan pemahamanmu",untuk memikir sesuatu,10,Jawaban Siswa
Bahasa Indonesia ,Jelaskan dengan bahasamu sendiri apa yang dimaksud dengan Teks Laporan Hasil Observasi!,"Teks Laporan Hasil observasi adalah teks yg kita tulis dari melihat atau Menonton sesuatu seperti hewan, Tumbuhan dsb atau Penjelasan Secara rinci",10,Jawaban Siswa
Bahasa Indonesia ,Sebutkan tiga ciri utama dari Teks Laporan Hasil Observasi!,"Bersifat Objektif,Disusun sistematis, Ditulis Berdasarkan Fakta",10,Jawaban Siswa
Bahasa Indonesia ,Apa tujuan dibuatnya teks laporan hasil observasi? Jelaskan secara sederhana.,agar memberikan Informasi faktual tentang suatu objek pengamatan,10,Jawaban Siswa
Bahasa Indonesia ,Jelaskan apa yang dimaksud dengan teks anekdot menurut pemahamanmu.,Teks Anekdot Cerita Singkat yg Lucu atau menyindir,10,Jawaban Siswa
Bahasa Indonesia ,Sebutkan dua ciri yang selalu ada dalam teks anekdot.,"Mengandung Humor, Berdasarkan Kejadian yg hampir nyala",10,Jawaban Siswa
Bahasa Indonesia ,Sebutkan struktur teks anekdot dan jelaskan secara singkat setiap bagiannya.,"Abstrak, orientasi, krisis, Reaksi, Koda",10,Jawaban Siswa
Bahasa Indonesia ,Apa yang dimaksud dengan hikayat? Jelaskan dengan bahasamu sendiri.,Hikayat adalah Cerita Klasik yg berisi tentang tokoh hebat biasanya banyak kejadian,10,Jawaban Siswa
Bahasa Indonesia ,Sebutkan tiga ciri khas hikayat sebagai karya sastra lama.,"Mengandung unsur fantastik, Bersifat Turun Temurun, Cerita berdasarkan Kejadian",10,Jawaban Siswa
Bahasa Indonesia ,Sebutkan struktur umum hikayat dan jelaskan fungsi masing-masing bagian.,"Tema, Tokoh, alur, Latar , amanat",10,Jawaban Siswa
Bahasa Indonesia ,"Dari ketiga jenis teks (LHO, Anekdot, Hikayat), pilih salah satu dan jelaskan pesan atau nilai yang biasanya ingin disampaikan penulis melalui teks tersebut, berdasarkan pemahamanmu","nilai moral, krisis sosial, informasi penting, Pelajaran hidup yg ingin disampaikan si penulis",10,Jawaban Siswa
Bahasa Indonesia ,Jelaskan dengan bahasamu sendiri apa yang dimaksud dengan Teks Laporan Hasil Observasi!,Laporan hasil observasi adalah teks yang berisi penjabaran umum atau laporan faktual tentang suatu objek,10,Jawaban Siswa
Bahasa Indonesia ,Sebutkan tiga ciri utama dari Teks Laporan Hasil Observasi!,"bersifat objektif, berdasarkan fakta, disusun secara sistematis",10,Jawaban Siswa
Bahasa Indonesia ,Apa tujuan dibuatnya teks laporan hasil observasi? Jelaskan secara sederhana.,untuk menyajikan Informasi data dan fakta secara objektif tentang suatu objek atau Fenomena,10,Jawaban Siswa
Bahasa Indonesia ,Jelaskan apa yang dimaksud dengan teks anekdot menurut pemahamanmu.,cerita singkat yang lucu dan mengsankan biasanya berdasarkan kejadian nyata,10,Jawaban Siswa
Bahasa Indonesia ,Sebutkan dua ciri yang selalu ada dalam teks anekdot.,"humor yg mengkritik, sindiran halus",10,Jawaban Siswa
Bahasa Indonesia ,Sebutkan struktur teks anekdot dan jelaskan secara singkat setiap bagiannya.,"abstrak (gambaran umum),
orientasi (menunjukkan latar belakang),
krisis (puncak cerita yang berisi masala / konflik),
Reaksi (tanggapan atau Respon karakter krisis),
Koda (bagian Penutup yg berisi Kesimpulan)",10,Jawaban Siswa
Bahasa Indonesia ,Apa yang dimaksud dengan hikayat? Jelaskan dengan bahasamu sendiri.,"Karya Sastra melayi lama berbentuk Prosa yg berisi cerita, undang undang atau silsilah",10,Jawaban Siswa
Bahasa Indonesia ,Sebutkan tiga ciri khas hikayat sebagai karya sastra lama.,"bersifat istanasentris, pralogis, menggunakan bahasa melayu lama",10,Jawaban Siswa
Bahasa Indonesia ,Sebutkan struktur umum hikayat dan jelaskan fungsi masing-masing bagian.,"abstraksi, orientasi, komplikasi, evaluasi, resolusi, koda",8,Jawaban Siswa
Bahasa Indonesia ,"Dari ketiga jenis teks (LHO, Anekdot, Hikayat), pilih salah satu dan jelaskan pesan atau nilai yang biasanya ingin disampaikan penulis melalui teks tersebut, berdasarkan pemahamanmu",teks anekdot = hiburan yang dibungkus kritik sosial Sindiran halus dan Pesan moral  atau amanat,10,Jawaban Siswa
Bahasa Indonesia ,Jelaskan dengan bahasamu sendiri apa yang dimaksud dengan Teks Laporan Hasil Observasi!,laporan Hasill pengamatan yg mencatat Secara Fakta Berdasarkan objektif dn Strukturnya,10,Jawaban Siswa
Bahasa Indonesia ,Sebutkan tiga ciri utama dari Teks Laporan Hasil Observasi!,"objektif, sistematis, kontrenatif",5,Jawaban Siswa
Bahasa Indonesia ,Apa tujuan dibuatnya teks laporan hasil observasi? Jelaskan secara sederhana.,"memberikan informasi, menganalisis, mengevaluasi",10,Jawaban Siswa
Bahasa Indonesia ,Jelaskan apa yang dimaksud dengan teks anekdot menurut pemahamanmu.,cerita singkat lucu dn menarik biasanya yata,0,Jawaban Siswa
Bahasa Indonesia ,Sebutkan dua ciri yang selalu ada dalam teks anekdot.,humor yg mnegeritik sindiran halus,10,Jawaban Siswa
Bahasa Indonesia ,Sebutkan struktur teks anekdot dan jelaskan secara singkat setiap bagiannya.,"Pembuka, isi, Penutup",10,Jawaban Siswa
Bahasa Indonesia ,Apa yang dimaksud dengan hikayat? Jelaskan dengan bahasamu sendiri.,cerita pendek yg mengunakan Bahasa melayu menceritakan pertualangan pahlamawan,10,Jawaban Siswa
Bahasa Indonesia ,Sebutkan tiga ciri khas hikayat sebagai karya sastra lama.,"Bersifat instaniSentres, prlogis, mengunakan Bahasa melayu lama",10,Jawaban Siswa
Bahasa Indonesia ,Sebutkan struktur umum hikayat dan jelaskan fungsi masing-masing bagian.,"Abstraksi, orientasi, famlikasi, eramlikasi, revolusi, koda",5,Jawaban Siswa
Bahasa Indonesia ,"Dari ketiga jenis teks (LHO, Anekdot, Hikayat), pilih salah satu dan jelaskan pesan atau nilai yang biasanya ingin disampaikan penulis melalui teks tersebut, berdasarkan pemahamanmu","nilai moral = berhubungan dgn baik / buruk prilaku 9jujur, sabar, tamak
Teks Anekdot = Hiburan yg dibungkus kritik Sosial sindiran halus dn pesan moral/amanat",10,Jawaban Siswa
Bahasa Indonesia ,Jelaskan dengan bahasamu sendiri apa yang dimaksud dengan Teks Laporan Hasil Observasi!,hasil teks observasi itu Seperti teks deskripsi dengan mencatat sebuah benda dengan rinci.,10,Jawaban Siswa
Bahasa Indonesia ,Sebutkan tiga ciri utama dari Teks Laporan Hasil Observasi!,"bersifat objektif, disusun sistematis, ditulis berdasarkan fakta",10,Jawaban Siswa
Bahasa Indonesia ,Apa tujuan dibuatnya teks laporan hasil observasi? Jelaskan secara sederhana.,agar dapat mengenali benda asing,0,Jawaban Siswa
Bahasa Indonesia ,Jelaskan apa yang dimaksud dengan teks anekdot menurut pemahamanmu.,teks anekdot adalah teks yang berisi sesuatu lelucon atau candaan dengan bahasa yang sederhana,10,Jawaban Siswa
Bahasa Indonesia ,Sebutkan dua ciri yang selalu ada dalam teks anekdot.,mengandung humor berdasarkan kejadian yang hampir nyata,10,Jawaban Siswa
Bahasa Indonesia ,Sebutkan struktur teks anekdot dan jelaskan secara singkat setiap bagiannya.,"artefak, orientasi",0,Jawaban Siswa
Bahasa Indonesia ,Apa yang dimaksud dengan hikayat? Jelaskan dengan bahasamu sendiri.,hikayat adalah teks berisi cerita laman atau fiksi yang menggunakan bahasa melayu lama.,10,Jawaban Siswa
Bahasa Indonesia ,Sebutkan tiga ciri khas hikayat sebagai karya sastra lama.,"mengandung unsur tethenik, bersifat turun menurut, berdasarkan kejadian",10,Jawaban Siswa
Bahasa Indonesia ,Sebutkan struktur umum hikayat dan jelaskan fungsi masing-masing bagian.,"tema, tokoh, alur, latar , amanat",0,Jawaban Siswa
Bahasa Indonesia ,"Dari ketiga jenis teks (LHO, Anekdot, Hikayat), pilih salah satu dan jelaskan pesan atau nilai yang biasanya ingin disampaikan penulis melalui teks tersebut, berdasarkan pemahamanmu","nilai moral , krisis sosial, informasi penting , pelajaran hidup yang disampaikan si penulis",0,Jawaban Siswa
Bahasa Indonesia ,Jelaskan dengan bahasamu sendiri apa yang dimaksud dengan Teks Laporan Hasil Observasi!,laporan berisi fajta dan hasil pengalaman,10,Jawaban Siswa
Bahasa Indonesia ,Sebutkan tiga ciri utama dari Teks Laporan Hasil Observasi!,"fakta, teratur dan menggunakan bahasa baku",10,Jawaban Siswa
Bahasa Indonesia ,Apa tujuan dibuatnya teks laporan hasil observasi? Jelaskan secara sederhana.,menyampaikan fakta hasil pengamatan,0,Jawaban Siswa
Bahasa Indonesia ,Jelaskan apa yang dimaksud dengan teks anekdot menurut pemahamanmu.,cerita pendek yang lucu sekaligus menyindir,10,Jawaban Siswa
Bahasa Indonesia ,Sebutkan dua ciri yang selalu ada dalam teks anekdot.,menyindir dan lucu ,10,Jawaban Siswa
Bahasa Indonesia ,Sebutkan struktur teks anekdot dan jelaskan secara singkat setiap bagiannya.,"abstraksi = pembuka,
orientasi = mengenalkan,
kritik = masalah,
reaksi = penyelesaian,
koda = penutupan",10,Jawaban Siswa
Bahasa Indonesia ,Apa yang dimaksud dengan hikayat? Jelaskan dengan bahasamu sendiri.,cerita tradisional tentang tokoh luar biasa dengan unsur positif,10,Jawaban Siswa
Bahasa Indonesia ,Sebutkan tiga ciri khas hikayat sebagai karya sastra lama.,"mengandung unsur istimewa,khayal dan tokoh",0,Jawaban Siswa
Bahasa Indonesia ,Sebutkan struktur umum hikayat dan jelaskan fungsi masing-masing bagian.,mengantar isi peristiwa penting,0,Jawaban Siswa
Bahasa Indonesia ,"Dari ketiga jenis teks (LHO, Anekdot, Hikayat), pilih salah satu dan jelaskan pesan atau nilai yang biasanya ingin disampaikan penulis melalui teks tersebut, berdasarkan pemahamanmu",hikayat = karena menceritakkan kisah kisah jaman dulu,0,Jawaban Siswa
Bahasa Indonesia ,Jelaskan dengan bahasamu sendiri apa yang dimaksud dengan Teks Laporan Hasil Observasi!,Adalah teks yg berisi laporan hasil dari pengamatan (observasi),10,Jawaban Siswa
Bahasa Indonesia ,Sebutkan tiga ciri utama dari Teks Laporan Hasil Observasi!,"Menggunakan bahasa yg baku, menggunakan cara yg sistematis, Pembahasan",10,Jawaban Siswa
Bahasa Indonesia ,Apa tujuan dibuatnya teks laporan hasil observasi? Jelaskan secara sederhana.,untuk mendapatkan informasi,10,Jawaban Siswa
Bahasa Indonesia ,Jelaskan apa yang dimaksud dengan teks anekdot menurut pemahamanmu.,Adalah cerita singkat yg berisi pujian/kritikan pada suatu prilaku/kebijakan dg cara menghibur dan ttp ada pesan moralnya ,10,Jawaban Siswa
Bahasa Indonesia ,Sebutkan dua ciri yang selalu ada dalam teks anekdot.,"cerita, singkat, sindiran",10,Jawaban Siswa
Bahasa Indonesia ,Sebutkan struktur teks anekdot dan jelaskan secara singkat setiap bagiannya.,"Abstraksi = gambaran cerita,
orientasi = latar cerita, memperkenalkan tokoh, tempat dan waktu,
krisis = bagian inti cerita,
reaksi = tanggapan,
koda = penutup cerita",10,Jawaban Siswa
Bahasa Indonesia ,Apa yang dimaksud dengan hikayat? Jelaskan dengan bahasamu sendiri.,"Adalah karya Sastra Prosa Melayu lama yg berisi Cerita / undang undang yg bersifat keagamaan, rekaan dan Historis",10,Jawaban Siswa
Bahasa Indonesia ,Sebutkan tiga ciri khas hikayat sebagai karya sastra lama.,"Mustahil, Istanasentris, Anonoim",10,Jawaban Siswa
Bahasa Indonesia ,Sebutkan struktur umum hikayat dan jelaskan fungsi masing-masing bagian.,"Abstraksi = gambaran cerita,
Orientasi = latar cerita,
Komplikasi = bagian inti masalah,
evaluasi = bagian pembenaran,
resolusi = solusi dalam cerita
koda = penutup",10,Jawaban Siswa
Bahasa Indonesia ,"Dari ketiga jenis teks (LHO, Anekdot, Hikayat), pilih salah satu dan jelaskan pesan atau nilai yang biasanya ingin disampaikan penulis melalui teks tersebut, berdasarkan pemahamanmu",Penulis dapat mengirim pesan berupa Pujian/kritikan dg hal lucu dan sarkas kpd siapa saja.,10,Jawaban Siswa
Bahasa Indonesia ,Jelaskan dengan bahasamu sendiri apa yang dimaksud dengan Teks Laporan Hasil Observasi!,"menjelaskan ciri-ciri umum dari satu objek atau fenomena  berdasarkan hasil  pengamatan langsung objeknya bisa berupa benda, hewan, tumbuhan dan fenomena alam",10,Jawaban Siswa
Bahasa Indonesia ,Sebutkan tiga ciri utama dari Teks Laporan Hasil Observasi!,bersifat objektif penyusunan teks nya sistematis dan berdasarkan fakta hasil pengamatan,10,Jawaban Siswa
Bahasa Indonesia ,Apa tujuan dibuatnya teks laporan hasil observasi? Jelaskan secara sederhana.,"memberikan informasi yang objektif, faktual, dan rinci kepada Pembaca tentang objek fenomena, atau peristiwa, berdasarkan hasil pengamatan ilmiah atau penelitian degan tujuan menngulaisifikasi dokumen tasikan, fakta menjadi sumber data terpercaya untuk analisis atau pengambilan keputusan",10,Jawaban Siswa
Bahasa Indonesia ,Jelaskan apa yang dimaksud dengan teks anekdot menurut pemahamanmu.,"teks anekdot adalah cerita singkat yang bersifat lucu atau menyindir biasanya digunakan untuk mengkritik prilaku kebijakan atau keadaan tertentu dengan cara yang menghibur, tetapi tetap memiliki pesan moral.",10,Jawaban Siswa
Bahasa Indonesia ,Sebutkan dua ciri yang selalu ada dalam teks anekdot.,"humor = elemen lucu yang membuat cerit amenghibur / cerita singkat
narasi = ringkasan yang menyampiakan pesan",10,Jawaban Siswa
Bahasa Indonesia ,Sebutkan struktur teks anekdot dan jelaskan secara singkat setiap bagiannya.,"abstraksi = bagian pembuka yang memberi gambaran umum isi cerita biasanya untuk menarik perhatian,
prientasi = Bagian yang mengenalkan latar belakang seperti siapa tokohnya, kapan dan dimana peristiwa terjadi,
krisis = momen puncak konflik atau masalah yang membuat arti lucu dan,
reaksi = tanggapan atau respon  tokoh terhadap krisis, seringkali disajikan dengan cara  yang tidak terduga.
koda = penutup cerita yang berisi kesimpulan, Pesan moral, atau sindiran bagian bersikap opsional.",10,Jawaban Siswa
Bahasa Indonesia ,Apa yang dimaksud dengan hikayat? Jelaskan dengan bahasamu sendiri.,"hikayat merupakan karya sastra melayu klasik  berupa plosa juga merupakan rekan berisi cerita silsilah dan undang undang yang bersifat historis, keagamaan, dan lain lain",10,Jawaban Siswa
Bahasa Indonesia ,Sebutkan tiga ciri khas hikayat sebagai karya sastra lama.,"menggunakan bahasa melayu lama, bersifat istanafis atau pusat cerita beradi di lingkungan kerja, pralogis atau  banyak cerita yang tidak dapat diterima oleh akal",10,Jawaban Siswa
Bahasa Indonesia ,Sebutkan struktur umum hikayat dan jelaskan fungsi masing-masing bagian.,"mengantar isi / peristiwa, penutup",10,Jawaban Siswa
Bahasa Indonesia ,"Dari ketiga jenis teks (LHO, Anekdot, Hikayat), pilih salah satu dan jelaskan pesan atau nilai yang biasanya ingin disampaikan penulis melalui teks tersebut, berdasarkan pemahamanmu",memberikan pesan untuk terus anekdot  memberi pesan pesan moral (kritik-kritik) ingin disampaikan penulis melalui cerita lucu  dan menyindir.,10,Jawaban Siswa
Bahasa Indonesia ,Jelaskan dengan bahasamu sendiri apa yang dimaksud dengan Teks Laporan Hasil Observasi!,laporan berisi fakta dan hasil pengamatan,10,Jawaban Siswa
Bahasa Indonesia ,Sebutkan tiga ciri utama dari Teks Laporan Hasil Observasi!,fakta teratur dan jelas bahasa baku,10,Jawaban Siswa
Bahasa Indonesia ,Apa tujuan dibuatnya teks laporan hasil observasi? Jelaskan secara sederhana.,menyampaikan Fakta hasil Pengamatan,10,Jawaban Siswa
Bahasa Indonesia ,Jelaskan apa yang dimaksud dengan teks anekdot menurut pemahamanmu.,Cerita Pendek yg lucu sekaligus menyindir,10,Jawaban Siswa
Bahasa Indonesia ,Sebutkan dua ciri yang selalu ada dalam teks anekdot.,"Lucu, menyindir",10,Jawaban Siswa
Bahasa Indonesia ,Sebutkan struktur teks anekdot dan jelaskan secara singkat setiap bagiannya.,"abstraksi = pembuka,
orientasi = mengenalkan,
kritik = masalah,
reaksi = penyelesaian,
koda = penutupan",10,Jawaban Siswa
Bahasa Indonesia ,Apa yang dimaksud dengan hikayat? Jelaskan dengan bahasamu sendiri.,cerita tradisional tentang tokoh luar biasa dg unsur positif,0,Jawaban Siswa
Bahasa Indonesia ,Sebutkan tiga ciri khas hikayat sebagai karya sastra lama.,"mengandung unsur khayal, tokoh istimewa",10,Jawaban Siswa
Bahasa Indonesia ,Sebutkan struktur umum hikayat dan jelaskan fungsi masing-masing bagian.,"mengantar isi Pristiwa, Pneutup",10,Jawaban Siswa
Bahasa Indonesia ,"Dari ketiga jenis teks (LHO, Anekdot, Hikayat), pilih salah satu dan jelaskan pesan atau nilai yang biasanya ingin disampaikan penulis melalui teks tersebut, berdasarkan pemahamanmu",Hikayat = kaRean menceritakan kisah kisah jaman dulu,10,Jawaban Siswa
Bahasa Indonesia ,Jelaskan dengan bahasamu sendiri apa yang dimaksud dengan Teks Laporan Hasil Observasi!,teks yg melaporkan sebuah hasil dari Pengamatan (observasi),10,Jawaban Siswa
Bahasa Indonesia ,Sebutkan tiga ciri utama dari Teks Laporan Hasil Observasi!,"tujuan untuk mendaat informasi, berisi fakta, menggunakan bahasa baku",10,Jawaban Siswa
Bahasa Indonesia ,Apa tujuan dibuatnya teks laporan hasil observasi? Jelaskan secara sederhana.,menyampaikan fakta hasil pengamatan,10,Jawaban Siswa
Bahasa Indonesia ,Jelaskan apa yang dimaksud dengan teks anekdot menurut pemahamanmu.,cerita pendek yang lucu sekaligus menyindir,10,Jawaban Siswa
Bahasa Indonesia ,Sebutkan dua ciri yang selalu ada dalam teks anekdot.,"mengandung unsur lucu, mengeritik atau sindiran",10,Jawaban Siswa
Bahasa Indonesia ,Sebutkan struktur teks anekdot dan jelaskan secara singkat setiap bagiannya.,"abstraksi (pembuka cerita),
orietasi (mengenalkan Situasi dan tokoh",10,Jawaban Siswa
Bahasa Indonesia ,Apa yang dimaksud dengan hikayat? Jelaskan dengan bahasamu sendiri.,hikayat = Cerita tradisional tentang tokoh luar biasanya dengan Unsur fantasi,10,Jawaban Siswa
Bahasa Indonesia ,Sebutkan tiga ciri khas hikayat sebagai karya sastra lama.,"tokoh istimewah, mengandung unsur khayalan, melayu klasik",10,Jawaban Siswa
Bahasa Indonesia ,Sebutkan struktur umum hikayat dan jelaskan fungsi masing-masing bagian.,"Pengantar, isi / Pristiwa, penutup",10,Jawaban Siswa
Bahasa Indonesia ,"Dari ketiga jenis teks (LHO, Anekdot, Hikayat), pilih salah satu dan jelaskan pesan atau nilai yang biasanya ingin disampaikan penulis melalui teks tersebut, berdasarkan pemahamanmu",,0,Jawaban Siswa
Pendidikan Agama Islam,Jelaskan dengan bahasamu sendiri apa makna Fastabiqul Khoirot dan mengapa perintah ini penting dalam kehidupan seorang muslim.,Berlomba-lomba dalam kebaikan untuk memperbaiki diri dan taat kepada Allah,10,Jawaban Kunci
Pendidikan Agama Islam,Sebutkan tiga contoh perilaku Fastabiqul Khoirot di lingkungan sekolah,"Membantu teman, menjaga kebersihan kelas, disiplin waktu",10,Jawaban Kunci
Pendidikan Agama Islam,"Menurutmu, apa dampak positif bagi masyarakat jika remaja membiasakan diri berlomba dalam kebaikan?","Lingkungan harmonis, saling tolong menolong, karakter positif.",10,Jawaban Kunci
Pendidikan Agama Islam,Jelaskan apa yang dimaksud dengan Syu’abul Iman,Cabang keimanan yang mencakup amalan lahir dan batin,10,Jawaban Kunci
Pendidikan Agama Islam,Sebutkan lima cabang iman dan jelaskan makna salah satunya,"Jujur, amanah, sabar, menepati janji, berbuat baik",10,Jawaban Kunci
Pendidikan Agama Islam,Mengapa memahami Syu’abul Iman dapat membantu seorang muslim memperbaiki kualitas hidupnya?,"Meningkatkan akhlak, memperkuat iman, membentuk karakter.",10,Jawaban Kunci
Pendidikan Agama Islam,Apa yang dimaksud dengan Akhlaq Mazmumah? Jelaskan dengan bahasamu sendiri,Sifat tercela yang dilarang dalam Islam,10,Jawaban Kunci
Pendidikan Agama Islam,Sebutkan tiga contoh akhlaq mazmumah di kalangan remaja sekarang dan berikan contoh perilaku yang menggambarkannya,"Sombong, iri hati, berbohong",10,Jawaban Kunci
Pendidikan Agama Islam,"Mengapa akhlak mazmumah seperti sombong, iri, atau suka berbohong sangat berbahaya jika dibiarkan?","Merusak hubungan, menghilangkan kepercayaan, menimbulkan kebencian",10,Jawaban Kunci
Pendidikan Agama Islam,"Pilih salah satu: Fastabiqul Khoirot, Syu'abul Iman, atau Akhlaq Mazmumah. Jelaskan bagaimana penerapan materi tersebut dapat memperbaiki suasana dan karakter siswa di sekolah.",Fastabiqul Khoirot meningkatkan budaya saling membantu dan disiplin.,10,Jawaban Kunci
Pendidikan Agama Islam,Jelaskan dengan bahasamu sendiri apa makna Fastabiqul Khoirot dan mengapa perintah ini penting dalam kehidupan seorang muslim.,"fastabiqul khairat ialah berlomba-lomba dalam kebaikan, perintah ini penting karna adanya berlomba dalam kebaikan kita berusaha semampu kita mendapatkan yg terbaik contohnya, kita beribadah, hafalan, dsb.",10,Jawaban Siswa
Pendidikan Agama Islam,Sebutkan tiga contoh perilaku Fastabiqul Khoirot di lingkungan sekolah,"ketika ujian, saat kumandang adza, melaksanakan sholat",0,Jawaban Siswa
Pendidikan Agama Islam,"Menurutmu, apa dampak positif bagi masyarakat jika remaja membiasakan diri berlomba dalam kebaikan?",dampak positif nya ialah mereka mau berusaha dan berlomba dalam kebaikan untuk meningkatkan kualitas uman dan kebiasaan yg baik,10,Jawaban Siswa
Pendidikan Agama Islam,Jelaskan apa yang dimaksud dengan Syu’abul Iman,Syu'abul artinya cabang-cabang dan iman adalah keyakinan. Makna / arti dari syu'abul iman ialah cabang-cabangnya dari iman,10,Jawaban Siswa
Pendidikan Agama Islam,Sebutkan lima cabang iman dan jelaskan makna salah satunya,"jujur, bersedekah, amanah, sholat, berbakti pada org tua. Sholat: tidak menunda-nunda dan menjalankan sunahnya",10,Jawaban Siswa
Pendidikan Agama Islam,Mengapa memahami Syu’abul Iman dapat membantu seorang muslim memperbaiki kualitas hidupnya?,karna jika kita mengetahui syu'abul iman kita bisa meningkatkan keamanan kita dan membenahi sampai sempurnanya keimanan,10,Jawaban Siswa
Pendidikan Agama Islam,Apa yang dimaksud dengan Akhlaq Mazmumah? Jelaskan dengan bahasamu sendiri,"akhlak mazmumah adalah akhlak tercela/tidak baik. Seperti iri, riya', takabbur dll.",10,Jawaban Siswa
Pendidikan Agama Islam,Sebutkan tiga contoh akhlaq mazmumah di kalangan remaja sekarang dan berikan contoh perilaku yang menggambarkannya,"riya : memamerkan saat bersadaqah di take vidio kemudian di up di sosmed, Iri : ketika teman memiliki barang / sesuatu baru yang bagus dan kamu iri dengki, sombong: menyombongkan diri ketika mendapat juara kelas",10,Jawaban Siswa
Pendidikan Agama Islam,"Mengapa akhlak mazmumah seperti sombong, iri, atau suka berbohong sangat berbahaya jika dibiarkan?","karna bisa saja terjadi pertukaran / perselisihan diantara remaja seperti kita, gampang timbulnya fitnah dan hoax dimana-mana",10,Jawaban Siswa
Pendidikan Agama Islam,"Pilih salah satu: Fastabiqul Khoirot, Syu'abul Iman, atau Akhlaq Mazmumah. Jelaskan bagaimana penerapan materi tersebut dapat memperbaiki suasana dan karakter siswa di sekolah.","akhlak mazmumah : karna sebaik baiknya orang akan hilang kebaikannya jika ditutupi oleh 1 kesalahan, tanpa mereka berfikir akan butuhnya mereka, dan menyombongkan diri atas apa yang diperoleh. Cara memperbaiki akhlak mazmumah tsb adalah kita saling terbuka, saling mengapresiasi dan saling bertukar cerita agar tidak ada kesan ""sombong"" diantaranya. karna dari sifat sombong tsb bisa menimbulkan perkara permasalahan diantara kita",10,Jawaban Siswa
Pendidikan Agama Islam,Jelaskan dengan bahasamu sendiri apa makna Fastabiqul Khoirot dan mengapa perintah ini penting dalam kehidupan seorang muslim.,beriman dan berbuat kebaikan berlomba lomba lah dalam hal kebaikan,10,Jawaban Siswa
Pendidikan Agama Islam,Sebutkan tiga contoh perilaku Fastabiqul Khoirot di lingkungan sekolah,membuang Sampah pada tempatnya membersihkan halaman Sekolah mendengarkan guru saat  guru menerangkan,10,Jawaban Siswa
Pendidikan Agama Islam,"Menurutmu, apa dampak positif bagi masyarakat jika remaja membiasakan diri berlomba dalam kebaikan?",insyaallah akan menimbulkan ketentraman dan akan mendapatkan pahala serta dosa dosa akan diampuni dan akan jauh dari kata maksiat,10,Jawaban Siswa
Pendidikan Agama Islam,Jelaskan apa yang dimaksud dengan Syu’abul Iman,"cabang cabang iman, kepercayaan kepada allah",5,Jawaban Siswa
Pendidikan Agama Islam,Sebutkan lima cabang iman dan jelaskan makna salah satunya,"a'mam bi'arkan Qaulun bi lisan, Qaulun bi Qalbi",0,Jawaban Siswa
Pendidikan Agama Islam,Mengapa memahami Syu’abul Iman dapat membantu seorang muslim memperbaiki kualitas hidupnya?,karena dengan Syuabul iman manusia akan berubah menjadi orang baik,10,Jawaban Siswa
Pendidikan Agama Islam,Apa yang dimaksud dengan Akhlaq Mazmumah? Jelaskan dengan bahasamu sendiri,Akhlak mazmumah adalah akhlak (Tercela) buruk akhlak ini harus dihindari oleh muslin karena akhlak ini akhlak buruk,10,Jawaban Siswa
Pendidikan Agama Islam,Sebutkan tiga contoh akhlaq mazmumah di kalangan remaja sekarang dan berikan contoh perilaku yang menggambarkannya,"membuang sampah sembarangan, melawan orang tua, menghina orang kesusahan",5,Jawaban Siswa
Pendidikan Agama Islam,"Mengapa akhlak mazmumah seperti sombong, iri, atau suka berbohong sangat berbahaya jika dibiarkan?","akan sangat bahaya jika dibiarkan karena merusak akhlak manusia, manusia akan jadi sombong iri tidak punya kesopanan",10,Jawaban Siswa
Pendidikan Agama Islam,"Pilih salah satu: Fastabiqul Khoirot, Syu'abul Iman, atau Akhlaq Mazmumah. Jelaskan bagaimana penerapan materi tersebut dapat memperbaiki suasana dan karakter siswa di sekolah.",Rastabiqul Khoirot adalah berbuat kebaikan,0,Jawaban Siswa
Pendidikan Agama Islam,Jelaskan dengan bahasamu sendiri apa makna Fastabiqul Khoirot dan mengapa perintah ini penting dalam kehidupan seorang muslim.,"Makna fastabiqul khairat adalah kebaikan, yang dimaksud kebaikan adalah orang-orang yg melakukan kebaikan akan mendapatkan suatu kaidah dari Allah dan kita harus melakukannya",10,Jawaban Siswa
Pendidikan Agama Islam,Sebutkan tiga contoh perilaku Fastabiqul Khoirot di lingkungan sekolah,"Menolong Teman yg membutuhkan / Teman susah, Menjenguk teman yg sakit, Ikut serta dalam kegiatan amal untuk orang yg mengalami  musibah",10,Jawaban Siswa
Pendidikan Agama Islam,"Menurutmu, apa dampak positif bagi masyarakat jika remaja membiasakan diri berlomba dalam kebaikan?",dampaknya ialah dia Menjadi lebih Menolong orang yang membutuhkan dan dia Menjadi lebih baik dan menjauhi larangan Allah dan dia belajar mengenai berbuat baik dan menolong orang yang membutuhkan,10,Jawaban Siswa
Pendidikan Agama Islam,Jelaskan apa yang dimaksud dengan Syu’abul Iman,"Yang di maksud Syuabul iman adalah ""cabang/bagian"" Sedangkan iman ""kepercayaan"". Jadi artinya ialah Cabang kepercayaan seorang muslim",10,Jawaban Siswa
Pendidikan Agama Islam,Sebutkan lima cabang iman dan jelaskan makna salah satunya,"jujur, berbakti kpd orang tua, beriman",0,Jawaban Siswa
Pendidikan Agama Islam,Mengapa memahami Syu’abul Iman dapat membantu seorang muslim memperbaiki kualitas hidupnya?,karena di dalam syuabul iman terdapat kewajiban seseorang Muslim yg harus dikerjakan tanpa terkecuali agar kita dapat menjadi seorang muslim yg baik,10,Jawaban Siswa
Pendidikan Agama Islam,Apa yang dimaksud dengan Akhlaq Mazmumah? Jelaskan dengan bahasamu sendiri,Akhlaq Mazmumah adalah akhlak tercela yang tidak boleh kita pendam dalam hati kita karena  Akhlaq Mazmumah sangat tidak disukai oleh kalangan umat muslim,10,Jawaban Siswa
Pendidikan Agama Islam,Sebutkan tiga contoh akhlaq mazmumah di kalangan remaja sekarang dan berikan contoh perilaku yang menggambarkannya,"Sombong, iri, suka berbohong. Contoh Sombong (Memamerkan suatu barang mahal), Iri (iri terhadap seseorang yang hodupnya enak), berbohong (terhadap orang tua soal hal memukul adek)",10,Jawaban Siswa
Pendidikan Agama Islam,"Mengapa akhlak mazmumah seperti sombong, iri, atau suka berbohong sangat berbahaya jika dibiarkan?",karena jika dibiarkan lama-kelamaan akan menjadi terbiasa Melakukan suatu prilaku yang dilarang tersebut jadi kita harus belajar unuk tidak melakukannya / Menjauhi orang yg memiliki sifat tersebut,10,Jawaban Siswa
Pendidikan Agama Islam,"Pilih salah satu: Fastabiqul Khoirot, Syu'abul Iman, atau Akhlaq Mazmumah. Jelaskan bagaimana penerapan materi tersebut dapat memperbaiki suasana dan karakter siswa di sekolah.","Akhlaq Mazmumah (Dengan cara kita harus menjauhi akhlaq tercela Seperti Sombong, Iri dan sbg kita harus menjauhinya, dan kita harus memberi tahu teman kita yg melakukan akhlaq Mazmumah agar tidak melakukannya agar terjauh dari sifat tersebut kita harus belajar",10,Jawaban Siswa
Pendidikan Agama Islam,Jelaskan dengan bahasamu sendiri apa makna Fastabiqul Khoirot dan mengapa perintah ini penting dalam kehidupan seorang muslim.,"Maknanya berlomba lomba dalam kebaikan, penting karena agar dapat menciptakan rasa kebersamaan, kerukunan dan tolong menolong sesama muslim",10,Jawaban Siswa
Pendidikan Agama Islam,Sebutkan tiga contoh perilaku Fastabiqul Khoirot di lingkungan sekolah,"Berbagi ilmu kecuali saat ujian, membantu teman saat piket sendiri, menolong teman saat kesusahan",10,Jawaban Siswa
Pendidikan Agama Islam,"Menurutmu, apa dampak positif bagi masyarakat jika remaja membiasakan diri berlomba dalam kebaikan?","Dapat menciptakan kerukunan, tolong menolong, dan tentram",10,Jawaban Siswa
Pendidikan Agama Islam,Jelaskan apa yang dimaksud dengan Syu’abul Iman,"Syuabul artinya cabang / bagian, iman artinya keyakinan/kepercayaan, yaitu cabang cabang iman yang berkaitan dg hati, lisan dan anggota badan",10,Jawaban Siswa
Pendidikan Agama Islam,Sebutkan lima cabang iman dan jelaskan makna salah satunya,"iman kepada allah, berdoa, sholat 5 waktu, iman kpd kitab allah, dan berdzikir. Makna dari berdzikir yaitu jika mengamalkannya akan mendapatkan pahala",10,Jawaban Siswa
Pendidikan Agama Islam,Mengapa memahami Syu’abul Iman dapat membantu seorang muslim memperbaiki kualitas hidupnya?,Agar dapat menjadi lebih baik dari sebelumnya,0,Jawaban Siswa
Pendidikan Agama Islam,Apa yang dimaksud dengan Akhlaq Mazmumah? Jelaskan dengan bahasamu sendiri,"Pola pikir, tindakan dan perilaku tidak  baik seperti, foya-foya,riya', sum'ah, takabbur, dan hasat",10,Jawaban Siswa
Pendidikan Agama Islam,Sebutkan tiga contoh akhlaq mazmumah di kalangan remaja sekarang dan berikan contoh perilaku yang menggambarkannya,"foya-foya yaitu boros dengan harta, riya' yaitu memperlihatkan amalan/ibadahnya disosmed agar mendapatkan pujian dari orang lain, sum'ah yaitu memperdengarkan amalan/ ibadahnya kepada seseorang agar mendapatkan pujian/sanjungan",10,Jawaban Siswa
Pendidikan Agama Islam,"Mengapa akhlak mazmumah seperti sombong, iri, atau suka berbohong sangat berbahaya jika dibiarkan?",Jika dibiarkan maka akan muncul pertengkaran dan hilangnya kebersamaan / kerukunan,10,Jawaban Siswa
Pendidikan Agama Islam,"Pilih salah satu: Fastabiqul Khoirot, Syu'abul Iman, atau Akhlaq Mazmumah. Jelaskan bagaimana penerapan materi tersebut dapat memperbaiki suasana dan karakter siswa di sekolah.","Fastabiqul khoirot yaitu berlomba lomba dalam kebaikan agar dpt menciptakan rasa kebersamaan, kerukunan, dan saling tolong menolong",10,Jawaban Siswa
Pendidikan Agama Islam,Jelaskan dengan bahasamu sendiri apa makna Fastabiqul Khoirot dan mengapa perintah ini penting dalam kehidupan seorang muslim.,"Fastabiqul khoirot adalah berlomba-lomba dalam kebaikan, karena kebaikan Ini menjadi Sumber kerukunan ataupun Ketenangan dan juga Kita mendpatkan Pahala ",10,Jawaban Siswa
Pendidikan Agama Islam,Sebutkan tiga contoh perilaku Fastabiqul Khoirot di lingkungan sekolah,"Saling membantu Satu Sama Lain, mengerjakan tugas, mengajari teman yg kesulitan dlm mengerjakan / dlm memahami Pelajaran",10,Jawaban Siswa
Pendidikan Agama Islam,"Menurutmu, apa dampak positif bagi masyarakat jika remaja membiasakan diri berlomba dalam kebaikan?","Kehidupan di masyarakat menjadi tenang, tentram dan Rukun",10,Jawaban Siswa
Pendidikan Agama Islam,Jelaskan apa yang dimaksud dengan Syu’abul Iman,Syuabul Iman adalah Cabang Cabang Iman,5,Jawaban Siswa
Pendidikan Agama Islam,Sebutkan lima cabang iman dan jelaskan makna salah satunya,"ma'riful bi qolbi, Kaulum bilisan, a'malun biarkan, Kaulun bilisan yaitu Perilaku dalam lisan (berbicara)",10,Jawaban Siswa
Pendidikan Agama Islam,Mengapa memahami Syu’abul Iman dapat membantu seorang muslim memperbaiki kualitas hidupnya?,KarenaSyuabul Iman ini mengajarkan bagaimana kehidupan ataupun Prilaku yg baik yg bisa kita terapkan dlm kehidupan Sehari-hari dan menjadikan hidup yg berkualitas,10,Jawaban Siswa
Pendidikan Agama Islam,Apa yang dimaksud dengan Akhlaq Mazmumah? Jelaskan dengan bahasamu sendiri,Akhlak mazmumah adalah akhlak akhlak tercela yg harus kita hindari,10,Jawaban Siswa
Pendidikan Agama Islam,Sebutkan tiga contoh akhlaq mazmumah di kalangan remaja sekarang dan berikan contoh perilaku yang menggambarkannya,"Sombong, Iri dan Suka berbohong. Contoh prilakunya Seorag remaja Habis beli Hp dan dia ini pamer ke teman temanya Setelah itu temannya iri, dari Cintoh sikap ini atau prilaku diatas sudah ada 2 sikap dari akhlak Mazmumah yaitu Sombong dan Iri",10,Jawaban Siswa
Pendidikan Agama Islam,"Mengapa akhlak mazmumah seperti sombong, iri, atau suka berbohong sangat berbahaya jika dibiarkan?",Karena bisa terjadi ketidak rukunan antara teman dan jika Sikap sikap atau Sifat tersebut diteruskan makan ada dampaknya dan akan adanya Ke iri irian antara teman tersebut Sebaiknya kita menghindari Sifat sifat tersebut,10,Jawaban Siswa
Pendidikan Agama Islam,"Pilih salah satu: Fastabiqul Khoirot, Syu'abul Iman, atau Akhlaq Mazmumah. Jelaskan bagaimana penerapan materi tersebut dapat memperbaiki suasana dan karakter siswa di sekolah.","Fastabiqul Khoirot (berlomba-lomba dlm kebaikan), yaitu Selalu melakukan kebaikan maka suasana dan karakter Siswa akan menjadi baik dan Selalu damai rukun satu Sama lain, kebaikan juga harus diterapkan dlm sehari hari agar mudah diterapkan bagi siswa",10,Jawaban Siswa
Pendidikan Agama Islam,Jelaskan dengan bahasamu sendiri apa makna Fastabiqul Khoirot dan mengapa perintah ini penting dalam kehidupan seorang muslim.,"Fastabiqul khoirot adalah erlomba-lomba dalam mencari kebaikan artinya kita mencari kebaikan yang mendapatkan pahala dan rida allah danmengapa ini penting, karena kita harus berbuat baik kepada sesama agar mendapat pahala",10,Jawaban Siswa
Pendidikan Agama Islam,Sebutkan tiga contoh perilaku Fastabiqul Khoirot di lingkungan sekolah,"Piket kelas, mengerjjakan tugas, memberi salam kepada guru",10,Jawaban Siswa
Pendidikan Agama Islam,"Menurutmu, apa dampak positif bagi masyarakat jika remaja membiasakan diri berlomba dalam kebaikan?","mereka menjadi memiliki kebiasaan baik dan membawa dampak Positif bagi masyarakat dan diri mereka sendiri, selalu ber inisiatif untuk membantu masyarakat",10,Jawaban Siswa
Pendidikan Agama Islam,Jelaskan apa yang dimaksud dengan Syu’abul Iman,adalah cabang-cabang iman yang berjumlah 77,10,Jawaban Siswa
Pendidikan Agama Islam,Sebutkan lima cabang iman dan jelaskan makna salah satunya,"ma'rifatun biqolbi, qoulun billisan, A'malun biarkan, ma'rifatun biqolbi yang berkaitan dengan hati, Qoulun bil lisan yang berkaitan dengan perkataan/lisan kita, A'malun biarkan Yaitu yang berkaitan dengan amalan Perbuatan yang kita contohkan",10,Jawaban Siswa
Pendidikan Agama Islam,Mengapa memahami Syu’abul Iman dapat membantu seorang muslim memperbaiki kualitas hidupnya?,"karena di Syu'abul iman kita mengetahui, memahami dan melakukan dari masing-masing pengertian cabang-cabang iman yang membuat sadar akan kebaikan, perkataan, dan niat yang kita lakukan",10,Jawaban Siswa
Pendidikan Agama Islam,Apa yang dimaksud dengan Akhlaq Mazmumah? Jelaskan dengan bahasamu sendiri,"Akhlak mazmumah adalah akhlak yang tercela, Perbuatan yang tidak disukai oleh allah yang membuat dosa dan diri kita akan rugi dengan perbuatan tersebut",10,Jawaban Siswa
Pendidikan Agama Islam,Sebutkan tiga contoh akhlaq mazmumah di kalangan remaja sekarang dan berikan contoh perilaku yang menggambarkannya,"iri, sombong, riya. Contoh : aldi habis sedekah kepada masjid sebesar  1 miliar setelah itu aldi pulang bertemu teman-teman nya dia menceritakan dengan berniat riya' karena dia habis menyumbangkan hartanya kepada masjid. (Riya adalah sesuatu yang telah kita lakukan dan kita bicarakan kepada orang lain)",10,Jawaban Siswa
Pendidikan Agama Islam,"Mengapa akhlak mazmumah seperti sombong, iri, atau suka berbohong sangat berbahaya jika dibiarkan?","karena kan membuat dampak negatif, kebiasaan buruk akan perilaku tercela seperti itu dan akan menambah banyak dosa",10,Jawaban Siswa
Pendidikan Agama Islam,"Pilih salah satu: Fastabiqul Khoirot, Syu'abul Iman, atau Akhlaq Mazmumah. Jelaskan bagaimana penerapan materi tersebut dapat memperbaiki suasana dan karakter siswa di sekolah.","akhlak mazmumah adalah akhlak tercela masing-masing siswa pasti memiliki akhlak yang tercela yaitu seperti sombong, iri, dengki, berbohong dll. Semua itu jika tidak dirubah maka akan membawa pengaruh buruk kepada mereka, maka dengan seperti itu kita harus memilki kebiasaan baik dengan merubah sikap kita, cara berbicara  kita dan perilaku kita agar membawa dampak yang positif  dan nyaman bagi kita, lingkungan dan masyarakat",10,Jawaban Siswa
Pendidikan Agama Islam,Jelaskan dengan bahasamu sendiri apa makna Fastabiqul Khoirot dan mengapa perintah ini penting dalam kehidupan seorang muslim.,berlomba lomba dalam kebaikan,5,Jawaban Siswa
Pendidikan Agama Islam,Sebutkan tiga contoh perilaku Fastabiqul Khoirot di lingkungan sekolah,"jika ada temanya yang tdk bisa maka kita berlomba-lomba membantu teman kita, tidak boleh kita berlomba-lomba dalam keburukan, kita harus berlomba lomba dalam mencapai nilai ujian",10,Jawaban Siswa
Pendidikan Agama Islam,"Menurutmu, apa dampak positif bagi masyarakat jika remaja membiasakan diri berlomba dalam kebaikan?",dampaknya adalah jika di masyarakat kita harus berlomba-lomba dalam kebaikan dan dampaknya adalah masyarakat Para remaja itu akan Sadar Sendirinya dan orang tua tdk akan mengingatkan lagi,10,Jawaban Siswa
Pendidikan Agama Islam,Jelaskan apa yang dimaksud dengan Syu’abul Iman,Syu'abul iman adalah membantu orang orang muslim untuk memperbaiki kualitas hidupnya menjadi lebih baik,0,Jawaban Siswa
Pendidikan Agama Islam,Sebutkan lima cabang iman dan jelaskan makna salah satunya,"iman kpd allah (yaitu kita harus mematuhi dan menjalankan perintah allah, iman malaikat (yaitu kita harus mematuhi dan menjalankan perintah allah), ima kitab (kita harus menjaga kitab-kitab yg diberikan kpd kita), iman rosululah, iman hari akhir",10,Jawaban Siswa
Pendidikan Agama Islam,Mengapa memahami Syu’abul Iman dapat membantu seorang muslim memperbaiki kualitas hidupnya?,ksrena syuabul iman mengarahkan kpd orang-orang muslim ke jalan yang benar,10,Jawaban Siswa
Pendidikan Agama Islam,Apa yang dimaksud dengan Akhlaq Mazmumah? Jelaskan dengan bahasamu sendiri,ahlaq mazmumah adalah ahlaq yang tercela ahlaq yang tdk boleh ditiru,5,Jawaban Siswa
Pendidikan Agama Islam,Sebutkan tiga contoh akhlaq mazmumah di kalangan remaja sekarang dan berikan contoh perilaku yang menggambarkannya,"iri kepada orang lain: Contohnya iri sama temen yang banyak temannya, sombong: contonya pamer habis beli barang barang yang baru, dengki : itu tdk boleh ya temen temen, berbohong : berbohong sama orang tua / guru itu tidak patut di tiru",10,Jawaban Siswa
Pendidikan Agama Islam,"Mengapa akhlak mazmumah seperti sombong, iri, atau suka berbohong sangat berbahaya jika dibiarkan?","karena ahlaq mazmumah itu ahlaq yang buruk dan sikap dibiarkan anak anak / orang remaja itu berani sama orang yang lebih tua, tidak patut ditiru",10,Jawaban Siswa
Pendidikan Agama Islam,"Pilih salah satu: Fastabiqul Khoirot, Syu'abul Iman, atau Akhlaq Mazmumah. Jelaskan bagaimana penerapan materi tersebut dapat memperbaiki suasana dan karakter siswa di sekolah.",akhlaq mazmumah : penerapannya adalah kita harus mengingatkan satu sama lain bahwa akhlaq mazmuah itu tidak pantas di contoh karena ahlak mazmumah adalah ahlaq yang tercela ,10,Jawaban Siswa
Pendidikan Agama Islam,Jelaskan dengan bahasamu sendiri apa makna Fastabiqul Khoirot dan mengapa perintah ini penting dalam kehidupan seorang muslim.,Berlomba - lomba dalam kebaikan karena berlomba-lomba dlm kebaikan bisa menata hidup Seseorang lebih baik,10,Jawaban Siswa
Pendidikan Agama Islam,Sebutkan tiga contoh perilaku Fastabiqul Khoirot di lingkungan sekolah,"mengerjakan Tugas, membantu teman jika kesulitan, Tidak mencontek, Jujur.",10,Jawaban Siswa
Pendidikan Agama Islam,"Menurutmu, apa dampak positif bagi masyarakat jika remaja membiasakan diri berlomba dalam kebaikan?","menjadi orang yg lebih baik/mempunyai kebiasaan yg baik, kepribadian bagus",10,Jawaban Siswa
Pendidikan Agama Islam,Jelaskan apa yang dimaksud dengan Syu’abul Iman,syu'abul Iman yaitu cabang cabang iman,5,Jawaban Siswa
Pendidikan Agama Islam,Sebutkan lima cabang iman dan jelaskan makna salah satunya,"ma'rifatun bi qalbi yaitu beriman dg hati, qaulun bi lisan yaitu berbicara yg baik, ma'rifatun bi qalbi yaitu beriman dg hati",10,Jawaban Siswa
Pendidikan Agama Islam,Mengapa memahami Syu’abul Iman dapat membantu seorang muslim memperbaiki kualitas hidupnya?,"Karena Syu'abul iman menerangkan Cara berperilaku yang baik, berbicara yg baik",10,Jawaban Siswa
Pendidikan Agama Islam,Apa yang dimaksud dengan Akhlaq Mazmumah? Jelaskan dengan bahasamu sendiri,akhlak mazmumah yaitu akhlak tercela atau perilaku buruk,10,Jawaban Siswa
Pendidikan Agama Islam,Sebutkan tiga contoh akhlaq mazmumah di kalangan remaja sekarang dan berikan contoh perilaku yang menggambarkannya,"Sombong, iri, pamer",10,Jawaban Siswa
Pendidikan Agama Islam,"Mengapa akhlak mazmumah seperti sombong, iri, atau suka berbohong sangat berbahaya jika dibiarkan?",Karena itu Perilaku buruk yg tidak boleh di lakukan jika di biarkan akan berbahaya karena Perbuatan itu Sesuatu yg di larang agama,10,Jawaban Siswa
Pendidikan Agama Islam,"Pilih salah satu: Fastabiqul Khoirot, Syu'abul Iman, atau Akhlaq Mazmumah. Jelaskan bagaimana penerapan materi tersebut dapat memperbaiki suasana dan karakter siswa di sekolah.",Fastabiqul kharat yaitu berlomba dlm kebaikan karena siswa harus memunyai Prasaan seperti itu,5,Jawaban Siswa
Pendidikan Agama Islam,Jelaskan dengan bahasamu sendiri apa makna Fastabiqul Khoirot dan mengapa perintah ini penting dalam kehidupan seorang muslim.,"berlomba-lomba dalam hal kebaikan, karena untuk saling tolong menolong sesama manusia / peduli",10,Jawaban Siswa
Pendidikan Agama Islam,Sebutkan tiga contoh perilaku Fastabiqul Khoirot di lingkungan sekolah,"membersihkan Lingkungan sekolah, merebutkan perintah guru untuk membaca al - quran, mengerjakan tugas dengan cepat",10,Jawaban Siswa
Pendidikan Agama Islam,"Menurutmu, apa dampak positif bagi masyarakat jika remaja membiasakan diri berlomba dalam kebaikan?","Menjadi lebih tentram dan rukun, karna tidak ada pertengkaran yang menimbulkan kerugian bagi masyarakat",10,Jawaban Siswa
Pendidikan Agama Islam,Jelaskan apa yang dimaksud dengan Syu’abul Iman,syu'abul iman adalah seorang muslim yg membantu memperbaiki kehidupanna dengan baik,0,Jawaban Siswa
Pendidikan Agama Islam,Sebutkan lima cabang iman dan jelaskan makna salah satunya,"tidak suka mencontek, mengerjakan sesuatu dengan cepat, membaca al-quran, membayar zakat, mengerjakan lingkungan dengna bersih",0,Jawaban Siswa
Pendidikan Agama Islam,Mengapa memahami Syu’abul Iman dapat membantu seorang muslim memperbaiki kualitas hidupnya?,karena syu'abul iman menjelaskan cara,0,Jawaban Siswa
Pendidikan Agama Islam,Apa yang dimaksud dengan Akhlaq Mazmumah? Jelaskan dengan bahasamu sendiri,orang yang suka menyombongkan diri / mempunyai barang barang yg lebih,0,Jawaban Siswa
Pendidikan Agama Islam,Sebutkan tiga contoh akhlaq mazmumah di kalangan remaja sekarang dan berikan contoh perilaku yang menggambarkannya,"Sombong karna kepintaranya, sombong dgn uang saku, sombong degan apa yang ia punya",0,Jawaban Siswa
Pendidikan Agama Islam,"Mengapa akhlak mazmumah seperti sombong, iri, atau suka berbohong sangat berbahaya jika dibiarkan?","karena jika dibiarkan lama-lama tambah sombong, dan suka berbohong maka kita harus belajar untuk menghindari itu",10,Jawaban Siswa
Pendidikan Agama Islam,"Pilih salah satu: Fastabiqul Khoirot, Syu'abul Iman, atau Akhlaq Mazmumah. Jelaskan bagaimana penerapan materi tersebut dapat memperbaiki suasana dan karakter siswa di sekolah.","Fastabiqul khoirot : membantu siswa-siswi yg awalnya malas-malasan menjadi tidak malas, dan suka mengerjakan apa apa dengan cepat, tidak menunda nunda, tidak mencotek",10,Jawaban Siswa
Pendidikan Agama Islam,Jelaskan dengan bahasamu sendiri apa makna Fastabiqul Khoirot dan mengapa perintah ini penting dalam kehidupan seorang muslim.,fastabiqul khoirut berlomba-lomba dalam kebaikan karena perintah berlomba-lomba dalam hal kebaikan itu penting dalam kehidupan seorang muslim karena kita harus berlomba lomba ke dalam hal kebaikan seperti berlomba lomba menolong teman yang kesusahan,10,Jawaban Siswa
Pendidikan Agama Islam,Sebutkan tiga contoh perilaku Fastabiqul Khoirot di lingkungan sekolah,"membantu teman yg jatuh, menuntut ilmu & rajin belajar, membantu guru membawakan buku ke kelas",10,Jawaban Siswa
Pendidikan Agama Islam,"Menurutmu, apa dampak positif bagi masyarakat jika remaja membiasakan diri berlomba dalam kebaikan?","dampak posifnya, para Remaja yg membiasakan diri berlomba dalam kebaikan akan menimbulkan rasa membantu, tolong-menolong terhadap masyarakat yg sedang mengalami musibah yg sewaktu-waktu kalau ada bencana banjir aka para remajalah yg Akan membantu masyarakat yg sedang mengalami banjir itu",10,Jawaban Siswa
Pendidikan Agama Islam,Jelaskan apa yang dimaksud dengan Syu’abul Iman,sya'abul iman yaitu zaman zaman iman,5,Jawaban Siswa
Pendidikan Agama Islam,Sebutkan lima cabang iman dan jelaskan makna salah satunya,"iman kepada Allah Swt, iman kepada malaikat, iman kepada kitab kitab Allah, iman kepada Rosul dan nabi, iman kepada hari Akhir",10,Jawaban Siswa
Pendidikan Agama Islam,Mengapa memahami Syu’abul Iman dapat membantu seorang muslim memperbaiki kualitas hidupnya?,"memahami Syu'bul Iman Akan dapat membantu seorang muslim memperbaiki kualitas hidupnya, yg dulunya ia tidak pernah sholat & tidak pernah membaca Al-quran, sekarang ia rajin sholat & membaca Al-quran",10,Jawaban Siswa
Pendidikan Agama Islam,Apa yang dimaksud dengan Akhlaq Mazmumah? Jelaskan dengan bahasamu sendiri,"Akhlak mazmumah adalah perilaku tercela seperti Gaya foya foya, riya', sum'ah, hasad",10,Jawaban Siswa
Pendidikan Agama Islam,Sebutkan tiga contoh akhlaq mazmumah di kalangan remaja sekarang dan berikan contoh perilaku yang menggambarkannya,"tiga contoh Akhlak mazmumah, iri (yg dimana ada org si A mempunyai gelang emas baru dan si B ini tahu kalau si A mempunyai gelang emas baru dan si B ini iri degan si A yg mempunyai gelang emas baru), sombong (misal syaa punya teman yg bernama dila, nah dila ini habis beli Hp baru, si Dilla ini pas disekolahan memamerkan Hp barunya di dpn teman temannya), berbohong (misal dikelas teman saya kehilangan pulpenya, teman saya ini tanya tanya ke teman satu kelasnya: Apa ada yg tau pulpenku, dan Ada si B bilang saya tidak tau pulpenya dimana aka itulah disebut berbohong)",10,Jawaban Siswa
Pendidikan Agama Islam,"Mengapa akhlak mazmumah seperti sombong, iri, atau suka berbohong sangat berbahaya jika dibiarkan?","karena kalau sifat iri, sombong & suka berbohong dibiarkan akan trus menjadi jadi tidak akn bertobat, berdampak negatif",10,Jawaban Siswa
Pendidikan Agama Islam,"Pilih salah satu: Fastabiqul Khoirot, Syu'abul Iman, atau Akhlaq Mazmumah. Jelaskan bagaimana penerapan materi tersebut dapat memperbaiki suasana dan karakter siswa di sekolah.","Fastabiqul khoirot (berlomba lomba dalam hal kebaikan), karakter di sekolah (seperti giat belajar / belajar dengan bersungguh sungguh, membantu teman yg kesulitan sama tugasnya)",10,Jawaban Siswa
Pendidikan Agama Islam,Jelaskan dengan bahasamu sendiri apa makna Fastabiqul Khoirot dan mengapa perintah ini penting dalam kehidupan seorang muslim.,"Berlomba-lomba dalam Kebaikan, menurut saya Kita harus berlomba-lomba Kebaikan hingga Kebaikan itu menjadi Kunci masuknya Jalan Surga",10,Jawaban Siswa
Pendidikan Agama Islam,Sebutkan tiga contoh perilaku Fastabiqul Khoirot di lingkungan sekolah,"Jika teman Kita lupa membawa Pensil Kita Pinjami, Ketika Pd saat sekolah Sudah masuk Jam nya Sholat kita ajak Teman kita sholat tanpa menguur waktu, membantu Guru Jika Kesusahan membawa Suatu barang",10,Jawaban Siswa
Pendidikan Agama Islam,"Menurutmu, apa dampak positif bagi masyarakat jika remaja membiasakan diri berlomba dalam kebaikan?","menciptakan kebiasaan yg baik, menJadikan Suatu Seorang mempunyau waktu yg Teratur, dan memiliki tali silaturahmi yg sangat kuat",10,Jawaban Siswa
Pendidikan Agama Islam,Jelaskan apa yang dimaksud dengan Syu’abul Iman,yaitu Segala yg di contai dan di Ridhoi oleh Allah Swt,0,Jawaban Siswa
Pendidikan Agama Islam,Sebutkan lima cabang iman dan jelaskan makna salah satunya,"Iman kpd allah swt, iman Kpd malaikat allah swt, iman kpd nabi dan Rosul allah swt, iman kpd Takdir allah swt, iman kpd hari ahir",10,Jawaban Siswa
Pendidikan Agama Islam,Mengapa memahami Syu’abul Iman dapat membantu seorang muslim memperbaiki kualitas hidupnya?,di karnakan dari Syuabul iman dengan artinya  sahaja Pasti sudah tentu Karna Segala segala ygdi cintai dan di Ridhoi oleh Allah memiliki makna yg merujuk Pd kebaikan Semua,10,Jawaban Siswa
Pendidikan Agama Islam,Apa yang dimaksud dengan Akhlaq Mazmumah? Jelaskan dengan bahasamu sendiri,Ahlak mazmumah adalah suatu ahlak yg  menyebabkan Seorang diri Jauh kpd allah swt,10,Jawaban Siswa
Pendidikan Agama Islam,Sebutkan tiga contoh akhlaq mazmumah di kalangan remaja sekarang dan berikan contoh perilaku yang menggambarkannya,"Riya ( niko mendapatkan Piala hasil lombanya Sendiri, Ia memperlihatkan kpd Rizky untuk menginginginkan Pujian), Takabur ( Doni diberi uang saku 50 Rb dan andi di beri uang saku 10 Rb lalu doni memamerkan yang tsb ke andi), Hasad ( Zeo Pernah memberikan uang Kpd Lezy namun Pd saat lezy baru mempunyai yang Zeo mengungkit ngungkit  uang yg Telah diberinya dahulu menjadikan zeo dengki)",10,Jawaban Siswa
Pendidikan Agama Islam,"Mengapa akhlak mazmumah seperti sombong, iri, atau suka berbohong sangat berbahaya jika dibiarkan?",Dikarnakan dampaknya di dunia hingga Ahirat Sungguh Besar,10,Jawaban Siswa
Pendidikan Agama Islam,"Pilih salah satu: Fastabiqul Khoirot, Syu'abul Iman, atau Akhlaq Mazmumah. Jelaskan bagaimana penerapan materi tersebut dapat memperbaiki suasana dan karakter siswa di sekolah.",Dengan menggunakan Ahlak Mazmunah dengan cara ini Seorang yg Pernah melakukan Suatu hal Tersebut akan sadar dan otomatis akan memperbaiki Perilakunya,10,Jawaban Siswa
Pendidikan Agama Islam,Jelaskan dengan bahasamu sendiri apa makna Fastabiqul Khoirot dan mengapa perintah ini penting dalam kehidupan seorang muslim.,"Allah memerintahkan manusia untuk berlomba lomba dalam hal kebaikan, dan beramal saleh",10,Jawaban Siswa
Pendidikan Agama Islam,Sebutkan tiga contoh perilaku Fastabiqul Khoirot di lingkungan sekolah,"tdk terlambat datang kesekolah, membantu teman yg sedang kesusahan, mengajak teman untuk berbuat kebaikan",10,Jawaban Siswa
Pendidikan Agama Islam,"Menurutmu, apa dampak positif bagi masyarakat jika remaja membiasakan diri berlomba dalam kebaikan?","terciptanya kebersamaan, lingkungan yg lebih baik, dan memperoleh pahala",10,Jawaban Siswa
Pendidikan Agama Islam,Jelaskan apa yang dimaksud dengan Syu’abul Iman,"cabang cabang / bagian bagian iman yg mencakup ucapan, perbuatan, dan keyakinan seorang muslim dalam menjalankan ajaran islam",10,Jawaban Siswa
Pendidikan Agama Islam,Sebutkan lima cabang iman dan jelaskan makna salah satunya,"mengucapkan dua kalimat syahadat, mendirikan sholat, membayar zakat, menjaga amanah, bersikap jujur. Jujur berarti berkata dan bebruat sesuai dgn kenyataan tanpa menipu, sehingga menumbuhkan kepercayaan orang lain",10,Jawaban Siswa
Pendidikan Agama Islam,Mengapa memahami Syu’abul Iman dapat membantu seorang muslim memperbaiki kualitas hidupnya?,"karena kita menjadi mengetahui kebaikan kebikan yg harus dilakukan, meningkatkan kualitas ibadah dan akhlaq, serta menjadi kebih taat dan berbuat kebaikan dalam kehidupan sehari-hari",10,Jawaban Siswa
Pendidikan Agama Islam,Apa yang dimaksud dengan Akhlaq Mazmumah? Jelaskan dengan bahasamu sendiri,"akhlak mazmumah adalah Penyakit hati yang sering diidentifikasi dengan perilaku buruk/ tercela seperti foya foya, riya, sum'ah, hasad",10,Jawaban Siswa
Pendidikan Agama Islam,Sebutkan tiga contoh akhlaq mazmumah di kalangan remaja sekarang dan berikan contoh perilaku yang menggambarkannya,"riya ( ada seseorang yang habis membeli perhiasan lalu dia mampir kerumah tetangganya dgn memakai perhiasan yg banyak tsb dan dia dgn sengaja memamerkannya kpd tetangga tsb), foya foya (contohnya seperti kita mempunyai uang yang bisa dibilang  banyak  tetapi kita gunaka uang tsb untuk Belanja belanja barang yg tidak terlalu penting, dan kita melakukannya secara berulang kali), sum'ah (semisal kita beribadah tetapi kita ingin orang lain tau jika kita selesai beribadah "" eh dina aku tadi habis sholat shuha loh"" perilaku seperti itu tdk baik seharusnya hanya kita dan tuhan saja yg mengetahui hal tsb",10,Jawaban Siswa
Pendidikan Agama Islam,"Mengapa akhlak mazmumah seperti sombong, iri, atau suka berbohong sangat berbahaya jika dibiarkan?","karena dapat mengakibatkan permusuhan, merusak hub dgn orang lain, membuat seseorang dijauhi, serta merugikan diri sendiri dan lingkungan",10,Jawaban Siswa
Pendidikan Agama Islam,"Pilih salah satu: Fastabiqul Khoirot, Syu'abul Iman, atau Akhlaq Mazmumah. Jelaskan bagaimana penerapan materi tersebut dapat memperbaiki suasana dan karakter siswa di sekolah.","fastabiqul khoirot merupakan ajaran moral dan keagamaan yg ada di sekolah dapat membantu membentuk karakter siswa menjadi lebih baik seperti disiplin, jujur, bertanggung jawab dan saling menghormati, siswa belajar membedakan mana yg benar dan salah",10,Jawaban Siswa
Pendidikan Agama Islam,Jelaskan dengan bahasamu sendiri apa makna Fastabiqul Khoirot dan mengapa perintah ini penting dalam kehidupan seorang muslim.,"fastabiqul khairat merupakan berlomba-lomba dalam kebikan. Bukan hanya melakukan kebaikan tapi melakukannya dengan banyak, lebih tekun, dan lebih cepat dari yang lain",10,Jawaban Siswa
Pendidikan Agama Islam,Sebutkan tiga contoh perilaku Fastabiqul Khoirot di lingkungan sekolah,"membuang sampah pada tempat sampah, membantu teman yang sedang kesulitan mengerjakan Sesuatu, membantu guru yang sedang kesulitan membawa barang",10,Jawaban Siswa
Pendidikan Agama Islam,"Menurutmu, apa dampak positif bagi masyarakat jika remaja membiasakan diri berlomba dalam kebaikan?","mendaoatkan kehidupan yang lebih baik, pahala yang berlipat gandam terhindar dari hal-hal negatif atau godaan setan. Aktifitas yg positif, Serta meraih kebahagiaan dunia dan akhirat",10,Jawaban Siswa
Pendidikan Agama Islam,Jelaskan apa yang dimaksud dengan Syu’abul Iman,"Syu'abul Iman adlaah Segala sesuatu / hal yang diCintai dan diridhoi oleh allah swt, dengan mengamalkan kebaikan dapat meningkatkan kualitas iman Seorang mukmin",10,Jawaban Siswa
Pendidikan Agama Islam,Sebutkan lima cabang iman dan jelaskan makna salah satunya,"makrifatul Qolbi (hati) (beriman kepada allah swt, beriman kepada malaikat, beriman kepada kitab-kitab, beriman Rasul-rasul, beriman kepada hari akhir), Qoulun bi lisan (lisan), amalu bil Irkan (anggota badan).",10,Jawaban Siswa
Pendidikan Agama Islam,Mengapa memahami Syu’abul Iman dapat membantu seorang muslim memperbaiki kualitas hidupnya?,"akan memperkuat keimannya, menumbuhkan akhlak mulia  dan menghindari kesyirikan",10,Jawaban Siswa
Pendidikan Agama Islam,Apa yang dimaksud dengan Akhlaq Mazmumah? Jelaskan dengan bahasamu sendiri,"akhlak mazmumah merupakan penyakit hati sendiri, Perilaku buruk atau tercela  Serta dapat  membahayakan iman",10,Jawaban Siswa
Pendidikan Agama Islam,Sebutkan tiga contoh akhlaq mazmumah di kalangan remaja sekarang dan berikan contoh perilaku yang menggambarkannya,"riya', takabur, dan hasad, foya foya. Contoh : sifat batin (sombong), ujib (kagum pada diri sendiri), iri dengki, marah perbuatan lisan (ghibah, adu domba, berbohong, dendam). Riya' (ingin medapatkan pujian dari orang lain. Si A pamer dan ingin dipuji oleh si B), takabur ( memiliki sifat sombong, s Doni mempunyai mobil baru dia pamer/sombong dan memamerkannya ke si timo), foya foya (andi mendapatkan uang lebih dan dia ngerasa tisak butuh apa apa lalu dia bersenang senang dgn berfoya foya /  menghambur haburkan uang), hasad ( dengki (melihat orang yang lagi Senang dia merasa  iri  dengki hati, ""kenapa aku tidak bahagia"")",10,Jawaban Siswa
Pendidikan Agama Islam,"Mengapa akhlak mazmumah seperti sombong, iri, atau suka berbohong sangat berbahaya jika dibiarkan?","dapat merusak diri sendiri, akan menciptakan permusuhan, mendapatkan siksa kubur, dan terhalangnya pintu surga",10,Jawaban Siswa
Pendidikan Agama Islam,"Pilih salah satu: Fastabiqul Khoirot, Syu'abul Iman, atau Akhlaq Mazmumah. Jelaskan bagaimana penerapan materi tersebut dapat memperbaiki suasana dan karakter siswa di sekolah.","adanya pembiasaan kedisiplinan bertanggung jawab dalam hal apapun, berahlak yang mulia, jujur dimanapun kapanpun, memiliki sikap mandiri, berdiskusi mata pelajaran / nilai siswa",10,Jawaban Siswa
Pendidikan Agama Islam,Jelaskan dengan bahasamu sendiri apa makna Fastabiqul Khoirot dan mengapa perintah ini penting dalam kehidupan seorang muslim.,"makna nya adalah berlomba-lomba dalam kebaikan, karena Fastabiqul Khoirot merupakan Perintah melakukan kebaikan dan merupakan suatu hal yg positif",10,Jawaban Siswa
Pendidikan Agama Islam,Sebutkan tiga contoh perilaku Fastabiqul Khoirot di lingkungan sekolah,"membantu teman yg kesusahan, menolong teman yg terkena musibah (jatuh kecelakaan dll) dan membantu teman yg kesusahan dalam belajar",10,Jawaban Siswa
Pendidikan Agama Islam,"Menurutmu, apa dampak positif bagi masyarakat jika remaja membiasakan diri berlomba dalam kebaikan?","terjalin nya tali Persaudaraan, tali silaturah,I, terjadi keharmonisan di masyarakat dll",10,Jawaban Siswa
Pendidikan Agama Islam,Jelaskan apa yang dimaksud dengan Syu’abul Iman,"syu'abul iman adalah sy'abul yg berarti cabang-cabang, iman yg berarti keyakinan / kepercayaan",10,Jawaban Siswa
Pendidikan Agama Islam,Sebutkan lima cabang iman dan jelaskan makna salah satunya,"ma'rifatun Bi kalbi, Kaulun bi lisan, Amalin Bi Arkan. Makna dari Amalun bi Arkan Adalah Beriman dg perbuatan yg baik",0,Jawaban Siswa
Pendidikan Agama Islam,Mengapa memahami Syu’abul Iman dapat membantu seorang muslim memperbaiki kualitas hidupnya?,"Karena di dlm Syu'abul iman terdapat Petunjuk hidup yg baik, perilaku yg baik",10,Jawaban Siswa
Pendidikan Agama Islam,Apa yang dimaksud dengan Akhlaq Mazmumah? Jelaskan dengan bahasamu sendiri,Adalah Akhlak yg tercela / Buruk,10,Jawaban Siswa
Pendidikan Agama Islam,Sebutkan tiga contoh akhlaq mazmumah di kalangan remaja sekarang dan berikan contoh perilaku yang menggambarkannya,"hasad  contohnya iri kpd teman yg kaya, riya' contohnya Berfoya foya membeli barang yg tidak perlu, Takabur contohnya sombong merasa paling pintar",10,Jawaban Siswa
Pendidikan Agama Islam,"Mengapa akhlak mazmumah seperti sombong, iri, atau suka berbohong sangat berbahaya jika dibiarkan?","karena dpt merugikan org lain, dpt menciptakan terjadinya pitnah",10,Jawaban Siswa
Pendidikan Agama Islam,"Pilih salah satu: Fastabiqul Khoirot, Syu'abul Iman, atau Akhlaq Mazmumah. Jelaskan bagaimana penerapan materi tersebut dapat memperbaiki suasana dan karakter siswa di sekolah.",Syu'abul iman karena dpt membantu memperbaiki Ahklak perilaku siswa,10,Jawaban Siswa
Pendidikan Agama Islam,Jelaskan dengan bahasamu sendiri apa makna Fastabiqul Khoirot dan mengapa perintah ini penting dalam kehidupan seorang muslim.,Fastabiqul Khairat yaitu berlomba-lomba dakam kebaikan,5,Jawaban Siswa
Pendidikan Agama Islam,Sebutkan tiga contoh perilaku Fastabiqul Khoirot di lingkungan sekolah,"membantu teman yg kesusahan, membantu guru menghapus papan tulis, membuang sampah di tempatnya",10,Jawaban Siswa
Pendidikan Agama Islam,"Menurutmu, apa dampak positif bagi masyarakat jika remaja membiasakan diri berlomba dalam kebaikan?","Maka masyarakat akan damai, tentram dan juga rukun",10,Jawaban Siswa
Pendidikan Agama Islam,Jelaskan apa yang dimaksud dengan Syu’abul Iman,Syu'abul artinya cabang atau bagian sedangkan iman artinya keyakinan / bisa diartikan dg meyakini di dalam ,10,Jawaban Siswa
Pendidikan Agama Islam,Sebutkan lima cabang iman dan jelaskan makna salah satunya,"Ma'rifatun bi Qalbi, Amalum bi Arkam, Qaulun bi Lisan",0,Jawaban Siswa
Pendidikan Agama Islam,Mengapa memahami Syu’abul Iman dapat membantu seorang muslim memperbaiki kualitas hidupnya?,"Karena Syu'bul Iman ini mengisyaratkan tentang hati, lisan dan juga keyakinan",10,Jawaban Siswa
Pendidikan Agama Islam,Apa yang dimaksud dengan Akhlaq Mazmumah? Jelaskan dengan bahasamu sendiri,Akhlak Mazmumah yaitu sifat/akhlak tercela,10,Jawaban Siswa
Pendidikan Agama Islam,Sebutkan tiga contoh akhlaq mazmumah di kalangan remaja sekarang dan berikan contoh perilaku yang menggambarkannya,"Foya-foya, Riya', Takabbur",10,Jawaban Siswa
Pendidikan Agama Islam,"Mengapa akhlak mazmumah seperti sombong, iri, atau suka berbohong sangat berbahaya jika dibiarkan?",Karena dapat membuat orang tsb selalu mempunyai niat buruk kpd orang yang ia dengki,10,Jawaban Siswa
Pendidikan Agama Islam,"Pilih salah satu: Fastabiqul Khoirot, Syu'abul Iman, atau Akhlaq Mazmumah. Jelaskan bagaimana penerapan materi tersebut dapat memperbaiki suasana dan karakter siswa di sekolah.","Fastabiqul Khairat, penerpan materi nya yaitu mengajarkan anak-anak agar selalu berlomba-lomba dalam melakukan hal baik",5,Jawaban Siswa
Pendidikan Agama Islam,Jelaskan dengan bahasamu sendiri apa makna Fastabiqul Khoirot dan mengapa perintah ini penting dalam kehidupan seorang muslim.,"Fastabiqul khoirot artinya berlomba-lomba dlm kebaikan. Istilah ini mengajarkan agar manusia cepat, Semangat, dan Saling mendahului dlm melakukan kebaikan",10,Jawaban Siswa
Pendidikan Agama Islam,Sebutkan tiga contoh perilaku Fastabiqul Khoirot di lingkungan sekolah,"membersihkan kelas sebelum pelajaran di mulai, menghormati dan menghargai guru, Tdk membuang Sampah Sembarangan",10,Jawaban Siswa
Pendidikan Agama Islam,"Menurutmu, apa dampak positif bagi masyarakat jika remaja membiasakan diri berlomba dalam kebaikan?","membentuk karakter Positif (ketika seseorang terbiasa mendahului dlm melakukan kebaikan. Ia akan menjadi Pribadi yang lebih jujur, peduli, dan tanggung jawab)",10,Jawaban Siswa
Pendidikan Agama Islam,Jelaskan apa yang dimaksud dengan Syu’abul Iman,"Syu'abul iman yg artinya Cabang cabang iman, yaitu bagian bagian iman dan bentuk bentuk perbuatan dan sikap yg baik menunjukkan keimanan seseorang",10,Jawaban Siswa
Pendidikan Agama Islam,Sebutkan lima cabang iman dan jelaskan makna salah satunya,"menghargai orang lain, mengucapkan 2 kalimat syahadat, sholat, bersikap jujur, dan menepati janji. Bersikap jujur, kejujuran adalah cabang iman yg paling penting krn menunjukkan kesucian hati & ketulusan seseorang",10,Jawaban Siswa
Pendidikan Agama Islam,Mengapa memahami Syu’abul Iman dapat membantu seorang muslim memperbaiki kualitas hidupnya?,"Dengan mnegetahui berbagai cabang iman, kita jadi sadar mana sifat dan perilaku yg perlu di perbaiki, sprt kejujuran, disipllin, sabar dan peduli",10,Jawaban Siswa
Pendidikan Agama Islam,Apa yang dimaksud dengan Akhlaq Mazmumah? Jelaskan dengan bahasamu sendiri,"Akhlak / perilaku yg buruk yg tidak disukai diajari dlm sifat-sifat buruk yg harus di hindari Seseorang menjadi pribadi yg baik, berkahlak mulia, dan disukai Allah dan manusia",10,Jawaban Siswa
Pendidikan Agama Islam,Sebutkan tiga contoh akhlaq mazmumah di kalangan remaja sekarang dan berikan contoh perilaku yang menggambarkannya,"Sombong, iri hati / dengki, bohong",10,Jawaban Siswa
Pendidikan Agama Islam,"Mengapa akhlak mazmumah seperti sombong, iri, atau suka berbohong sangat berbahaya jika dibiarkan?","Akan membentuk kepribadian yg tidak baik, jika terus dilakukan perilaku tercela membuat seseorang sulit berubah dan tidak di sukai di lingkungan rumah, sekolah, maupun masyarakat",10,Jawaban Siswa
Pendidikan Agama Islam,"Pilih salah satu: Fastabiqul Khoirot, Syu'abul Iman, atau Akhlaq Mazmumah. Jelaskan bagaimana penerapan materi tersebut dapat memperbaiki suasana dan karakter siswa di sekolah.","Akhlaq Mazmumah, menanamkan nilai kejujuran dlm keseharian, membangunkan disiplin melalui aturan yg konsisten, menghargai usaha bukan hanya hasil, mendorong kerjasama & gotong royong",0,Jawaban Siswa
Pendidikan Agama Islam,Jelaskan dengan bahasamu sendiri apa makna Fastabiqul Khoirot dan mengapa perintah ini penting dalam kehidupan seorang muslim.,"Fastabiqul khoirot yang artinya ""berlomba-lomba dalam kebaikan"" bagi orang muslim ini penting karena jika Sering melakukan kebaikan dan juga bermanfaat bagi orang lain maka kita akan di beri kan pahala yang cukup besar",10,Jawaban Siswa
Pendidikan Agama Islam,Sebutkan tiga contoh perilaku Fastabiqul Khoirot di lingkungan sekolah,"Contoh perilaku Fastabiqul Khorot pd lingkungan sekolah seperti, Menolong teman yang telah jatuh, Meminjami teman pensil atau penghapus jika tidak punya, mendengarkan dan memahami ketika guru menerangkan",10,Jawaban Siswa
Pendidikan Agama Islam,"Menurutmu, apa dampak positif bagi masyarakat jika remaja membiasakan diri berlomba dalam kebaikan?",Mungkin hidupnya atau lingkungan akan terasa harmonis dan juge menyenangkan,10,Jawaban Siswa
Pendidikan Agama Islam,Jelaskan apa yang dimaksud dengan Syu’abul Iman,"Syu'abul iman yaitu ""menyempurnakan iman""",0,Jawaban Siswa
Pendidikan Agama Islam,Sebutkan lima cabang iman dan jelaskan makna salah satunya,"Iman kpd allah, jujur, amanah, suka menolong. Makna dari jujur itu orang yang slalu berkata sesuai kenyataan dan tidak pernah berbohong atas perkataan maupun perilakunya. Amanah berarti orang yang slalu menyampaikan perintah sesuai dengan apa yang telah di perintahkan",10,Jawaban Siswa
Pendidikan Agama Islam,Mengapa memahami Syu’abul Iman dapat membantu seorang muslim memperbaiki kualitas hidupnya?,"karena dengan sikap syu'abul iman orang dapat memperbaiki dirinya dengan sering melakukan sikap-sikap tersebut, jika telah menerapkan mungkin orang tersebut akan lebih baik dari hari sebelumnya yang dulunya pembohong sekarang menjadi orang yang jujur",10,Jawaban Siswa
Pendidikan Agama Islam,Apa yang dimaksud dengan Akhlaq Mazmumah? Jelaskan dengan bahasamu sendiri,"Akhlaq mahmuzah yaitu seperti perbuatan tercela contohnya seperti orang yang iri hati, sombong",10,Jawaban Siswa
Pendidikan Agama Islam,Sebutkan tiga contoh akhlaq mazmumah di kalangan remaja sekarang dan berikan contoh perilaku yang menggambarkannya,"Iri hati, sombong, suka berbohong. Orang yang iri hati yaitu orang yang tidak ingin temannya itu berada di atas dia. Contohnya si A pintar namun si B lebih pintar nah karena si A orangnya sellau iri dia menjelek jelekan si B kepada teman-temannya agar si B tidak memiliki teman. Orang yang suka berbohong , orang slalu berkata yang tidak sesuai kenyataan",10,Jawaban Siswa
Pendidikan Agama Islam,"Mengapa akhlak mazmumah seperti sombong, iri, atau suka berbohong sangat berbahaya jika dibiarkan?","Karna jika dibiarkan sejak kecil maka akan terus menerus hingga dewasa dan jika memiliki sikap seperti iri, suka berbohong maka tidak akan ada orang yang ingin berteman dengannya dan hidupnya pun tidak tenang",10,Jawaban Siswa
Pendidikan Agama Islam,"Pilih salah satu: Fastabiqul Khoirot, Syu'abul Iman, atau Akhlaq Mazmumah. Jelaskan bagaimana penerapan materi tersebut dapat memperbaiki suasana dan karakter siswa di sekolah.","Fastabiqul kharot yang artinya ""berlomba-lomba dalam kebaikan"" Jika seorang siswa dapat menerapkan suka menolong slalu melakukan hal kebaikan maka dia akan memiliki lingkungan yang harmonis dan tenang",10,Jawaban Siswa
Pendidikan Agama Islam,Jelaskan dengan bahasamu sendiri apa makna Fastabiqul Khoirot dan mengapa perintah ini penting dalam kehidupan seorang muslim.,"Fastabiqul khoirot adalah berlomba-lomba dalam kebaikan, penting dlm kehidupan seorang muslim karena merupakan prilaku yg baik dan harus diterapkan dlm kehidupan ",10,Jawaban Siswa
Pendidikan Agama Islam,Sebutkan tiga contoh perilaku Fastabiqul Khoirot di lingkungan sekolah,"belajar dengan sungguh sungguh, tidak mencontek, tidak datang telat dan mengikuti upacara",10,Jawaban Siswa
Pendidikan Agama Islam,"Menurutmu, apa dampak positif bagi masyarakat jika remaja membiasakan diri berlomba dalam kebaikan?",menimbulkan dampak positif yaitu kita tidak malas dan menjadi semangat karena kita berlomba dlm kebaikan dan kitapun mendapatkan Pahala,10,Jawaban Siswa
Pendidikan Agama Islam,Jelaskan apa yang dimaksud dengan Syu’abul Iman,syu'abul iman merupakan cabang-cabang iman,5,Jawaban Siswa
Pendidikan Agama Islam,Sebutkan lima cabang iman dan jelaskan makna salah satunya,"iman kepada Allah, iman kepada rasul dan malaikat Allah, iman kepada kitab Allah, iman kepada Qada, dan Qadar",10,Jawaban Siswa
Pendidikan Agama Islam,Mengapa memahami Syu’abul Iman dapat membantu seorang muslim memperbaiki kualitas hidupnya?,Karena manusia menjadi tahu tentang cabang-cabang iman dan menerapkan nya dalam kehidupan,10,Jawaban Siswa
Pendidikan Agama Islam,Apa yang dimaksud dengan Akhlaq Mazmumah? Jelaskan dengan bahasamu sendiri,"Akhlak Mazmumah adalah akhlak tercela, akhlak yg jelek dan harus di hindari setiap orang muslim",10,Jawaban Siswa
Pendidikan Agama Islam,Sebutkan tiga contoh akhlaq mazmumah di kalangan remaja sekarang dan berikan contoh perilaku yang menggambarkannya,"Foya-foya (boros atau menghambur-hamburkan segala sesuatu seperti uang ), contohnya Riya (memperlihatkan kebaikan kita seperti sholat), Hasad iri jika teman kita mendapatkan yg lebih bagus dari kita",10,Jawaban Siswa
Pendidikan Agama Islam,"Mengapa akhlak mazmumah seperti sombong, iri, atau suka berbohong sangat berbahaya jika dibiarkan?",Karena jika di biarkan akan semakin menjadi jadi dan semakin sering melakukan sesuatu yg jelek dan di larang agama,10,Jawaban Siswa
Pendidikan Agama Islam,"Pilih salah satu: Fastabiqul Khoirot, Syu'abul Iman, atau Akhlaq Mazmumah. Jelaskan bagaimana penerapan materi tersebut dapat memperbaiki suasana dan karakter siswa di sekolah.","Fastabiqul khoirot yaitu berlomba lomba dalam kebaikan siswa berlomba-lomba dalam mendapatkan peringkat di kelasnya merupakan perilaku dala kebaikan, mampu memperbaiki suasana dan karakter siswa di sekolah",10,Jawaban Siswa
Pendidikan Agama Islam,Jelaskan dengan bahasamu sendiri apa makna Fastabiqul Khoirot dan mengapa perintah ini penting dalam kehidupan seorang muslim.,berlomba lomba dalam kebaikan,5,Jawaban Siswa
Pendidikan Agama Islam,Sebutkan tiga contoh perilaku Fastabiqul Khoirot di lingkungan sekolah,"Menolong Teman Saat Kesulitan, menyapa guru akhlak dijaga",10,Jawaban Siswa
Pendidikan Agama Islam,"Menurutmu, apa dampak positif bagi masyarakat jika remaja membiasakan diri berlomba dalam kebaikan?",mendapatkan pahala,0,Jawaban Siswa
Pendidikan Agama Islam,Jelaskan apa yang dimaksud dengan Syu’abul Iman,adalah memperbaiki hidup kita menjadi lebih baik,0,Jawaban Siswa
Pendidikan Agama Islam,Sebutkan lima cabang iman dan jelaskan makna salah satunya,"iman kpd allah, iman kpd malaikat, iman kpd rasulullah, iman kpd kitab-kitab, ima kpd qada dan qadar",10,Jawaban Siswa
Pendidikan Agama Islam,Mengapa memahami Syu’abul Iman dapat membantu seorang muslim memperbaiki kualitas hidupnya?,karena memperbaiki sikap kita dan ahlak kita menjadi lbih baik,10,Jawaban Siswa
Pendidikan Agama Islam,Apa yang dimaksud dengan Akhlaq Mazmumah? Jelaskan dengan bahasamu sendiri,karena seorang muslim harus berahlak dan mempunyai akal,0,Jawaban Siswa
Pendidikan Agama Islam,Sebutkan tiga contoh akhlaq mazmumah di kalangan remaja sekarang dan berikan contoh perilaku yang menggambarkannya,"(sombong) terhadap sesama (iri) melihat temannya mendapatkan teman baru (suka berbohong) terhadap teman, orang tua",10,Jawaban Siswa
Pendidikan Agama Islam,"Mengapa akhlak mazmumah seperti sombong, iri, atau suka berbohong sangat berbahaya jika dibiarkan?",karena kalo dibiarkan bisa menyebar ke keturunan kita atau ke temen,10,Jawaban Siswa
Pendidikan Agama Islam,"Pilih salah satu: Fastabiqul Khoirot, Syu'abul Iman, atau Akhlaq Mazmumah. Jelaskan bagaimana penerapan materi tersebut dapat memperbaiki suasana dan karakter siswa di sekolah.","Syu'abul iman, memperbaiki kulaitas hidupnya yang dulunya suka bolos dan sekarang rajin mengikuti kegiatan, pelajaran, dan perbuatan baik lainnya",10,Jawaban Siswa
Pendidikan Agama Islam,Jelaskan dengan bahasamu sendiri apa makna Fastabiqul Khoirot dan mengapa perintah ini penting dalam kehidupan seorang muslim.,"berlomba-lomba dalam kebaikan, karena kita sebagai org muslim hrs senantiasa berbuat baik, dan allah sgt suka dengan orang -orang yg berbuat baik",10,Jawaban Siswa
Pendidikan Agama Islam,Sebutkan tiga contoh perilaku Fastabiqul Khoirot di lingkungan sekolah,"menolong teman saat kesusahan, membuang sampah pada tempatnya, dan tidak mencontek saat ujian",10,Jawaban Siswa
Pendidikan Agama Islam,"Menurutmu, apa dampak positif bagi masyarakat jika remaja membiasakan diri berlomba dalam kebaikan?","akan menciptakan lingkungan yang baik, masyarakat akan merasa nyaman jika para remaja berlomba lomba dalam kebaikan karena sekarang kebanyakan para remaja mengonsumsi barang barang yg tidak halal, oleh karen aitu kalau para remaja membiasakan diri menjauhinya dan berlomba lomba dlm kebaikan maka masyarakat semuanya akan tenang dan lingkungannya pun menjadi indah",10,Jawaban Siswa
Pendidikan Agama Islam,Jelaskan apa yang dimaksud dengan Syu’abul Iman,cabang cabang iman,5,Jawaban Siswa
Pendidikan Agama Islam,Sebutkan lima cabang iman dan jelaskan makna salah satunya,"qoulu bil lisani (diucapkan dengan lisan, diniati dalam hati, dilakukan dengan anggota badan)",5,Jawaban Siswa
Pendidikan Agama Islam,Mengapa memahami Syu’abul Iman dapat membantu seorang muslim memperbaiki kualitas hidupnya?,"karena dengan memahami syuabul iman kita akan bisa menjdai pribadi yang lebih baik, rezeqi kita diluaskan, yang awalnya hidup kita tidak berkualitas menjadi berkualitas karena kita mengimaninya",10,Jawaban Siswa
Pendidikan Agama Islam,Apa yang dimaksud dengan Akhlaq Mazmumah? Jelaskan dengan bahasamu sendiri,"akhlak mazmumah adalah akhlak tercela, sejelek jeleknya akhlak yaitu akhlak mazmumah",10,Jawaban Siswa
Pendidikan Agama Islam,Sebutkan tiga contoh akhlaq mazmumah di kalangan remaja sekarang dan berikan contoh perilaku yang menggambarkannya,"pamer, contohnya ( ada seseorang yg mempunyai emas yg sangat banyak, dia ingin semua orang tau bahwa dia memiliki banyak emas, lalu dia memposting di medsos bahwa dia orang yang mempunyai emas yang sangat banyak), iri contohnya ( seseorang yg mendapatkan baju baru, padahal itu baru tapi tetap saja kalau ada temannya memilki yg lebih bagus lagi dia ingin mempunyai), bohong contohnya ( berbohong kepada teman, guru, orang tua)",10,Jawaban Siswa
Pendidikan Agama Islam,"Mengapa akhlak mazmumah seperti sombong, iri, atau suka berbohong sangat berbahaya jika dibiarkan?","karena semua akhlak itu bisa membawa kita ke jalan yg tidak benar, dan bisa membawa kite ke neraka",10,Jawaban Siswa
Pendidikan Agama Islam,"Pilih salah satu: Fastabiqul Khoirot, Syu'abul Iman, atau Akhlaq Mazmumah. Jelaskan bagaimana penerapan materi tersebut dapat memperbaiki suasana dan karakter siswa di sekolah.","Fatabiqul khoirot, penerapannya kita dapat menolong siswa yg kesusahan, kalau dia butuh apa apa kita harus menolongnya jangan sampai tidak menolongnya",10,Jawaban Siswa
Pendidikan Agama Islam,Jelaskan dengan bahasamu sendiri apa makna Fastabiqul Khoirot dan mengapa perintah ini penting dalam kehidupan seorang muslim.,"berlomba-lomba dalam kebaikan , karena melakukan kebaikan itu akan amal kita di akhirat ",10,Jawaban Siswa
Pendidikan Agama Islam,Sebutkan tiga contoh perilaku Fastabiqul Khoirot di lingkungan sekolah,"membersihkan ruang kelas, membantu teman yg sedang kesusahan, menghormati guru",10,Jawaban Siswa
Pendidikan Agama Islam,"Menurutmu, apa dampak positif bagi masyarakat jika remaja membiasakan diri berlomba dalam kebaikan?",menjadikan remaja itu berperilaku baik dan sopan,10,Jawaban Siswa
Pendidikan Agama Islam,Jelaskan apa yang dimaksud dengan Syu’abul Iman,menyempurnakan iman,0,Jawaban Siswa
Pendidikan Agama Islam,Sebutkan lima cabang iman dan jelaskan makna salah satunya,"ma'rifatun bi qalbi, qoulun bi lisan, amalun bi arkan",0,Jawaban Siswa
Pendidikan Agama Islam,Mengapa memahami Syu’abul Iman dapat membantu seorang muslim memperbaiki kualitas hidupnya?,"karena jika kita beriman kepada Allah kita tahu caranya bersyukur, atas nikmat yg ia berikan",10,Jawaban Siswa
Pendidikan Agama Islam,Apa yang dimaksud dengan Akhlaq Mazmumah? Jelaskan dengan bahasamu sendiri,Akhlaq yang tercela. Ahlaq yg tidak baik buat kita dikehidupan sehari-hari,10,Jawaban Siswa
Pendidikan Agama Islam,Sebutkan tiga contoh akhlaq mazmumah di kalangan remaja sekarang dan berikan contoh perilaku yang menggambarkannya,"sam'ah, riya, takabur",10,Jawaban Siswa
Pendidikan Agama Islam,"Mengapa akhlak mazmumah seperti sombong, iri, atau suka berbohong sangat berbahaya jika dibiarkan?","Karena jika kita memiliki sikap yg sombong , iri, suka berbohong itu termasuk  sikap yg tercela",10,Jawaban Siswa
Pendidikan Agama Islam,"Pilih salah satu: Fastabiqul Khoirot, Syu'abul Iman, atau Akhlaq Mazmumah. Jelaskan bagaimana penerapan materi tersebut dapat memperbaiki suasana dan karakter siswa di sekolah.",menjelaskan kepada siswa disekolah. Kalau  Akhlaq mazmumah itu akhlaq yg tercela. Kita sebagai siswa tidak boleh memiliki sifat resebut,5,Jawaban Siswa
Pendidikan Agama Islam,Jelaskan dengan bahasamu sendiri apa makna Fastabiqul Khoirot dan mengapa perintah ini penting dalam kehidupan seorang muslim.,Berlomba lomba dalam kebaikan,5,Jawaban Siswa
Pendidikan Agama Islam,Sebutkan tiga contoh perilaku Fastabiqul Khoirot di lingkungan sekolah,"menjaga lingkungan sekolah, seperti tertib dalam aturan sekolah, baik dan sopan",10,Jawaban Siswa
Pendidikan Agama Islam,"Menurutmu, apa dampak positif bagi masyarakat jika remaja membiasakan diri berlomba dalam kebaikan?",Masyarakat akan terbiasa akan berlomba lomba kebaikan Dan Masyarakat berbuat baik,10,Jawaban Siswa
Pendidikan Agama Islam,Jelaskan apa yang dimaksud dengan Syu’abul Iman,menyempurnakan iman,0,Jawaban Siswa
Pendidikan Agama Islam,Sebutkan lima cabang iman dan jelaskan makna salah satunya,iman,0,Jawaban Siswa
Pendidikan Agama Islam,Mengapa memahami Syu’abul Iman dapat membantu seorang muslim memperbaiki kualitas hidupnya?,kita yang jadi manusia harus berubah kebih baik dari sebelumnya harus bisa memperbaiki diri yang lebih baik dari sebelumnya,10,Jawaban Siswa
Pendidikan Agama Islam,Apa yang dimaksud dengan Akhlaq Mazmumah? Jelaskan dengan bahasamu sendiri,tentang akhlak,0,Jawaban Siswa
Pendidikan Agama Islam,Sebutkan tiga contoh akhlaq mazmumah di kalangan remaja sekarang dan berikan contoh perilaku yang menggambarkannya,"Sombong, akhlaknya tidak dipakai irian dan suka berbohong ",0,Jawaban Siswa
Pendidikan Agama Islam,"Mengapa akhlak mazmumah seperti sombong, iri, atau suka berbohong sangat berbahaya jika dibiarkan?",Jika dibiarkan akan terbiasa seperti itu,5,Jawaban Siswa
Pendidikan Agama Islam,"Pilih salah satu: Fastabiqul Khoirot, Syu'abul Iman, atau Akhlaq Mazmumah. Jelaskan bagaimana penerapan materi tersebut dapat memperbaiki suasana dan karakter siswa di sekolah.",Fastabiqul Khoirot karna kita harus berlomba lomba dalam kebaikan,10,Jawaban Siswa
Pendidikan Agama Islam,Jelaskan dengan bahasamu sendiri apa makna Fastabiqul Khoirot dan mengapa perintah ini penting dalam kehidupan seorang muslim.,"Fastabiqul khoirot adlaah berlomba-lomba dalam kebaikan, perintah ini penting karena kita sbagai seorang muslim dianjurkan harus berlomba-lomba dalam kebaikan. Hal ini bermanfaat bagi orang lain juga bagi diri sendiri agar Prilaku kita berubah lebih baik lagi",10,Jawaban Siswa
Pendidikan Agama Islam,Sebutkan tiga contoh perilaku Fastabiqul Khoirot di lingkungan sekolah,"Saat Selesai pelajaran ada teman kita yang belum paham kita yang paham harus menjelaskan, tetapi jika waktu ulangan / ujian kita tidak boleh Memberi jawaban. Saat teman kita terjatuh kita harus Menolong. Saat guru kita Menjelaskan kita harus mendengarkan ",10,Jawaban Siswa
Pendidikan Agama Islam,"Menurutmu, apa dampak positif bagi masyarakat jika remaja membiasakan diri berlomba dalam kebaikan?",ahlak kita kepada Masyarakat akan baik terhadap Sesama,10,Jawaban Siswa
Pendidikan Agama Islam,Jelaskan apa yang dimaksud dengan Syu’abul Iman,Syu'abul iman adalah baik dalam Perkataan Perbuatan dan hati,0,Jawaban Siswa
Pendidikan Agama Islam,Sebutkan lima cabang iman dan jelaskan makna salah satunya,"iman kepada Allah Swt, iman kepada malaikat, iman kepada kitab kitab Allah, iman kepada Rosul dan nabi, iman kepada hari Akhir",10,Jawaban Siswa
Pendidikan Agama Islam,Mengapa memahami Syu’abul Iman dapat membantu seorang muslim memperbaiki kualitas hidupnya?,"Karena jika kita memahami Syu'abul iman kita diajarkan untuk baik dalam perkataan, perbuatan Maupun hati, jika kita melaksanakan maka hidup kita jauh lebih baik",10,Jawaban Siswa
Pendidikan Agama Islam,Apa yang dimaksud dengan Akhlaq Mazmumah? Jelaskan dengan bahasamu sendiri,"ahlak Mazmumah adalah perbuatan dan sikap kita terhadap Orang lain seperti Sombong terhadap orang lain, iri, dan berbohong",10,Jawaban Siswa
Pendidikan Agama Islam,Sebutkan tiga contoh akhlaq mazmumah di kalangan remaja sekarang dan berikan contoh perilaku yang menggambarkannya,"iri terhadap kesuksesa orang lain, jika kita membeli barang kita suka memamerkannya, kita di Beri kepercayaan tetapi tidak dilaksanakan",10,Jawaban Siswa
Pendidikan Agama Islam,"Mengapa akhlak mazmumah seperti sombong, iri, atau suka berbohong sangat berbahaya jika dibiarkan?","karena jika perbuatan Speerti itu dibiarkan akan membuat hidup kita berantakan, kita akan tidak dipercaya orang lain karena  sifat sombong, kita akan dijauhi karena suka berbohong",10,Jawaban Siswa
Pendidikan Agama Islam,"Pilih salah satu: Fastabiqul Khoirot, Syu'abul Iman, atau Akhlaq Mazmumah. Jelaskan bagaimana penerapan materi tersebut dapat memperbaiki suasana dan karakter siswa di sekolah.",jika kita menerapkan Fastabiqul khoirot maka akan memperbaiki karakter dan Suasana siswa di sekolah karena saling tolong-menolong dan membantu sesama,10,Jawaban Siswa
Pendidikan Agama Islam,Jelaskan dengan bahasamu sendiri apa makna Fastabiqul Khoirot dan mengapa perintah ini penting dalam kehidupan seorang muslim.,"Fastabiqul khoirot adalah bersungguh-sungguh dalam melakukan amal baik / berlomba-lomba melakukan amal kebaikan, iya, karena dapat meningkatkan amal baik dan pahala yang diperoleh",10,Jawaban Siswa
Pendidikan Agama Islam,Sebutkan tiga contoh perilaku Fastabiqul Khoirot di lingkungan sekolah,"membantu (bersedakah) (pulpen, penghapus, dll), mengamalkan ilmu dan belajar (membantu teman yang kesulitan dan rajin membaca), menyapa guru",10,Jawaban Siswa
Pendidikan Agama Islam,"Menurutmu, apa dampak positif bagi masyarakat jika remaja membiasakan diri berlomba dalam kebaikan?","Peningkatan kualitas diri, memanfaatkan waktu yang efektif",10,Jawaban Siswa
Pendidikan Agama Islam,Jelaskan apa yang dimaksud dengan Syu’abul Iman,Syu'abul iman atau cabang-cabang iman yaitu suatu hal yang di sukai Allah dan di ridhoi oleh Allah Swt. Karena dpaat meningkatkan kualitas hidup seseorang dalam melakukan hal kebaikan,10,Jawaban Siswa
Pendidikan Agama Islam,Sebutkan lima cabang iman dan jelaskan makna salah satunya,"Percaya kepada Allah, Percaya kepada Malaikat, Percaya kepada Kitab, Percaya kepada Rasul, Percaya kepada hari kiamat, Percaya kepada Qada dan Qadar",10,Jawaban Siswa
Pendidikan Agama Islam,Mengapa memahami Syu’abul Iman dapat membantu seorang muslim memperbaiki kualitas hidupnya?,Karena syu'abul iman juga dapat meningkatkan kualitas keimanan setiap orang. Dan dapat menumbuhkan rasa percaya terhadap Allah SWT. Dan salah satu cabang Iman adalah malu,10,Jawaban Siswa
Pendidikan Agama Islam,Apa yang dimaksud dengan Akhlaq Mazmumah? Jelaskan dengan bahasamu sendiri,akhlak mazmumah adalah akhlak tercela dan dapat merusak diri sendiri,10,Jawaban Siswa
Pendidikan Agama Islam,Sebutkan tiga contoh akhlaq mazmumah di kalangan remaja sekarang dan berikan contoh perilaku yang menggambarkannya,Foya-foya = boros dalam segala hal. Hasad = sombong terhadap kebaikan Yang dilakukannya. Riya' = pamer terhadap segala hal yang Ia punya dan Yg dilakukan agar di puji orang lain.,10,Jawaban Siswa
Pendidikan Agama Islam,"Mengapa akhlak mazmumah seperti sombong, iri, atau suka berbohong sangat berbahaya jika dibiarkan?","Iya karena sikap yang Jelek/ Tercela yang tidak di perbolehkan dalam Islam, dan dapat merugikan diri sendiri",10,Jawaban Siswa
Pendidikan Agama Islam,"Pilih salah satu: Fastabiqul Khoirot, Syu'abul Iman, atau Akhlaq Mazmumah. Jelaskan bagaimana penerapan materi tersebut dapat memperbaiki suasana dan karakter siswa di sekolah.","akhlak mazmumah, Dengan cara menasehati dan menegur ketika salah, Dan memberikan arahan ke Jalan Yang benar",10,Jawaban Siswa
Pendidikan Agama Islam,Jelaskan dengan bahasamu sendiri apa makna Fastabiqul Khoirot dan mengapa perintah ini penting dalam kehidupan seorang muslim.,"Fastabikul khoirot artinya adalah berlomba-lomba dalam kebaikan. Perintah ini penting karena Allah menyuruhnya dalam QS. Al baqarah ayat 48 dan Qs. Al maidah ayat 48. Yg menyuruh manusia berlomba dalam kebaikan setelah beramal sholeh, sedekah, dzikir dll. agar manusia senantiasa ingat kpd Allah dan tujuannya adalah untuk mencari ridho Allah",10,Jawaban Siswa
Pendidikan Agama Islam,Sebutkan tiga contoh perilaku Fastabiqul Khoirot di lingkungan sekolah,"membantu teman ketika kesusahan, membersihkan kelas, rajin belajar",10,Jawaban Siswa
Pendidikan Agama Islam,"Menurutmu, apa dampak positif bagi masyarakat jika remaja membiasakan diri berlomba dalam kebaikan?","Jika para remaja Fokus membiasakan diri berlomba dalam kebaikan, maka di masyarakat akan tercipta kerukunan, tentram, tidak ada kegaduhan dan kenakalan remaja",10,Jawaban Siswa
Pendidikan Agama Islam,Jelaskan apa yang dimaksud dengan Syu’abul Iman,Cabang cabang iman yg jumlahnya 77. hal yg dicintai oleh Allah ketika kita melakukan dan mendapat ridho Allah,10,Jawaban Siswa
Pendidikan Agama Islam,Sebutkan lima cabang iman dan jelaskan makna salah satunya,"beriman kepada Allah, beriman kepada malaikat, beriman kepada rosul, beriman kepada kitab, beriman kepada hari kiamat. Makna iman kepada Allah adalah meyakini adanya Allah, keesaan, keagungan, Petolongan Allah dan Semua Yg ada didunia ini beserta isinya adalah bentuk kekuasaan dan Ciptaan Allah",10,Jawaban Siswa
Pendidikan Agama Islam,Mengapa memahami Syu’abul Iman dapat membantu seorang muslim memperbaiki kualitas hidupnya?,"karena dengan memahami syuabul iman membuat iman kita menjadi lebih kuat, menjadi lebih yakin dengan apapun yg diciptakan oleh Allah dan menjauhkan kita dari hal- hal Yg negatif",10,Jawaban Siswa
Pendidikan Agama Islam,Apa yang dimaksud dengan Akhlaq Mazmumah? Jelaskan dengan bahasamu sendiri,akhlaq mazmumah adalah perilaku buruk atau tercela yg harus dihindari oleh orang muslim karna dilarang oleh agama,10,Jawaban Siswa
Pendidikan Agama Islam,Sebutkan tiga contoh akhlaq mazmumah di kalangan remaja sekarang dan berikan contoh perilaku yang menggambarkannya,"Riya' (pamer) ketika habis beli barang bagus atau mahal, diperlihatkan kepada teman temannya. Foya - foya (boros) berlebihan dalam membelanjakan uang padahal bukan kebutuhannya. Hasad (iri,dengki) iri dicampur rasa benci ketika orang lain mencapai  kesuksesannya",10,Jawaban Siswa
Pendidikan Agama Islam,"Mengapa akhlak mazmumah seperti sombong, iri, atau suka berbohong sangat berbahaya jika dibiarkan?","karena bisa merugikan diri sendiri juga orang lain. Merusak mental dan kualitas hidup seseorang, ketidak harmonisan dan timbul permasalahan di lingkungan masyarakat",10,Jawaban Siswa
Pendidikan Agama Islam,"Pilih salah satu: Fastabiqul Khoirot, Syu'abul Iman, atau Akhlaq Mazmumah. Jelaskan bagaimana penerapan materi tersebut dapat memperbaiki suasana dan karakter siswa di sekolah.","Fastabiqul khoirot berlomba dalam kebaikan. Ketika siswa fokus pada kebaikan maka dia tidak akan memikirkan  hal tidak penting yg lain. Fokus belajar, membnatu teman, datang tepat  waktu, piket kelas dll akan membentuk pribadi yg rajin dan disiplin. sehingga karakter siswa tersebut lebih baik",10,Jawaban Siswa
Pendidikan Agama Islam,Jelaskan dengan bahasamu sendiri apa makna Fastabiqul Khoirot dan mengapa perintah ini penting dalam kehidupan seorang muslim.,karena orang muslim harus berbuat baik terhadap sesama manusia dan juga saling jaga etika dan omongan,0,Jawaban Siswa
Pendidikan Agama Islam,Sebutkan tiga contoh perilaku Fastabiqul Khoirot di lingkungan sekolah,"Jaga kebersihan, berpakaian rapi, dan Jaga etika dan omongan ke guru maupun ke teman",10,Jawaban Siswa
Pendidikan Agama Islam,"Menurutmu, apa dampak positif bagi masyarakat jika remaja membiasakan diri berlomba dalam kebaikan?","dampak dari ""Positif berlomba"" dalam kebaikan ""Sangatlah bagus bagi masyarakat dan remaja karena Tidak akan ada y berbuat Sembarang terhadap masyarakat",10,Jawaban Siswa
Pendidikan Agama Islam,Jelaskan apa yang dimaksud dengan Syu’abul Iman,"Syu'abul iman adalah dimana seseorang yg Tidak baik dalam kehidupannya lalu dia menerapkan ""Syu'abul Iman"" Terus kemudian hari bisa memperbaiki kualitas hidupnya maka dari berzikir yaitu jika mengamalkannya akan mendapatkan pahala",10,Jawaban Siswa
Pendidikan Agama Islam,Sebutkan lima cabang iman dan jelaskan makna salah satunya,"Iman kpd allah, berdoam sholat 5 waktu, Iman kpd kitab allah, berzikir",10,Jawaban Siswa
Pendidikan Agama Islam,Mengapa memahami Syu’abul Iman dapat membantu seorang muslim memperbaiki kualitas hidupnya?,karena ia sudah menerapkan syu'abul iman di hidupnya dan dilingkungannya,0,Jawaban Siswa
Pendidikan Agama Islam,Apa yang dimaksud dengan Akhlaq Mazmumah? Jelaskan dengan bahasamu sendiri,dimana mana akhlak mazmumah ialah suatu yg sangat angkuh / sombong itu dan suka berbohong,0,Jawaban Siswa
Pendidikan Agama Islam,Sebutkan tiga contoh akhlaq mazmumah di kalangan remaja sekarang dan berikan contoh perilaku yang menggambarkannya,"dia memamerkan barang-barang bagus, dia iri terhadap temannya mempunyai pacar/ pasangan yg cantik, dia membohongi orang tuanya, dia meminta uang buat beli bensin ternyata dia beli eceran rokok",10,Jawaban Siswa
Pendidikan Agama Islam,"Mengapa akhlak mazmumah seperti sombong, iri, atau suka berbohong sangat berbahaya jika dibiarkan?","Jadi kita bagi umat-umat Islam Tidak usah menerapkan ""Akhlaq mazmumah""  di hidup kita dan di lingkungan kita / para remaja",0,Jawaban Siswa
Pendidikan Agama Islam,"Pilih salah satu: Fastabiqul Khoirot, Syu'abul Iman, atau Akhlaq Mazmumah. Jelaskan bagaimana penerapan materi tersebut dapat memperbaiki suasana dan karakter siswa di sekolah.","""Fastabiqul Khoirot"" dimana bisa membuat siswa lebih bagus / lebih  baik dan dimana sekolah akan bagus rapi dan indah jika siswa menerapkan ""Fastabiqul Khoirot""",10,Jawaban Siswa
Pendidikan Agama Islam,Jelaskan dengan bahasamu sendiri apa makna Fastabiqul Khoirot dan mengapa perintah ini penting dalam kehidupan seorang muslim.,"berlomba-lomba dalam kebaikan, maksudnya apabila kita mengerjakan sesuatu hal yg baik, kita patut untuk berlomba-lomba dlm hal itu. Contoh: kita Sedang usaha, maka kita boleh Fastabiqul Khoirot karena saat kita mengerjakan ujian itu tidak boleh curang",10,Jawaban Siswa
Pendidikan Agama Islam,Sebutkan tiga contoh perilaku Fastabiqul Khoirot di lingkungan sekolah,"saat ujian, sholat 5 waktu, adan berkumandang",0,Jawaban Siswa
Pendidikan Agama Islam,"Menurutmu, apa dampak positif bagi masyarakat jika remaja membiasakan diri berlomba dalam kebaikan?",mendapatkan pahala,0,Jawaban Siswa
Pendidikan Agama Islam,Jelaskan apa yang dimaksud dengan Syu’abul Iman,cabang-cabangnya iman untuk keyakinan,5,Jawaban Siswa
Pendidikan Agama Islam,Sebutkan lima cabang iman dan jelaskan makna salah satunya,"Jujur, bersedekah, sholat, amanah, berbakti pada orang tua. Jujur yang dimana kita semua berkata seadanya sesuai fakta tidak boleh ngomong di lebih lebih kan",10,Jawaban Siswa
Pendidikan Agama Islam,Mengapa memahami Syu’abul Iman dapat membantu seorang muslim memperbaiki kualitas hidupnya?,"karena, jika kita memahami tentang syu'abul iman dpt meningkatkan keimanan kita serta keyakinan kita terhadap allah swt.",10,Jawaban Siswa
Pendidikan Agama Islam,Apa yang dimaksud dengan Akhlaq Mazmumah? Jelaskan dengan bahasamu sendiri,"akhlak yg tercela untuk tidak baik seoerti : riya, sombong, iri, dll",10,Jawaban Siswa
Pendidikan Agama Islam,Sebutkan tiga contoh akhlaq mazmumah di kalangan remaja sekarang dan berikan contoh perilaku yang menggambarkannya,"riya : apabila kita mempunyai amal banyak, lalu di pamerkan kepada org lain. Sombong: membanggakan dirinya seperti kita dapat peringkat satu di kelas untuk jadi siswa yang paling aktif fi kelas, lalu ia sombongkan kepada temannya untuk orang lain. Iri : apabila teman kita mempunyai kelebihan terkait harta apapun ia iri kepada temannya",10,Jawaban Siswa
Pendidikan Agama Islam,"Mengapa akhlak mazmumah seperti sombong, iri, atau suka berbohong sangat berbahaya jika dibiarkan?","Karena itu berdampak besar bagi kalangan kita, terjadi pertukaran untuk perselisihan dan gampang menimbulkan berita hoax dll",10,Jawaban Siswa
Pendidikan Agama Islam,"Pilih salah satu: Fastabiqul Khoirot, Syu'abul Iman, atau Akhlaq Mazmumah. Jelaskan bagaimana penerapan materi tersebut dapat memperbaiki suasana dan karakter siswa di sekolah.",Fastabiqul Khoirot :  berlomba lomba dalam kebaikan. Sesuatu yg apabila kita kerjakan dg cara berlomba lomba itu sangat baik,10,Jawaban Siswa
