Mata Pelajaran_clean,Soal_clean,Jawaban_clean,Keterangan_clean,Skor
bahasa indonesia,apa tujuan dibuatnya teks laporan hasil observasi jelaskan secara sederhana,agar dapat mengenali benda asing,jawaban siswa,0.0
bahasa indonesia,apa tujuan dibuatnya teks laporan hasil observasi jelaskan secara sederhana,menyapaikan hasil pengamatan scara jelas dan fktual,jawaban siswa,0.0
bahasa indonesia,apa tujuan dibuatnya teks laporan hasil observasi jelaskan secara sederhana,memberikan informasi yang objektif faktual dan rinci kepada pembaca tentang objek fenomena atau peristiwa berdasarkan hasil pengamatan ilmiah atau penelitian degan tujuan menngulaisifikasi dokumen tasikan fakta menjadi sumber data terpercaya untuk analisis atau pengambilan keputusan,jawaban siswa,10.0
bahasa indonesia,apa tujuan dibuatnya teks laporan hasil observasi jelaskan secara sederhana,menyampaikan fakta hasil pengamatan,jawaban siswa,5.0
bahasa indonesia,apa tujuan dibuatnya teks laporan hasil observasi jelaskan secara sederhana,tujuannya di buatnya lho untuk melaporkan hasil pengamatan secara sistematis agar dapat di pahami dan di gunakan sebagai landasan untuk tindakan atau pemahaman lebih lanjut,jawaban siswa,10.0
bahasa indonesia,apa tujuan dibuatnya teks laporan hasil observasi jelaskan secara sederhana,menyampaikan hasil pengamatan secara jelas dan faktual mendokumentasikan data hasil observasi,jawaban siswa,0.0
bahasa indonesia,apa tujuan dibuatnya teks laporan hasil observasi jelaskan secara sederhana,tujuan dibuatnya teks lho adalah untuk menjelaskan informasi bedasarkan aoa yang diamati secara langsung,jawaban siswa,10.0
bahasa indonesia,apa tujuan dibuatnya teks laporan hasil observasi jelaskan secara sederhana,memberi informasi faktual kepada pembaca,jawaban kunci,10.0
bahasa indonesia,apa tujuan dibuatnya teks laporan hasil observasi jelaskan secara sederhana,untuk menyampaikan informasi akurat dan terpercaya tentang objek yang di amati kepada pembaca,jawaban siswa,10.0
bahasa indonesia,apa tujuan dibuatnya teks laporan hasil observasi jelaskan secara sederhana,untuk mendapatkan informasi,jawaban siswa,10.0
bahasa indonesia,apa tujuan dibuatnya teks laporan hasil observasi jelaskan secara sederhana,menceritakan hasil observasi itu,jawaban siswa,10.0
bahasa indonesia,apa tujuan dibuatnya teks laporan hasil observasi jelaskan secara sederhana,agar untuk memahami suatu objek secara faktual akurat dan sistematis,jawaban siswa,0.0
bahasa indonesia,apa tujuan dibuatnya teks laporan hasil observasi jelaskan secara sederhana,tujuannya untuk melaporkan hasil pengamatan secara sistematis agar dapat dipahami dan digunakan sebagai landasan tindakan pemikiran lebih lanjut,jawaban siswa,8.0
bahasa indonesia,apa tujuan dibuatnya teks laporan hasil observasi jelaskan secara sederhana,untuk melaporkan hasil pengamtaan secara sistematis agar dapat di pahami dan digunakan sebagai landasan untuk tindakan pemahaman lebih,jawaban siswa,10.0
bahasa indonesia,apa tujuan dibuatnya teks laporan hasil observasi jelaskan secara sederhana,memberikan informasi yang akurat tntang objek yang diteliti amati,jawaban siswa,10.0
bahasa indonesia,apa tujuan dibuatnya teks laporan hasil observasi jelaskan secara sederhana,memberikan informasi menganalisis mengevaluasi,jawaban siswa,10.0
bahasa indonesia,apa tujuan dibuatnya teks laporan hasil observasi jelaskan secara sederhana,membicarakan hal sesuatu,jawaban siswa,10.0
bahasa indonesia,apa tujuan dibuatnya teks laporan hasil observasi jelaskan secara sederhana,agar dapat mengetahui laporan hasil observasi dengna rinci,jawaban siswa,10.0
bahasa indonesia,apa tujuan dibuatnya teks laporan hasil observasi jelaskan secara sederhana,orang akan gampang menceritakan kejadian yang pernah dia alami secara rinci sederhana,jawaban siswa,10.0
bahasa indonesia,apa tujuan dibuatnya teks laporan hasil observasi jelaskan secara sederhana,menyampaikan hasil pengamatan secara jelas dan virtual,jawaban siswa,8.0
bahasa indonesia,apa tujuan dibuatnya teks laporan hasil observasi jelaskan secara sederhana,agar kita tidak susah mencari laporan,jawaban siswa,0.0
bahasa indonesia,apa tujuan dibuatnya teks laporan hasil observasi jelaskan secara sederhana,menunjukan cara bagaimana atau mamahami teks observasi,jawaban siswa,10.0
bahasa indonesia,apa tujuan dibuatnya teks laporan hasil observasi jelaskan secara sederhana,untuk menjelaskan suatu benda peristiwa,jawaban siswa,0.0
bahasa indonesia,apa tujuan dibuatnya teks laporan hasil observasi jelaskan secara sederhana,tujuan teks laporan hasil observasi adalah untuk menyampaikan informasi faktual tentang suatu objek atau peristiwa,jawaban siswa,10.0
bahasa indonesia,apa yang dimaksud dengan hikayat jelaskan dengan bahasamu sendiri,karya sastra lama berbetuk proses yang berisi cerita kehidupan tokoh dengan unsur keajaiban kesaktian,jawaban siswa,10.0
bahasa indonesia,apa yang dimaksud dengan hikayat jelaskan dengan bahasamu sendiri,gambar yang berbentuk prosa dan mengalami peristiwa dahulu karya sastra lama,jawaban siswa,10.0
bahasa indonesia,apa yang dimaksud dengan hikayat jelaskan dengan bahasamu sendiri,salah satu bentuk karya sastra,jawaban siswa,0.0
bahasa indonesia,apa yang dimaksud dengan hikayat jelaskan dengan bahasamu sendiri,hikayat merupakan karya sastra melayu klasik berupa plosa juga merupakan rekan berisi cerita silsilah dan undang undang yang bersifat historis keagamaan dan lain lain,jawaban siswa,10.0
bahasa indonesia,apa yang dimaksud dengan hikayat jelaskan dengan bahasamu sendiri,hikayat adalah karya sastra malayu klasik hikayat termasuk kedalam teks cerita rakyat juga cerita terkaam berisi cerita sisilan dd yang bersifat sejarah keagamaan dan lain lain,jawaban siswa,10.0
bahasa indonesia,apa yang dimaksud dengan hikayat jelaskan dengan bahasamu sendiri,crita tradisional tentang tokoh luar biasah dengan unsur fantasi,jawaban siswa,0.0
bahasa indonesia,apa yang dimaksud dengan hikayat jelaskan dengan bahasamu sendiri,cerita pendek yang mengunakan bahasa melayu menceritakan pertualangan pahlamawan,jawaban siswa,10.0
bahasa indonesia,apa yang dimaksud dengan hikayat jelaskan dengan bahasamu sendiri,karya sastra prosa melayu yang berisi cerita undangan undangan yang bersifat keagamaan rekaan dan historis,jawaban siswa,10.0
bahasa indonesia,apa yang dimaksud dengan hikayat jelaskan dengan bahasamu sendiri,hikayat adalah teks berisi cerita laman atau fiksi yang menggunakan bahasa melayu lama,jawaban siswa,10.0
bahasa indonesia,apa yang dimaksud dengan hikayat jelaskan dengan bahasamu sendiri,cerita lama yang berisi keajaiban dan unsur fantastis,jawaban kunci,10.0
bahasa indonesia,dari ketiga jenis teks lho anekdot hikayat pilih salah satu dan jelaskan pesan atau nilai yang biasanya ingin disampaikan penulis melalui teks tersebut berdasarkan pemahamanmu,hikayat karean menceritakan kisah kisah jaman dulu,jawaban siswa,10.0
bahasa indonesia,dari ketiga jenis teks lho anekdot hikayat pilih salah satu dan jelaskan pesan atau nilai yang biasanya ingin disampaikan penulis melalui teks tersebut berdasarkan pemahamanmu,lho adalah secara singkat pengertian teks yang berisi penjabaran umum pesan yang biasanya di sampaikan penulis ialah objek sistematis bahasa baku ilmiah,jawaban siswa,10.0
bahasa indonesia,dari ketiga jenis teks lho anekdot hikayat pilih salah satu dan jelaskan pesan atau nilai yang biasanya ingin disampaikan penulis melalui teks tersebut berdasarkan pemahamanmu,lho berisi fakta kenyataan karena tidak buatan dan penyampaian yang di beri berakurat atau tidak bohong dan tidak fiksi di buat buat,jawaban siswa,10.0
bahasa indonesia,dari ketiga jenis teks lho anekdot hikayat pilih salah satu dan jelaskan pesan atau nilai yang biasanya ingin disampaikan penulis melalui teks tersebut berdasarkan pemahamanmu,lho adalah pengertian texs yang berisi penjabaran umum dan pelaporan hasil pengamatan tang sistematis terhadap sesuatu objek,jawaban siswa,10.0
bahasa indonesia,dari ketiga jenis teks lho anekdot hikayat pilih salah satu dan jelaskan pesan atau nilai yang biasanya ingin disampaikan penulis melalui teks tersebut berdasarkan pemahamanmu,untuk memikir sesuatu,jawaban siswa,10.0
bahasa indonesia,dari ketiga jenis teks lho anekdot hikayat pilih salah satu dan jelaskan pesan atau nilai yang biasanya ingin disampaikan penulis melalui teks tersebut berdasarkan pemahamanmu,setelah seseorang mempelajari teks lho seorang dapat memahami apa yang di di amati dengan jelas,jawaban siswa,0.0
bahasa indonesia,dari ketiga jenis teks lho anekdot hikayat pilih salah satu dan jelaskan pesan atau nilai yang biasanya ingin disampaikan penulis melalui teks tersebut berdasarkan pemahamanmu,anekdhot mengritik orang yang maupun ngeritik baik atau buruk dan menyindir menyindir biasanya menyindir orang entah itu sindiran baik atau buruk,jawaban siswa,10.0
bahasa indonesia,dari ketiga jenis teks lho anekdot hikayat pilih salah satu dan jelaskan pesan atau nilai yang biasanya ingin disampaikan penulis melalui teks tersebut berdasarkan pemahamanmu,,jawaban siswa,0.0
bahasa indonesia,dari ketiga jenis teks lho anekdot hikayat pilih salah satu dan jelaskan pesan atau nilai yang biasanya ingin disampaikan penulis melalui teks tersebut berdasarkan pemahamanmu,teks anekdot mmberi pesan moral kritik yang ingin dismpaikan penulis melalui cerita lucu dan mnyindir,jawaban siswa,10.0
bahasa indonesia,jelaskan apa yang dimaksud dengan teks anekdot menurut pemahamanmu,teks anekdot cerita singkat yang lucu menyindir,jawaban siswa,10.0
bahasa indonesia,jelaskan apa yang dimaksud dengan teks anekdot menurut pemahamanmu,teks anekdot adalah cerita singkat yang berisi cerita lucu sindiran,jawaban siswa,10.0
bahasa indonesia,jelaskan apa yang dimaksud dengan teks anekdot menurut pemahamanmu,cerita singkat yang berisi cerita cerita lucu sindiran,jawaban siswa,10.0
bahasa indonesia,jelaskan apa yang dimaksud dengan teks anekdot menurut pemahamanmu,cerita singkat yang berisi pujian keritikan pada suatu perilaku kebijakan dengna cara menghibur dan tetap ada pesan moralnya,jawaban siswa,10.0
bahasa indonesia,jelaskan apa yang dimaksud dengan teks anekdot menurut pemahamanmu,adalah cerita singkat yang berisi pujian kritikan pada suatu prilaku kebijakan dengan cara menghibur dan ttp ada pesan moralnya,jawaban siswa,10.0
bahasa indonesia,jelaskan apa yang dimaksud dengan teks anekdot menurut pemahamanmu,cerita pendek yang lucu sekaligus menyindir,jawaban siswa,10.0
bahasa indonesia,jelaskan apa yang dimaksud dengan teks anekdot menurut pemahamanmu,texs anexdot adalah dimana orang menjelaskan secara rinci dan tieliti,jawaban siswa,10.0
bahasa indonesia,jelaskan apa yang dimaksud dengan teks anekdot menurut pemahamanmu,teks anekdot adalah cerita singkat yang bersifat lucu atau menyindir biasanya digunakan untuk mengkritik prilaku kebijakan atau keadaan tertentu dengan cara yang menghibur tetapi tetap memiliki pesan moral,jawaban siswa,10.0
bahasa indonesia,jelaskan apa yang dimaksud dengan teks anekdot menurut pemahamanmu,teks laporan,jawaban siswa,10.0
bahasa indonesia,jelaskan dengan bahasamu sendiri apa yang dimaksud dengan teks laporan hasil observasi,lho laporan berisi fakta dari hasil pengamatan,jawaban siswa,10.0
bahasa indonesia,jelaskan dengan bahasamu sendiri apa yang dimaksud dengan teks laporan hasil observasi,teks yang menggunakan bahasa baku,jawaban siswa,0.0
bahasa indonesia,jelaskan dengan bahasamu sendiri apa yang dimaksud dengan teks laporan hasil observasi,adalah teks yang berisi laporan hasil dari pengamatan observasi,jawaban siswa,10.0
bahasa indonesia,jelaskan dengan bahasamu sendiri apa yang dimaksud dengan teks laporan hasil observasi,laporan hasil observasi adalah teks yang berisi penjabaran umum atau laporan faktual tentang suatu objek,jawaban siswa,10.0
bahasa indonesia,jelaskan dengan bahasamu sendiri apa yang dimaksud dengan teks laporan hasil observasi,teks yang mnjelaskan laporan yang berisi hasi pengamatan suatu objek tempat hewan tumbuhan d prsitiwa secara nyata,jawaban siswa,10.0
bahasa indonesia,jelaskan dengan bahasamu sendiri apa yang dimaksud dengan teks laporan hasil observasi,teks yang berisi penjabaran umum dan pelaporan hasil pengamatan yang sistematis terhadap suatu objek,jawaban siswa,10.0
bahasa indonesia,jelaskan dengan bahasamu sendiri apa yang dimaksud dengan teks laporan hasil observasi,teks laporan yaitu teks yang awal mulainya tahu kejadian,jawaban siswa,10.0
bahasa indonesia,jelaskan dengan bahasamu sendiri apa yang dimaksud dengan teks laporan hasil observasi,lho singkat dari laporan hasi observasi lho merupakan laporan yang berisi hasi pengamatan terhadap suatu objek peristiwa teks atau dokumen yang memaparkan data dan informasi yang diperoleh melalui kegiatan observasi,jawaban siswa,10.0
bahasa indonesia,jelaskan dengan bahasamu sendiri apa yang dimaksud dengan teks laporan hasil observasi,laporan berisi fajta dan hasil pengalaman,jawaban siswa,10.0
bahasa indonesia,jelaskan dengan bahasamu sendiri apa yang dimaksud dengan teks laporan hasil observasi,menjelaskan ciri ciri umum dari satu objek atau fenomena berdasarkan hasil pengamatan langsung objeknya bisa berupa benda hewan tumbuhan dan fenomena alam,jawaban siswa,10.0
bahasa indonesia,sebutkan dua ciri yang selalu ada dalam teks anekdot,lucu menyindir,jawaban siswa,10.0
bahasa indonesia,sebutkan dua ciri yang selalu ada dalam teks anekdot,cerita singkat humor,jawaban siswa,10.0
bahasa indonesia,sebutkan dua ciri yang selalu ada dalam teks anekdot,mencari tahu menyelidiki berisi tentang mengkritik,jawaban siswa,0.0
bahasa indonesia,sebutkan dua ciri yang selalu ada dalam teks anekdot,lucu kritik dan menyindir,jawaban siswa,10.0
bahasa indonesia,sebutkan dua ciri yang selalu ada dalam teks anekdot,bersifat lucu dan menghibur bersifat menyindir mengkritik,jawaban siswa,10.0
bahasa indonesia,sebutkan dua ciri yang selalu ada dalam teks anekdot,menyindir dan lucu,jawaban siswa,10.0
bahasa indonesia,sebutkan dua ciri yang selalu ada dalam teks anekdot,ciri ciri teks anekdot mengandung kejadian unik berupa kata sindiran lelucon,jawaban siswa,10.0
bahasa indonesia,sebutkan dua ciri yang selalu ada dalam teks anekdot,sindiran publik dan sindiran lingkungan,jawaban siswa,10.0
bahasa indonesia,sebutkan dua ciri yang selalu ada dalam teks anekdot,mengandung humor berdasarkan kejadian yang hampir nyata,jawaban siswa,10.0
bahasa indonesia,sebutkan dua ciri yang selalu ada dalam teks anekdot,cerita singkat menyindiri,jawaban siswa,10.0
bahasa indonesia,sebutkan dua ciri yang selalu ada dalam teks anekdot,humor yang mengkritik sindiran halus,jawaban siswa,10.0
bahasa indonesia,sebutkan dua ciri yang selalu ada dalam teks anekdot,laporan pehaman,jawaban siswa,10.0
bahasa indonesia,sebutkan dua ciri yang selalu ada dalam teks anekdot,karya sastra lama,jawaban siswa,10.0
bahasa indonesia,sebutkan dua ciri yang selalu ada dalam teks anekdot,paragraf tokoh,jawaban siswa,10.0
bahasa indonesia,sebutkan dua ciri yang selalu ada dalam teks anekdot,pembahasan cerita singkat,jawaban siswa,10.0
bahasa indonesia,sebutkan dua ciri yang selalu ada dalam teks anekdot,mengandung unsur humor lelucon dan berfungsi sebagai kritik,jawaban siswa,10.0
bahasa indonesia,sebutkan dua ciri yang selalu ada dalam teks anekdot,mengandung humor berdasarkan kejadian yang hampir nyala,jawaban siswa,10.0
bahasa indonesia,sebutkan dua ciri yang selalu ada dalam teks anekdot,mengandung unsur himor kelucuan berfungsi sebagai kritik sindiran sindiran,jawaban siswa,10.0
bahasa indonesia,sebutkan dua ciri yang selalu ada dalam teks anekdot,mengandung unsur lucu mengeritik atau sindiran,jawaban siswa,10.0
bahasa indonesia,sebutkan dua ciri yang selalu ada dalam teks anekdot,mengandung unsur humor hal lucu memiliki unsur sindiran kritik,jawaban siswa,10.0
bahasa indonesia,sebutkan dua ciri yang selalu ada dalam teks anekdot,mengandung unsur humor mengandung kritik atau sindiran,jawaban siswa,10.0
bahasa indonesia,sebutkan dua ciri yang selalu ada dalam teks anekdot,humor yang mnegeritik sindiran halus,jawaban siswa,10.0
bahasa indonesia,sebutkan dua ciri yang selalu ada dalam teks anekdot,mengandung kelucuan dan sindiran,jawaban kunci,10.0
bahasa indonesia,sebutkan dua ciri yang selalu ada dalam teks anekdot,sindiran kritik,jawaban siswa,10.0
bahasa indonesia,sebutkan struktur teks anekdot dan jelaskan secara singkat setiap bagiannya,teks laporan hasil pesan atau nilai,jawaban siswa,10.0
bahasa indonesia,sebutkan struktur teks anekdot dan jelaskan secara singkat setiap bagiannya,abstrak pembuka dari sebuah cerita oreantasi menjelaskan latar tokoh dan situasi krisis bagian ini dari kejadian luka reaksi seorang tokoh memberikan respon koda penutup dari sebuah cerita,jawaban siswa,10.0
bahasa indonesia,sebutkan struktur teks anekdot dan jelaskan secara singkat setiap bagiannya,abstrak orientasi krisis reaksi koda,jawaban siswa,10.0
bahasa indonesia,sebutkan struktur teks anekdot dan jelaskan secara singkat setiap bagiannya,kata kata,jawaban siswa,10.0
bahasa indonesia,sebutkan struktur teks anekdot dan jelaskan secara singkat setiap bagiannya,abstraksi orientasi krisis reaksi,jawaban siswa,8.0
bahasa indonesia,sebutkan struktur teks anekdot dan jelaskan secara singkat setiap bagiannya,abstraksi gambaran cerita orientasi latar cerita memperkenalkan tokoh tempat dan waktu krisis bagian inti cerita reaksi tanggapan koda penutup cerita,jawaban siswa,10.0
bahasa indonesia,sebutkan struktur teks anekdot dan jelaskan secara singkat setiap bagiannya,abstraksi orientasi krisis reaksi koda,jawaban kunci,10.0
bahasa indonesia,sebutkan struktur teks anekdot dan jelaskan secara singkat setiap bagiannya,memahami suatu struktur secara detail,jawaban siswa,10.0
bahasa indonesia,sebutkan struktur teks anekdot dan jelaskan secara singkat setiap bagiannya,artefak orientasi,jawaban siswa,0.0
bahasa indonesia,sebutkan struktur teks anekdot dan jelaskan secara singkat setiap bagiannya,berisi tentang hiburan dan sedikit berisi tentang sindiran ublik,jawaban siswa,10.0
bahasa indonesia,sebutkan struktur teks anekdot dan jelaskan secara singkat setiap bagiannya,abstraksi pembuka orientasi mengenalkan kritik masalah reaksi penyelesaian koda penutupan,jawaban siswa,10.0
bahasa indonesia,sebutkan struktur teks anekdot dan jelaskan secara singkat setiap bagiannya,abraksi pembuka cerita orientasi mengenalkan situasi dan tokoh kritik masalah atau kejadian reaksi penyelesaian koda penutup pesan,jawaban siswa,10.0
bahasa indonesia,sebutkan struktur teks anekdot dan jelaskan secara singkat setiap bagiannya,abstraksi pembuka menarik prhatian pmbaca orientasi memberikan latar blkng cerita krisis mnjdi inti cerita reaksi penyelesaian koda penutup,jawaban siswa,10.0
bahasa indonesia,sebutkan struktur teks anekdot dan jelaskan secara singkat setiap bagiannya,objek menarik perhatian pembaca orientasi memberikan latar krisis membangun konflik reaksi memberikan belakang menyelesaikan,jawaban siswa,10.0
bahasa indonesia,sebutkan struktur teks anekdot dan jelaskan secara singkat setiap bagiannya,abstraksi pembuka cerita bagian awal yang memberikan gambaran umum orientasi bagian yang berfungsi untuk mengenalkan situasi reaksi tanggapan penyelesaian,jawaban siswa,10.0
bahasa indonesia,sebutkan struktur teks anekdot dan jelaskan secara singkat setiap bagiannya,abstraksi pembuka cerita orietasi mengenalkan situasi dan tokoh,jawaban siswa,10.0
bahasa indonesia,sebutkan struktur teks anekdot dan jelaskan secara singkat setiap bagiannya,abstraksi bagian pembuka yang memberi gambaran umum isi cerita biasanya untuk menarik perhatian prientasi bagian yang mengenalkan latar belakang seperti siapa tokohnya kapan dan dimana peristiwa terjadi krisis momen puncak konflik atau masalah yang membuat arti lucu dan reaksi tanggapan atau respon tokoh terhadap krisis seringkali disajikan dengan cara yang tidak terduga koda penutup cerita yang berisi kesimpulan pesan moral atau sindiran bagian bersikap opsional,jawaban siswa,10.0
bahasa indonesia,sebutkan struktur teks anekdot dan jelaskan secara singkat setiap bagiannya,abstrak gambaran umum orientasi menunjukkan latar belakang krisis puncak cerita yang berisi masala konflik reaksi tanggapan atau respon karakter krisis koda bagian penutup yang berisi kesimpulan,jawaban siswa,10.0
bahasa indonesia,sebutkan struktur teks anekdot dan jelaskan secara singkat setiap bagiannya,abstraksi permulaan orientasi koda kesimpulan,jawaban siswa,10.0
bahasa indonesia,sebutkan struktur teks anekdot dan jelaskan secara singkat setiap bagiannya,pembuka isi penutup,jawaban siswa,10.0
bahasa indonesia,sebutkan struktur teks anekdot dan jelaskan secara singkat setiap bagiannya,abstraksi gambaran krisis bagian inti,jawaban siswa,10.0
bahasa indonesia,sebutkan struktur teks anekdot dan jelaskan secara singkat setiap bagiannya,struktur teks anekdot abstrak orientasi pengenalan suatu kejadian krisis timbul masalah rekasi menyelesaikan masalah koda akhir cerita ending,jawaban siswa,10.0
bahasa indonesia,sebutkan struktur teks anekdot dan jelaskan secara singkat setiap bagiannya,abstrak pembuka dari sebuah cerita oreantasi menjelaskan latar tokoh dan situasi krisis bagian ini dari kejadian lucu koda penutup dari sebuah cerita,jawaban siswa,10.0
bahasa indonesia,sebutkan struktur teks anekdot dan jelaskan secara singkat setiap bagiannya,abstrak krisis koda orientasi rekasi,jawaban siswa,10.0
bahasa indonesia,sebutkan struktur umum hikayat dan jelaskan fungsi masing masing bagian,abstraksi orientasi famlikasi eramlikasi revolusi koda,jawaban siswa,5.0
bahasa indonesia,sebutkan struktur umum hikayat dan jelaskan fungsi masing masing bagian,toa,jawaban siswa,10.0
bahasa indonesia,sebutkan struktur umum hikayat dan jelaskan fungsi masing masing bagian,pengertian isi peristiwa penutup,jawaban siswa,10.0
bahasa indonesia,sebutkan struktur umum hikayat dan jelaskan fungsi masing masing bagian,tema tokoh alur latar amanat,jawaban siswa,10.0
bahasa indonesia,sebutkan struktur umum hikayat dan jelaskan fungsi masing masing bagian,abstraksi gambaran cerita orientasi latar cerita komplikasi bagian inti masalah evaluasi bagian pembenaran resolusi solusi dalam cerita koda penutup,jawaban siswa,10.0
bahasa indonesia,sebutkan struktur umum hikayat dan jelaskan fungsi masing masing bagian,tema tokoh alur latar alamat,jawaban siswa,0.0
bahasa indonesia,sebutkan struktur umum hikayat dan jelaskan fungsi masing masing bagian,abraksi areantasi kompinasi elavasi kode,jawaban siswa,10.0
bahasa indonesia,sebutkan struktur umum hikayat dan jelaskan fungsi masing masing bagian,struktur teks hikayat abstrak orientasi pengenalan tokoh komplikasi munculnya suatu masalah klimaks resolusi koda ending ddari cerita pendahuluan pembuka cerita peristiwa isi dari cerita penutup ending dari cerita,jawaban siswa,10.0
bahasa indonesia,sebutkan struktur umum hikayat dan jelaskan fungsi masing masing bagian,bahasa melayu lama karas dan sosok pahlawan,jawaban siswa,10.0
bahasa indonesia,sebutkan struktur umum hikayat dan jelaskan fungsi masing masing bagian,menjelaskan suatu penerima dan karya sastra lama,jawaban siswa,10.0
bahasa indonesia,sebutkan struktur umum hikayat dan jelaskan fungsi masing masing bagian,mengantar isi peristiwa penting,jawaban siswa,0.0
bahasa indonesia,sebutkan struktur umum hikayat dan jelaskan fungsi masing masing bagian,abstraksi orientasi komplikasi elaqsi koda,jawaban siswa,10.0
bahasa indonesia,sebutkan struktur umum hikayat dan jelaskan fungsi masing masing bagian,pendahuluan peristiwa penutup,jawaban kunci,10.0
bahasa indonesia,sebutkan struktur umum hikayat dan jelaskan fungsi masing masing bagian,objek orientasi pengenalan konplikasi konfik peristiwa resolusi penyelesaian kode penutupan,jawaban siswa,10.0
bahasa indonesia,sebutkan struktur umum hikayat dan jelaskan fungsi masing masing bagian,abstaksi gambaran cerita orientasi latas cerita komplikasi bagian inti masalah evaluasi bagian pembenaran resolusi solusi dalam cerita koda penutup,jawaban siswa,10.0
bahasa indonesia,sebutkan struktur umum hikayat dan jelaskan fungsi masing masing bagian,mengantar isi peristiwa penutup,jawaban siswa,10.0
bahasa indonesia,sebutkan struktur umum hikayat dan jelaskan fungsi masing masing bagian,eksposisi orientasi komplikasi permasalahan klimaks resolusi koda,jawaban siswa,0.0
bahasa indonesia,sebutkan struktur umum hikayat dan jelaskan fungsi masing masing bagian,pengantar isi pristiwa penutup,jawaban siswa,0.0
bahasa indonesia,sebutkan struktur umum hikayat dan jelaskan fungsi masing masing bagian,abstraksi oreantasi komplikasi evaluasi koda,jawaban siswa,10.0
bahasa indonesia,sebutkan struktur umum hikayat dan jelaskan fungsi masing masing bagian,mengantar isi pristiwa pneutup,jawaban siswa,10.0
bahasa indonesia,sebutkan struktur umum hikayat dan jelaskan fungsi masing masing bagian,abstraksi orientasi kompleks evatuasi,jawaban siswa,0.0
bahasa indonesia,sebutkan struktur umum hikayat dan jelaskan fungsi masing masing bagian,inspiratif,jawaban siswa,0.0
bahasa indonesia,sebutkan struktur umum hikayat dan jelaskan fungsi masing masing bagian,teks gambar karya sastra lama laporan hasil pesan atau nilai,jawaban siswa,10.0
bahasa indonesia,sebutkan struktur umum hikayat dan jelaskan fungsi masing masing bagian,abstraksi orientasi komplikasi evaluasi resolusi koda,jawaban siswa,8.0
bahasa indonesia,sebutkan struktur umum hikayat dan jelaskan fungsi masing masing bagian,abstraksi sebagai pembuka dari sebuah cerita oreantasi sebagai penjelasan latar tokoh dan situasi komflikasi sebagai permasalahan dari sebuah cerita evaluasi sebagai penyelesaian masalalu dari sebuah cerita koda sebagai penutup dari sebuah cerita,jawaban siswa,10.0
bahasa indonesia,sebutkan tiga ciri khas hikayat sebagai karya sastra lama,mengandung unsur khayal tokoh istimewa melayu klasik,jawaban siswa,0.0
bahasa indonesia,sebutkan tiga ciri khas hikayat sebagai karya sastra lama,mengandung unsur fantastis tokoh digambarkan luar biasa,jawaban siswa,0.0
bahasa indonesia,sebutkan tiga ciri khas hikayat sebagai karya sastra lama,mustahil istana sentris anonim menceritakan tentang tokoh pahalawan mengandung unsur metologi menyampaikan pesan moral,jawaban siswa,10.0
bahasa indonesia,sebutkan tiga ciri khas hikayat sebagai karya sastra lama,kemustahilan istana sentris anonim,jawaban siswa,10.0
bahasa indonesia,sebutkan tiga ciri khas hikayat sebagai karya sastra lama,pembuka pengantar penutup,jawaban siswa,10.0
bahasa indonesia,sebutkan tiga ciri khas hikayat sebagai karya sastra lama,adanya keajaiban tokohnya luar biasa,jawaban siswa,0.0
bahasa indonesia,sebutkan tiga ciri khas hikayat sebagai karya sastra lama,mengandung unsur fantastis bersifat turun temurun cerita berdasarkan kejadian,jawaban siswa,5.0
bahasa indonesia,sebutkan tiga ciri khas hikayat sebagai karya sastra lama,pesan moral kritikan atau nilai,jawaban siswa,10.0
bahasa indonesia,sebutkan tiga ciri khas hikayat sebagai karya sastra lama,bersifat istanasentris pralogis menggunakan bahasa melayu lama,jawaban siswa,10.0
bahasa indonesia,sebutkan tiga ciri khas hikayat sebagai karya sastra lama,bersifat intanosantris tidak logis staris logis,jawaban siswa,10.0
bahasa indonesia,sebutkan tiga ciri utama dari teks laporan hasil observasi,menjaga toleransi menolong dan membantu orang sakit,jawaban siswa,10.0
bahasa indonesia,sebutkan tiga ciri utama dari teks laporan hasil observasi,brsifat faktual bersifat objektif disajikan scara sistematis,jawaban siswa,10.0
bahasa indonesia,sebutkan tiga ciri utama dari teks laporan hasil observasi,berisi pembahasan tentang suatu objek disusun secara sistematis terdapat perincian bagian suatu objek,jawaban siswa,10.0
bahasa indonesia,sebutkan tiga ciri utama dari teks laporan hasil observasi,bersifat objek faktual menggunakan bahasa baku dan jelas,jawaban siswa,10.0
bahasa indonesia,sebutkan tiga ciri utama dari teks laporan hasil observasi,bersifat objektif disusun sistematis ditulis berdasarkan fakta,jawaban siswa,10.0
bahasa indonesia,sebutkan tiga ciri utama dari teks laporan hasil observasi,abstraksi,jawaban siswa,10.0
bahasa indonesia,sebutkan tiga ciri utama dari teks laporan hasil observasi,bersifat objek data faktual menggunakan bahasa baku dan jelas,jawaban siswa,10.0
bahasa indonesia,sebutkan tiga ciri utama dari teks laporan hasil observasi,deskripsi nya bersetep berurut berdeskripsi jelas menunjukan cara tutorial,jawaban siswa,10.0
bahasa indonesia,sebutkan tiga ciri utama dari teks laporan hasil observasi,lucu meggelitik,jawaban siswa,10.0
bahasa indonesia,sebutkan tiga ciri utama dari teks laporan hasil observasi,objektif sistematis kontrenatif,jawaban siswa,5.0
bahasa indonesia,sebutkan tiga ciri utama dari teks laporan hasil observasi,bersifat objektif data virtual dan menggunakan bahasa baku,jawaban siswa,10.0
bahasa indonesia,sebutkan tiga ciri utama dari teks laporan hasil observasi,bersifat faktual objektif sistematis,jawaban siswa,10.0
bahasa indonesia,sebutkan tiga ciri utama dari teks laporan hasil observasi,menggunakan bahasa yang baku menggunakan cara yang sistematis pembahasan,jawaban siswa,10.0
bahasa indonesia,sebutkan tiga ciri utama dari teks laporan hasil observasi,fakta teratur dan menggunakan bahasa baku,jawaban siswa,10.0
bahasa indonesia,sebutkan tiga ciri utama dari teks laporan hasil observasi,bersifat objektif penyusunan teks nya sistematis dan berdasarkan fakta hasil pengamatan,jawaban siswa,10.0
bahasa indonesia,sebutkan tiga ciri utama dari teks laporan hasil observasi,bersifat objektif berdasarkan fakta disusun secara sistematis,jawaban siswa,10.0
bahasa indonesia,sebutkan tiga ciri utama dari teks laporan hasil observasi,faktual objektif menggunakan bahasa baku,jawaban kunci,10.0
bahasa indonesia,sebutkan tiga ciri utama dari teks laporan hasil observasi,tujuan untuk mendaat informasi berisi fakta menggunakan bahasa baku,jawaban siswa,10.0
bahasa indonesia,sebutkan tiga ciri utama dari teks laporan hasil observasi,berisi fakta menggunakan bahasa baku disusun teratur dan jelas,jawaban siswa,10.0
bahasa indonesia,sebutkan tiga ciri utama dari teks laporan hasil observasi,kata pembuka kata pentup tokoh tempat waktu,jawaban siswa,10.0
bahasa indonesia,sebutkan tiga ciri utama dari teks laporan hasil observasi,ciri utama teks lho disusun secara struktur menggunakan bahasa baku dan ilmiah bersifat objektif,jawaban siswa,10.0
bahasa indonesia,sebutkan tiga ciri utama dari teks laporan hasil observasi,dimana kapan dan siapa,jawaban siswa,0.0
bahasa indonesia,sebutkan tiga ciri utama dari teks laporan hasil observasi,bahasa baku dan ilmiah fokus pada objek tunggal,jawaban siswa,10.0
bahasa indonesia,sebutkan tiga ciri utama dari teks laporan hasil observasi,fakta teratur dan jelas bahasa baku,jawaban siswa,10.0
bahasa indonesia,sebutkan tiga ciri utama dari teks laporan hasil observasi,berdasarkan faktan dan pengamatan langsung struktur terorganisir dan sistematis bahasa jelas tegas dan objektif,jawaban siswa,10.0
bahasa indonesia,sebutkan tiga ciri utama dari teks laporan hasil observasi,bersifat sistematis pembahasan bahasa baku,jawaban siswa,10.0
ipas,air yang membeku menjadi es sering dikatakan berubah menjadi zat baru karena bentuknya berbeda jelaskan berdasarkan konsep perubahan zat,perubahan fisika karena dari cair menjadi padat karena penurunan suhu,jawaban siswa,10.0
ipas,air yang membeku menjadi es sering dikatakan berubah menjadi zat baru karena bentuknya berbeda jelaskan berdasarkan konsep perubahan zat,air yang berubah menjadi es batu karena dibekukan yang biasnya ditaruh didalam kulkas yaitu perubahan zat cair menjadi zat padat,jawaban siswa,10.0
ipas,air yang membeku menjadi es sering dikatakan berubah menjadi zat baru karena bentuknya berbeda jelaskan berdasarkan konsep perubahan zat,karena dari air yang cair menjadi es yang beku ini terjadi karena perubahan fisika,jawaban siswa,10.0
ipas,air yang membeku menjadi es sering dikatakan berubah menjadi zat baru karena bentuknya berbeda jelaskan berdasarkan konsep perubahan zat,zat cair menjadi padat,jawaban siswa,0.0
ipas,air yang membeku menjadi es sering dikatakan berubah menjadi zat baru karena bentuknya berbeda jelaskan berdasarkan konsep perubahan zat,air yang membeku jadi es disebabkan adanya perubahan kimia yang ditaruh di kulkas dengna suhu dingin tinggi,jawaban siswa,0.0
ipas,air yang membeku menjadi es sering dikatakan berubah menjadi zat baru karena bentuknya berbeda jelaskan berdasarkan konsep perubahan zat,karena air yang membeku berubah menjadi padat,jawaban siswa,10.0
ipas,air yang membeku menjadi es sering dikatakan berubah menjadi zat baru karena bentuknya berbeda jelaskan berdasarkan konsep perubahan zat,perubahan es menjadi air itu dikarenakan dari suhu ruang atau dipanaskan es yang dipanaskan akan melelh dan menjadi air air jika dipanaskan lebih lama akan menjadi gas,jawaban siswa,10.0
ipas,air yang membeku menjadi es sering dikatakan berubah menjadi zat baru karena bentuknya berbeda jelaskan berdasarkan konsep perubahan zat,air yang membeku menjadi es itu merupakan perubahan fisika yang tidak menghasilkan zat baru air yang masuk kedalam freezer akan membeku karna hawa dingin didalam proses ini merubah bentuk dari cair menjadi padat tanpa zat baru sedangkan jika menghasilkan zat baru itu contohnya seperti pembakaran kayu lilin dan lain lain proses pembekuan ini hanya meruah bentuk saja tannpa menghasilkan zat baru,jawaban siswa,10.0
ipas,air yang membeku menjadi es sering dikatakan berubah menjadi zat baru karena bentuknya berbeda jelaskan berdasarkan konsep perubahan zat,pembekuan air adalah perubahan fisika akrena hanya perubahan wujud dari cair menjadi padat zat tersebut tetap air perubahan bentuk tidak selalu menghasilkan zat baru,jawaban siswa,10.0
ipas,air yang membeku menjadi es sering dikatakan berubah menjadi zat baru karena bentuknya berbeda jelaskan berdasarkan konsep perubahan zat,perubahan zat cair menjadi zat padat,jawaban siswa,0.0
ipas,air yang membeku menjadi es sering dikatakan berubah menjadi zat baru karena bentuknya berbeda jelaskan berdasarkan konsep perubahan zat,karena air memiliki masa menempati ruang,jawaban siswa,0.0
ipas,air yang membeku menjadi es sering dikatakan berubah menjadi zat baru karena bentuknya berbeda jelaskan berdasarkan konsep perubahan zat,membeku adalah perubahan wujud zat cair menjadi padat tetapi tidak menimbulkan zat baru dan termasuk perubahan fisika,jawaban siswa,10.0
ipas,air yang membeku menjadi es sering dikatakan berubah menjadi zat baru karena bentuknya berbeda jelaskan berdasarkan konsep perubahan zat,air yang membeku menjadi es itu merupakan perubahan fisika karena dia itu tidak menghasilkan zat baru membeku itu bukanlah perubahan kimia melainkan perubahan fisika karena diperubahan kimia tidak ada yang namanya membeku,jawaban siswa,10.0
ipas,air yang membeku menjadi es sering dikatakan berubah menjadi zat baru karena bentuknya berbeda jelaskan berdasarkan konsep perubahan zat,pembekuan air adalah perubahan dari cair menjadi padat karena suhu rendah tidak berbentuk zat baru hanya berubah wujud ini termasuk perubahan fisika,jawaban siswa,10.0
ipas,air yang membeku menjadi es sering dikatakan berubah menjadi zat baru karena bentuknya berbeda jelaskan berdasarkan konsep perubahan zat,pembekuan air merupakan perubahan fisika karena hanya terjadi perubahan wujud tanpa pembentukan zat baru oleh karena itu perubahan wujud tidak selalu dinamakan perubahan kimia,jawaban siswa,10.0
ipas,air yang membeku menjadi es sering dikatakan berubah menjadi zat baru karena bentuknya berbeda jelaskan berdasarkan konsep perubahan zat,fisika karena hanya berubah wujud,jawaban siswa,10.0
ipas,air yang membeku menjadi es sering dikatakan berubah menjadi zat baru karena bentuknya berbeda jelaskan berdasarkan konsep perubahan zat,pembekuan air adalah perubahan fisika karena hanya berubah wujud dari cair menjadi padat,jawaban siswa,10.0
ipas,air yang membeku menjadi es sering dikatakan berubah menjadi zat baru karena bentuknya berbeda jelaskan berdasarkan konsep perubahan zat,karena ya kita kalau menaruh es batu lalu didiamkan sampai meleleh dia akan ada perubahan,jawaban siswa,0.0
ipas,air yang membeku menjadi es sering dikatakan berubah menjadi zat baru karena bentuknya berbeda jelaskan berdasarkan konsep perubahan zat,pembekuan adalan transisi fase dari cair menjadi padat karena adanya proses pembekuan,jawaban siswa,10.0
ipas,air yang membeku menjadi es sering dikatakan berubah menjadi zat baru karena bentuknya berbeda jelaskan berdasarkan konsep perubahan zat,pembekuan air terjadi ketika suhu air diturunkan sehingga berubah menjadi padat es,jawaban siswa,10.0
ipas,air yang membeku menjadi es sering dikatakan berubah menjadi zat baru karena bentuknya berbeda jelaskan berdasarkan konsep perubahan zat,yaitu perubahan yang terjadi pada es tersebut yaitu dari padat menjadi cair,jawaban siswa,5.0
ipas,air yang membeku menjadi es sering dikatakan berubah menjadi zat baru karena bentuknya berbeda jelaskan berdasarkan konsep perubahan zat,fisika,jawaban siswa,0.0
ipas,air yang membeku menjadi es sering dikatakan berubah menjadi zat baru karena bentuknya berbeda jelaskan berdasarkan konsep perubahan zat,iya karena air yang membeku menjadi es itu termasuk perubahan yang menghasilkan zat baru melalui komposisi,jawaban siswa,10.0
ipas,air yang membeku menjadi es sering dikatakan berubah menjadi zat baru karena bentuknya berbeda jelaskan berdasarkan konsep perubahan zat,klasik dari perubahan proses ini terjadi ketika air cair melepaskan energi panas kalor suhu dibawah derajat c merubahnya menjadi es batu,jawaban siswa,10.0
ipas,air yang membeku menjadi es sering dikatakan berubah menjadi zat baru karena bentuknya berbeda jelaskan berdasarkan konsep perubahan zat,di karenakan pada saat sebelum beku air masih cair pada saat suhu mulai di naikan perubahan dikit demi sedikit menjadikan air tersebut menjadi zat padat,jawaban siswa,0.0
ipas,air yang membeku menjadi es sering dikatakan berubah menjadi zat baru karena bentuknya berbeda jelaskan berdasarkan konsep perubahan zat,zat cair ke zat padat,jawaban siswa,0.0
ipas,air yang membeku menjadi es sering dikatakan berubah menjadi zat baru karena bentuknya berbeda jelaskan berdasarkan konsep perubahan zat,air yang membeku menjadi es sering dikatain berubah menjadi zat baru karena konsep perubah zat tersebut adalah perubahan fisika air yang awalnya cair menjadi beku atau padat,jawaban siswa,10.0
ipas,air yang membeku menjadi es sering dikatakan berubah menjadi zat baru karena bentuknya berbeda jelaskan berdasarkan konsep perubahan zat,dari situ mengalami perubahan zat mengkristal karena dari air yang dingin terkena suhu yang sangat dingin sekali akan mengalami perubahan,jawaban siswa,10.0
ipas,air yang membeku menjadi es sering dikatakan berubah menjadi zat baru karena bentuknya berbeda jelaskan berdasarkan konsep perubahan zat,peristiwa perubahan wujud dari cair menjadi padat es karena penurunan suhu perubahan wujud tanpa pembentukan zat baru sehingga tidak menghasilkan zat baru perubahan fisika,jawaban siswa,10.0
ipas,air yang membeku menjadi es sering dikatakan berubah menjadi zat baru karena bentuknya berbeda jelaskan berdasarkan konsep perubahan zat,perubahan fisika,jawaban siswa,0.0
ipas,air yang membeku menjadi es sering dikatakan berubah menjadi zat baru karena bentuknya berbeda jelaskan berdasarkan konsep perubahan zat,air yang membeku jadi es disebabkan karena adanya perubahan kimia yang ditaruh di kulkas dengan suhu dingin tinggi,jawaban siswa,0.0
ipas,apa perbedaan antara perubahan fisika dan perubahan kimia berikan masing masing dua contoh dalam kehidupan sehari hari,perubahan fisika perubahan yang tidak menghasilkan zat baru hanya akan terjadi perubahan wujud contoh saat orang menggiling beras dan menjadi tepung air dimasukan kulkas menjadi beku perubahan kimia perubahan yang bisa menghasilkan zat baru contoh paku yang dibiarkan lama akan berkarat pembusukan buah buahan yang dibiarkan lama,jawaban siswa,10.0
ipas,apa perbedaan antara perubahan fisika dan perubahan kimia berikan masing masing dua contoh dalam kehidupan sehari hari,perubahan fisika tidak menghasilkan zat baru,jawaban siswa,5.0
ipas,apa perbedaan antara perubahan fisika dan perubahan kimia berikan masing masing dua contoh dalam kehidupan sehari hari,perubahan fisika tidak menghasilkan zat baru dan bisa kembali seperti semula contoh es batu mencair perubahan kimia menghasilkan zat baru dan sulit kembali seperti semula contoh besi berkarat dan buah yang membusuk,jawaban siswa,10.0
ipas,apa perbedaan antara perubahan fisika dan perubahan kimia berikan masing masing dua contoh dalam kehidupan sehari hari,perubahan fisika tidak menghasilkan zat baru contoh es batu perubahan kimia menghasilkan zat baru contoh kayu yang dibakar besi berkarat,jawaban siswa,10.0
ipas,apa perbedaan antara perubahan fisika dan perubahan kimia berikan masing masing dua contoh dalam kehidupan sehari hari,contoh perubahan kimia adalah pakan ternak yang membusuk contoh perubahan fisika adalah es batu yang mencair dan lilin yang meleleh,jawaban siswa,5.0
ipas,apa perbedaan antara perubahan fisika dan perubahan kimia berikan masing masing dua contoh dalam kehidupan sehari hari,perubahan fisika tidak menghasilkan zat baru contoh es batu yang mencair perubahan kimia menghasilkan zat baru contoh kayu yang dibakar dan besi berkarat,jawaban siswa,10.0
ipas,apa perbedaan antara perubahan fisika dan perubahan kimia berikan masing masing dua contoh dalam kehidupan sehari hari,perubahan fisika merupakan sifat yang dapat diukur dan diteliti tanpa mmengubah komposisi atau susunan zat contohnya kelarutan seperti minuman perubahan kimia merupakan zat untuk mengalami perubahan dan membentuk zat baru contohnya membakar sampah di depan rumah,jawaban siswa,10.0
ipas,apa perbedaan antara perubahan fisika dan perubahan kimia berikan masing masing dua contoh dalam kehidupan sehari hari,fisika akibat aktivitas mikroorganisme bakteri jamur atau reaksi enzimatis yang menurunkan nilai nutrisi pakan proses ini ditandai dengan terbentuknya zat zat baru yang merugikan hasil samping pembusukan dan hilangnya komponen nutrisi yang berguna kimia menghasilkan zat baru dengan sifat berbeda melalui reaksi kimia seringkali tidak dapat kembali,jawaban siswa,10.0
ipas,apa perbedaan antara perubahan fisika dan perubahan kimia berikan masing masing dua contoh dalam kehidupan sehari hari,fisika tidak menghasilkan zat baru hanya berubah bentuk atau wujud contoh es mencair dan kertas disobek kimia merupakan zat yang menghasilkan zat baru contoh besi berkarat dan kayu dibakar,jawaban siswa,10.0
ipas,apa perbedaan antara perubahan fisika dan perubahan kimia berikan masing masing dua contoh dalam kehidupan sehari hari,perubahan kimia merupakan perubahan yang dapat kembali ke wujud aslinya sedangkan perubahan fisika dapt kembali ke wujud aslinya contoh kimia kertas yang dibakar contoh fisika es batu yang meleleh menjadi cair dan lilin yang meleleh,jawaban siswa,5.0
ipas,apa perbedaan antara perubahan fisika dan perubahan kimia berikan masing masing dua contoh dalam kehidupan sehari hari,perubahan fisika merupakan benda padat menjadi cair contoh es yang meleleh perubahan kimia merupakan yang menghasilkan zat baru contoh membakar kertas,jawaban siswa,10.0
ipas,apa perbedaan antara perubahan fisika dan perubahan kimia berikan masing masing dua contoh dalam kehidupan sehari hari,perubahan fisika tidak menghasilkan zat baru hanya berubah bentuk ukuran dan wujud contoh es menjadi cair lilin mencair jika dipanaskan perubahan kimia menghasilkan zat baru dan sifat berubah permanen contoh kayu dibakar menjadi abu besi berkarat yang berubah warna menjadi coklat kemerahan,jawaban siswa,10.0
ipas,apa perbedaan antara perubahan fisika dan perubahan kimia berikan masing masing dua contoh dalam kehidupan sehari hari,perubahan fisika tidak ada campuran kimia,jawaban siswa,0.0
ipas,apa perbedaan antara perubahan fisika dan perubahan kimia berikan masing masing dua contoh dalam kehidupan sehari hari,perubahan fisika merupakan perubahan yang dengan sendirinya kimia merupakan perubahan yang dengan adanya campur tangan manusia,jawaban siswa,10.0
ipas,apa perbedaan antara perubahan fisika dan perubahan kimia berikan masing masing dua contoh dalam kehidupan sehari hari,perbedannya adalah perubahan dua jenis materi yang berbeda secara mendasar contoh perubahan fisika es batu mencair gula larut dalam air contoh perubahan kimia besi berkarat susu menjadi yogurt,jawaban siswa,10.0
ipas,apa perbedaan antara perubahan fisika dan perubahan kimia berikan masing masing dua contoh dalam kehidupan sehari hari,perubahan fisika merupakan perubahan yang tidak menghasilkan zat baru hanya berubah ukuran bentuk dan wujud zat contoh es mencair dan kertas dipotong perubahan kimia merupakan perubahan yang dapat menghasilkan zat baru dengan kompsisi yaitu berbeda dengan zat sebelumnya contoh kayu terbakar dan besi berkarat,jawaban siswa,10.0
ipas,apa perbedaan antara perubahan fisika dan perubahan kimia berikan masing masing dua contoh dalam kehidupan sehari hari,perubahan fisika yaitu perubahan yang tidak menghasilkan zat baru contoh es batu dan gula yang mencair,jawaban siswa,10.0
ipas,apa perbedaan antara perubahan fisika dan perubahan kimia berikan masing masing dua contoh dalam kehidupan sehari hari,perubahan fisika merupakan perubahan yang hanya mengubah bentuk wujud tanpa menghasilkan zat baru sedangkan perubahan kimia adalah perubahan yang menghasilkan zat baru umumnya bersifat permanen,jawaban siswa,10.0
ipas,apa perbedaan antara perubahan fisika dan perubahan kimia berikan masing masing dua contoh dalam kehidupan sehari hari,perubahan fisika tidak menghasilkan zat baru hanya berubah bentuk contoh es batu yang mencair perubahan kimia menghasilkan zat baru contoh besi berkarat dan kayu dibakar,jawaban siswa,10.0
ipas,apa perbedaan antara perubahan fisika dan perubahan kimia berikan masing masing dua contoh dalam kehidupan sehari hari,perubahan fisika merupakan perubahan yang tidak menghasilkan zat baru perubahan kimia merupakan perubahan yang menghasilkan zat baru,jawaban siswa,5.0
ipas,apa perbedaan antara perubahan fisika dan perubahan kimia berikan masing masing dua contoh dalam kehidupan sehari hari,perubahan fisika merupakan perubahan yang tidak menghasilkan zat baru hanya terjadi bentuk zat contoh es mencair gula larut menguap perubahan kimia merupakan perubahan yang menghasilkan zat baru dengan komposisi empat sifat yang berbeda dari zat lainnya contoh pembakaran kayu besi berkarat,jawaban siswa,10.0
ipas,apa perbedaan antara perubahan fisika dan perubahan kimia berikan masing masing dua contoh dalam kehidupan sehari hari,perubahan fisika yaitu perubahan suatu benda padat bisa mencair contoh es batu perubahan kimia yaitu perubahan yang menghasilkan zat baru bukan hanya perubahan wujud contohnya tape dan yogurt,jawaban siswa,10.0
ipas,apa perbedaan antara perubahan fisika dan perubahan kimia berikan masing masing dua contoh dalam kehidupan sehari hari,fisika menggunakan pikiran contohnya mau berangkat sekolah dan bermain main di lingkungan rumah kimia adalah perkara yang bisa berubah contohnya memberi makan peliharaan dan mengasih atau berganti pakaian atau perkara yang busuk,jawaban siswa,0.0
ipas,apa perbedaan antara perubahan fisika dan perubahan kimia berikan masing masing dua contoh dalam kehidupan sehari hari,perubahan kimia adalah perubahan yang,jawaban siswa,0.0
ipas,apa perbedaan antara perubahan fisika dan perubahan kimia berikan masing masing dua contoh dalam kehidupan sehari hari,perubahan fisika adalah perubahan yang hanya merubah bentuk atau wujud tanpa enghasilkan zat baru contoh es mencair perubahan kimia adalah perubahan yang menghasilkan zat dengan sifat yang berbeda dengan zat asalnya contoh besi berkarat,jawaban siswa,10.0
ipas,apa perbedaan antara perubahan fisika dan perubahan kimia berikan masing masing dua contoh dalam kehidupan sehari hari,perubahan fisika adalah perubahan yang tidak menghasilkan zat baru hanya terjadi perubahan wujud atau bentuk zat contoh es krim mencair pada suhu lebih tinggi perubahan padat menjadi cair lilin yang mencair saat dipanaskan perubahan kimia adalah perubahan yang menghasilkan zat baru dengan komposisi sifat yang berbeda dari aslanya contoh kayu yang mengalami pembakaran yang berubah menjadi abu kertas yang dibakar menghasilkan zat baru yang tidak dapat kembali ke wujud kertas,jawaban siswa,10.0
ipas,apa perbedaan antara perubahan fisika dan perubahan kimia berikan masing masing dua contoh dalam kehidupan sehari hari,fisika memengaruhi perubahan bentuk kimia memengaruhi perubahan sifat warna dan reaksi,jawaban siswa,0.0
ipas,apa perbedaan antara perubahan fisika dan perubahan kimia berikan masing masing dua contoh dalam kehidupan sehari hari,oerubahan fisika bisa kembali semula sedangkan ilimiah tidak bisa,jawaban siswa,0.0
ipas,apa perbedaan antara perubahan fisika dan perubahan kimia berikan masing masing dua contoh dalam kehidupan sehari hari,perubahan kimia adalah perubahan bentuk suatu zat contoh kayu dibakar dengan api api membakar kayu menjadi arang perubahan fisika merupakan bentuk perubahan yang tidak merubah bentuk zat contoh air yang diletakkan didalam wadah lalu dipindahkan ke dalam wadah lain maka bentuk air akan tetap cair dan mengikuti bentuk wadah tersebut,jawaban siswa,10.0
ipas,apa perbedaan antara perubahan fisika dan perubahan kimia berikan masing masing dua contoh dalam kehidupan sehari hari,perubahan fisika tidak menghasilkan zat baru hanya berubah bentuk atau wujud contoh es mencair air menguap kertas disobek perubahan kimia menghasilkan zat baru dengan sifat berbeda contoh kayu terbakar besi berkarat makanan membusuk,jawaban siswa,10.0
ipas,apa perbedaan antara perubahan fisika dan perubahan kimia berikan masing masing dua contoh dalam kehidupan sehari hari,fisika tidak menghasilkan zat baru contoh lilin yang meleleh sedangkan kimia menghasilkan zat baru dengan sifat yang berbeda cobtoh kertas terbakar,jawaban siswa,10.0
ipas,apa perbedaan antara perubahan fisika dan perubahan kimia berikan masing masing dua contoh dalam kehidupan sehari hari,fisika sifat yang dapat diukur dan diteliti tanpa mengubah komposisi atau susunan zat contoh es batu menjadi air air menjadi es batu kimia kemampuan suatu zat untuk mengalami perubahan dan membentuk zat baru contoh nasi busuk sampah di bakar,jawaban siswa,10.0
ipas,apa perbedaan antara perubahan fisika dan perubahan kimia berikan masing masing dua contoh dalam kehidupan sehari hari,perubahan fisika merupakan perubahan yang dapat mengubah bentuk ukuran atau wujud benda tanpa menghasilkan zat contohnya es batu yang mencair garam yang larut dalam air perubahan kimia merupakan perubahan yang menghasilkan zat baru dengan sifat berbeda contohnya besi berkarat dan kertas dibakar,jawaban siswa,10.0
ipas,apa perbedaan antara perubahan fisika dan perubahan kimia berikan masing masing dua contoh dalam kehidupan sehari hari,perubahan fisika umumnya bisa kembali ke semula sedangkan perubahan kimia tidak contoh fisika es batu mencair yaitu es berubah wujud dari padat menjadi cair contoh kimia kertas yang dibakar menjadi abu asap dan gas yang tidak bisa kembali menjadi kertas,jawaban siswa,10.0
ipas,gula yang dilarutkan dalam air tidak terlihat lagi bentuk aslinya apakah gula tersebut hilang atau berubah menjadi zat baru jelaskan berdasarkan jenis perubahannya,gula itu akan membentuk zat baru dan akan mencair tercampur dengan air tidak kelihatan tetapi air itu akan manis sebab terjadinya perubahan zat fisika,jawaban siswa,10.0
ipas,gula yang dilarutkan dalam air tidak terlihat lagi bentuk aslinya apakah gula tersebut hilang atau berubah menjadi zat baru jelaskan berdasarkan jenis perubahannya,perubahan fisika,jawaban siswa,0.0
ipas,gula yang dilarutkan dalam air tidak terlihat lagi bentuk aslinya apakah gula tersebut hilang atau berubah menjadi zat baru jelaskan berdasarkan jenis perubahannya,gula mengalami perubahan zat padat menjadi cair dari perubahan tersebut sudah menghilangkan bentuk gula tersebut tapi gula yang mencair tidak hilang cuma berubah bentuk,jawaban siswa,10.0
ipas,gula yang dilarutkan dalam air tidak terlihat lagi bentuk aslinya apakah gula tersebut hilang atau berubah menjadi zat baru jelaskan berdasarkan jenis perubahannya,pelarutan gula dalam air merupakan perubahan fisika karena tidak menghasilkan zat baru partikel gula tetap ada hanya menyebar merata di antara partikel air sehingga membentuk larutan homogen,jawaban siswa,10.0
ipas,gula yang dilarutkan dalam air tidak terlihat lagi bentuk aslinya apakah gula tersebut hilang atau berubah menjadi zat baru jelaskan berdasarkan jenis perubahannya,ya karena gula tersebut akan tersebar merata dipartikel air,jawaban siswa,0.0
ipas,gula yang dilarutkan dalam air tidak terlihat lagi bentuk aslinya apakah gula tersebut hilang atau berubah menjadi zat baru jelaskan berdasarkan jenis perubahannya,tidak melainkan dia berubah menjadi cair jenis perubahan tersebut adalah perubahan fisika karena termasuk perubahan yang tidak menghasilkan zat baru,jawaban siswa,10.0
ipas,gula yang dilarutkan dalam air tidak terlihat lagi bentuk aslinya apakah gula tersebut hilang atau berubah menjadi zat baru jelaskan berdasarkan jenis perubahannya,gula yang awalnya padat bisa mencair karena dipanaskan dan menjadi zat cair,jawaban siswa,0.0
ipas,gula yang dilarutkan dalam air tidak terlihat lagi bentuk aslinya apakah gula tersebut hilang atau berubah menjadi zat baru jelaskan berdasarkan jenis perubahannya,gula yang dilarutkan dalam air akan mencair yaitu perubahan zat padat menjadi zat cair,jawaban siswa,0.0
ipas,gula yang dilarutkan dalam air tidak terlihat lagi bentuk aslinya apakah gula tersebut hilang atau berubah menjadi zat baru jelaskan berdasarkan jenis perubahannya,perubahan zat kimia,jawaban siswa,0.0
ipas,gula yang dilarutkan dalam air tidak terlihat lagi bentuk aslinya apakah gula tersebut hilang atau berubah menjadi zat baru jelaskan berdasarkan jenis perubahannya,gula akan terurai oleh air dan akan menyatu dengan air merupakan perubahan fisika,jawaban siswa,10.0
ipas,gula yang dilarutkan dalam air tidak terlihat lagi bentuk aslinya apakah gula tersebut hilang atau berubah menjadi zat baru jelaskan berdasarkan jenis perubahannya,perubahan fisika karena tidak menghasilkan zat baru,jawaban siswa,0.0
ipas,gula yang dilarutkan dalam air tidak terlihat lagi bentuk aslinya apakah gula tersebut hilang atau berubah menjadi zat baru jelaskan berdasarkan jenis perubahannya,berubah menjadi zat cair karena dilarutkan,jawaban siswa,0.0
ipas,gula yang dilarutkan dalam air tidak terlihat lagi bentuk aslinya apakah gula tersebut hilang atau berubah menjadi zat baru jelaskan berdasarkan jenis perubahannya,gula akan menjadi zat cair,jawaban siswa,0.0
ipas,gula yang dilarutkan dalam air tidak terlihat lagi bentuk aslinya apakah gula tersebut hilang atau berubah menjadi zat baru jelaskan berdasarkan jenis perubahannya,perubahan fisika karena gula dalam air akan membentuk larutan gula secara fisik gula berubah dari bentuk padat menjadi larut dan tidak ada perubahan zat baru tetapi hanya perubahan wujud,jawaban siswa,5.0
ipas,gula yang dilarutkan dalam air tidak terlihat lagi bentuk aslinya apakah gula tersebut hilang atau berubah menjadi zat baru jelaskan berdasarkan jenis perubahannya,pelarutan gula adalah perubahan fisika karena tidak menghasilkan zat baru partikel gula hanya menyebar diantara partikel air dan masih bisa dipisahkan kembali misal dengan penguapan,jawaban siswa,10.0
ipas,gula yang dilarutkan dalam air tidak terlihat lagi bentuk aslinya apakah gula tersebut hilang atau berubah menjadi zat baru jelaskan berdasarkan jenis perubahannya,gula itu akan membentuk zat baru,jawaban siswa,0.0
ipas,gula yang dilarutkan dalam air tidak terlihat lagi bentuk aslinya apakah gula tersebut hilang atau berubah menjadi zat baru jelaskan berdasarkan jenis perubahannya,pelarutan gula dalam air merupakan perubahan fisika karena tidak menghasilkan zat baru partikel gula tetap ada hanya menyebar merata dengan partikel air,jawaban siswa,10.0
ipas,gula yang dilarutkan dalam air tidak terlihat lagi bentuk aslinya apakah gula tersebut hilang atau berubah menjadi zat baru jelaskan berdasarkan jenis perubahannya,tidak hilang dan tidak berubah menjadi zat baru proses ini dinamakan perubahan fisika yaitu pelarutan dan hanya mengubah bentuk wujud dan penampilan fisiknya,jawaban siswa,10.0
ipas,gula yang dilarutkan dalam air tidak terlihat lagi bentuk aslinya apakah gula tersebut hilang atau berubah menjadi zat baru jelaskan berdasarkan jenis perubahannya,gula bisa dikatakan zat cair dikarenakan bisa meleleh maupun mencair pada saat terkena panas maupun air,jawaban siswa,10.0
ipas,gula yang dilarutkan dalam air tidak terlihat lagi bentuk aslinya apakah gula tersebut hilang atau berubah menjadi zat baru jelaskan berdasarkan jenis perubahannya,gula yang dilarutkan dalam air ini hilang karena ini termasuk perubahan fisika yang dimana perubahannya tidak menghasilkan zat baru akan tetapi terjadinya bentuk zat,jawaban siswa,5.0
ipas,gula yang dilarutkan dalam air tidak terlihat lagi bentuk aslinya apakah gula tersebut hilang atau berubah menjadi zat baru jelaskan berdasarkan jenis perubahannya,gula tersebut menjadi zat baru karena mengalami perubahan zat fisika dimana yang awalnya padat menjadi cair ketika dilarutkan,jawaban siswa,0.0
ipas,gula yang dilarutkan dalam air tidak terlihat lagi bentuk aslinya apakah gula tersebut hilang atau berubah menjadi zat baru jelaskan berdasarkan jenis perubahannya,gula yang dilarutkan dalam air tidak terlihat lagi bentuk aslinya berdasarkan jenis perubahan fisika,jawaban siswa,10.0
ipas,gula yang dilarutkan dalam air tidak terlihat lagi bentuk aslinya apakah gula tersebut hilang atau berubah menjadi zat baru jelaskan berdasarkan jenis perubahannya,pelarutan gula dalam air merupakan perubahan fisika karena tidak menghasilkan zat baru gula hanya berubah bentuk menjadi partikel yang lebih kecil dan tercampur dalam air gula masih dapat diperoleh melalui penguapan air,jawaban siswa,10.0
ipas,gula yang dilarutkan dalam air tidak terlihat lagi bentuk aslinya apakah gula tersebut hilang atau berubah menjadi zat baru jelaskan berdasarkan jenis perubahannya,berubah menjadi zat baru yitu zat cair karena gula yang pertama kasar terus kena air menjadi cair dan warnanya berubah,jawaban siswa,0.0
ipas,gula yang dilarutkan dalam air tidak terlihat lagi bentuk aslinya apakah gula tersebut hilang atau berubah menjadi zat baru jelaskan berdasarkan jenis perubahannya,pelarutan gula dalam air termasuk perubahan fisika bukan perubahan kimia tetapi hanya tersebar merata ke dalam air karena tidak terbentuk zat baru dalam proses tersebut saat dilarutkan gula tidak berubah menjadi zat lain tetapi hanya tersebar merata kedalam air bahwa tidak ada terjadi pembentukan zat baru,jawaban siswa,10.0
ipas,gula yang dilarutkan dalam air tidak terlihat lagi bentuk aslinya apakah gula tersebut hilang atau berubah menjadi zat baru jelaskan berdasarkan jenis perubahannya,gula menjadi cair atau berubah menjadi zat baru,jawaban siswa,0.0
ipas,gula yang dilarutkan dalam air tidak terlihat lagi bentuk aslinya apakah gula tersebut hilang atau berubah menjadi zat baru jelaskan berdasarkan jenis perubahannya,gula tersebut meleleh atau larut tentunya gula akan hilang atau berubah gula tersebut berubah menjadi zat baru karena awalnya dia berbentuk kering menjadi leleh ini termasuk perubahan fisika,jawaban siswa,10.0
ipas,gula yang dilarutkan dalam air tidak terlihat lagi bentuk aslinya apakah gula tersebut hilang atau berubah menjadi zat baru jelaskan berdasarkan jenis perubahannya,fisika karena tidak berbentuk zat baru,jawaban siswa,10.0
ipas,gula yang dilarutkan dalam air tidak terlihat lagi bentuk aslinya apakah gula tersebut hilang atau berubah menjadi zat baru jelaskan berdasarkan jenis perubahannya,iya karena gula yang larut dalam air itu termasuk perubahan fisika,jawaban siswa,10.0
ipas,jelaskan pengertian zat,zat adalah molekul molekul yang ada dikehidupan kita seperti zat padat cair dan gas,jawaban siswa,5.0
ipas,jelaskan pengertian zat,segala sesuatu yang memiliki massa dan menempati ruang,jawaban siswa,10.0
ipas,jelaskan pengertian zat,zat yaitu segala sesuatu yang menempati ruang dan memiliki massa,jawaban siswa,10.0
ipas,jelaskan pengertian zat,zat itu memilki volume atau menempati ruang memiliki massa,jawaban siswa,10.0
ipas,jelaskan pengertian zat,zat yaitu segala sesuatu yang memiliki massa dan ruang,jawaban siswa,10.0
ipas,jelaskan pengertian zat,zat adalah segala sesuatu yang memiliki masa menempati ruang memiliki volume dan memiliki komposisi serta sifat tertentu,jawaban siswa,10.0
ipas,jelaskan pengertian zat,zat adalah sesuatu yang bisa di rubah atau segala sesuatu yang memiliki massa dan menempati ruang,jawaban siswa,10.0
ipas,jelaskan pengertian zat,zat adalah segala sesuatu yang memiliki massa dan menepati ruang volume,jawaban siswa,10.0
ipas,jelaskan pengertian zat,zat adalah suatu benda atau buatan yang di bagi menjadi beberapa bagian,jawaban siswa,0.0
ipas,jelaskan pengertian zat,zat adalah suatu yang dapat berubah cair padat atau gas,jawaban siswa,5.0
ipas,jelaskan pengertian zat,komponen dasar yang membentuk seluruh benda fisik dalam semesta,jawaban siswa,0.0
ipas,jika suatu zat mengalami perubahan warna apakah dapat dipastikan terjadi perubahan kimia jelaskan dengan contoh,contoh besi yang berkarat besi yang lama kelamaan didiamkan maupun direndam air akan berkarat otomatis berubah warna kecoklatan maka disebut perubahan kimia,jawaban siswa,3.0
ipas,jika suatu zat mengalami perubahan warna apakah dapat dipastikan terjadi perubahan kimia jelaskan dengan contoh,karena warnanya berubah contoh pakan ternak yang membusuk,jawaban siswa,0.0
ipas,jika suatu zat mengalami perubahan warna apakah dapat dipastikan terjadi perubahan kimia jelaskan dengan contoh,perubahan warna terjadi karena susunan partikel atau struktur kimia zat berubah sehingga sifat fisiknya termasuk warna ikut berubah,jawaban siswa,10.0
ipas,jika suatu zat mengalami perubahan warna apakah dapat dipastikan terjadi perubahan kimia jelaskan dengan contoh,bisa dipastikan perubahan kimia karena warnanya berubah contoh pakan ternak yang difermentasi pakan ternak yang membusuk atau basi,jawaban siswa,10.0
ipas,jika suatu zat mengalami perubahan warna apakah dapat dipastikan terjadi perubahan kimia jelaskan dengan contoh,jika suatu zat mengalami perubahan warna sudah dipastikan perubahan kimia karena dia buat zat baru berubah warnanya rasanya bentuknya,jawaban siswa,5.0
ipas,jika suatu zat mengalami perubahan warna apakah dapat dipastikan terjadi perubahan kimia jelaskan dengan contoh,tidak mesti contoh perubahan warna fisika adalah kain di celup ke pewarna contoh perubahan kimia adalah besi berkarat menjadi coklat,jawaban siswa,7.0
ipas,jika suatu zat mengalami perubahan warna apakah dapat dipastikan terjadi perubahan kimia jelaskan dengan contoh,itu adalah salah satu ciri utama yang telah menandakan reaksi kimia berupa warna baru yang muncul dan terbentuknya perubahan baru contoh pembusukan buah dan sayur muncul bau dan gas serta warna yang memudar menghasilkan warna baru pembakaran kayu yang mengalami pembakaran yang dibakar yang berubah menjadi abu besi yang berkarat akibat terkena air berubah warna menjadi coklat kemerahan,jawaban siswa,10.0
ipas,jika suatu zat mengalami perubahan warna apakah dapat dipastikan terjadi perubahan kimia jelaskan dengan contoh,perubahan warna menunjukkan terjadinya reaksi kimia karena terbentuk zat baru contoh besi berkarat berubah warna dari abu abu menjadi coklat kemerahan dan buah apel yang berubah warna menjadi coklat setelah dipotong,jawaban siswa,10.0
ipas,jika suatu zat mengalami perubahan warna apakah dapat dipastikan terjadi perubahan kimia jelaskan dengan contoh,tidak karena perubahan warna termasuk ke perubahan fisika dikarenakan dari warna pink menjadi warna merah itu karena perubahan yang menimbulkan perbedaan warna maka perubahan fisika bukan kimia,jawaban siswa,0.0
ipas,jika suatu zat mengalami perubahan warna apakah dapat dipastikan terjadi perubahan kimia jelaskan dengan contoh,tidak perubahan warna pada suatu zat tidak dapat dipastikan sebagai tanda terjadi perubahan kimia contoh paku besi berkarat dan pembakaran,jawaban siswa,0.0
ipas,jika suatu zat mengalami perubahan warna apakah dapat dipastikan terjadi perubahan kimia jelaskan dengan contoh,perubahan warna menunjukkan terjadinya reaksi kimia karena terbentuknya zat baru contoh besi berkarat berubah dari abu abu menjadi coklat,jawaban siswa,10.0
ipas,jika suatu zat mengalami perubahan warna apakah dapat dipastikan terjadi perubahan kimia jelaskan dengan contoh,perubahan warna dapat menunjukkan reaski kimia karena terbentuknya zat baru,jawaban siswa,10.0
ipas,jika suatu zat mengalami perubahan warna apakah dapat dipastikan terjadi perubahan kimia jelaskan dengan contoh,perubahan warna menunjukkan terbentuknya zat baru contoh besi berubah warna menjadi soklat kemerahan saat berkarat,jawaban siswa,10.0
ipas,jika suatu zat mengalami perubahan warna apakah dapat dipastikan terjadi perubahan kimia jelaskan dengan contoh,contohnya air atau warna yang dicampur dengan warna lain atau air the akan berubah contoh air putih dengan air the dia akan berubah menjadi kuning kecoklatan kalau warna hitam dengan warna putih akan menjadi silver atau abu,jawaban siswa,3.0
ipas,jika suatu zat mengalami perubahan warna apakah dapat dipastikan terjadi perubahan kimia jelaskan dengan contoh,iya karena merupakan salah satu indikator unsual yang paling lama bukti masanya contoh pembakaran kayu besi berkarat pakan ternak yang membusuk dan lain lain,jawaban siswa,3.0
ipas,jika suatu zat mengalami perubahan warna apakah dapat dipastikan terjadi perubahan kimia jelaskan dengan contoh,dapat dipastikan perubahan kimia cotoh nya kertas yang di bakar,jawaban siswa,0.0
ipas,jika suatu zat mengalami perubahan warna apakah dapat dipastikan terjadi perubahan kimia jelaskan dengan contoh,tentu saja contoh yaitu batre jika batre di taruh di air maka akan mengeluarkan dan berubah warna,jawaban siswa,3.0
ipas,jika suatu zat mengalami perubahan warna apakah dapat dipastikan terjadi perubahan kimia jelaskan dengan contoh,tidak karena tidak berubah wujudnya hanya warnanya saja seperti buah yang busuk atau sayuran,jawaban siswa,10.0
ipas,jika suatu zat mengalami perubahan warna apakah dapat dipastikan terjadi perubahan kimia jelaskan dengan contoh,iya karena yang berubah warna biasanya terbentuknya zat baru contoh pembusukan sayur dan buah buahan sayur yang semula hijau akan berubah menjadi busuk dan warnanya berubah sedangkan jika yang kimmia tidak merubah warna hanya wujudnya saja yang berubah,jawaban siswa,10.0
ipas,jika suatu zat mengalami perubahan warna apakah dapat dipastikan terjadi perubahan kimia jelaskan dengan contoh,iya karena perubahan kimia dapat dipastikan dengan adnya perubahan warna bau bentuk dan lain lain contohnya perkaratan yang semula berwarna putih bisa berubah warna coklat karena benda itu berkarat,jawaban siswa,10.0
ipas,jika suatu zat mengalami perubahan warna apakah dapat dipastikan terjadi perubahan kimia jelaskan dengan contoh,contohnya air bening dicampur susu,jawaban siswa,0.0
ipas,jika suatu zat mengalami perubahan warna apakah dapat dipastikan terjadi perubahan kimia jelaskan dengan contoh,akan mengalami persebaran zat kimia,jawaban siswa,0.0
ipas,jika suatu zat mengalami perubahan warna apakah dapat dipastikan terjadi perubahan kimia jelaskan dengan contoh,perubahan warna termasuk dalam reaksi kimia yang dapat menghasilkan zat baru contoh besi berkarat berubah menjadi coklat kemerahan larutan indikator berubah warna saat bereaksi dengan asam atau basa,jawaban siswa,10.0
ipas,jika suatu zat mengalami perubahan warna apakah dapat dipastikan terjadi perubahan kimia jelaskan dengan contoh,perubahan warna terjadi karena susunan partikel atau struktur kimia zat berubah sehinnga sifat sifatnya termasuk warna ikut berubah,jawaban siswa,10.0
ipas,jika suatu zat mengalami perubahan warna apakah dapat dipastikan terjadi perubahan kimia jelaskan dengan contoh,tidak,jawaban siswa,0.0
ipas,jika suatu zat mengalami perubahan warna apakah dapat dipastikan terjadi perubahan kimia jelaskan dengan contoh,perubahan indikator visual yang paling umum terjadi dengan reaksi kimia,jawaban siswa,0.0
ipas,jika suatu zat mengalami perubahan warna apakah dapat dipastikan terjadi perubahan kimia jelaskan dengan contoh,bisa contohnya karat pada besi,jawaban siswa,3.0
ipas,jika suatu zat mengalami perubahan warna apakah dapat dipastikan terjadi perubahan kimia jelaskan dengan contoh,contoh perubahan warna sebagai indikator reaksi kimia besi berkarat berubah dari abu abu menjadi coklat kemerahan karena terbentuk karat,jawaban siswa,10.0
ipas,jika suatu zat mengalami perubahan warna apakah dapat dipastikan terjadi perubahan kimia jelaskan dengan contoh,ya,jawaban siswa,0.0
ipas,mengapa pakan ternak yang membusuk termasuk perubahan kimia jelaskan,karena banyak pembusukan zat yang menghasilkan zat baru diantaranya yaitu pembusukan karbohidrat menghasilkan zat baru seperti asam oksida pembusukan protein menghasilkan zat baru seperti amonia pembusukan lemak menghasilkan zat baru seperti asam lemak,jawaban siswa,10.0
ipas,mengapa pakan ternak yang membusuk termasuk perubahan kimia jelaskan,karena adanya perubahan rasa dan perubahan warna makanya disebut perubahan kimia,jawaban siswa,10.0
ipas,mengapa pakan ternak yang membusuk termasuk perubahan kimia jelaskan,karena di perubahan kimia ada fase pembusukan jika pakan diamkan lama maka perubahan kimia berekasi yaitu membusuk,jawaban siswa,0.0
ipas,mengapa pakan ternak yang membusuk termasuk perubahan kimia jelaskan,pakan ternak membusuk karena aktivitas mikroorganisme yang menguraikan zat menjadi zat baru ditandai dengan bau menyengat perubahan warna dan tekstur termasuk ke dalam perubahan kimia karena menghasilkan zat baru,jawaban siswa,10.0
ipas,mengapa pakan ternak yang membusuk termasuk perubahan kimia jelaskan,karna du fermentasi atau dibusukkan sehingga menghasilkan bahan kimia,jawaban siswa,10.0
ipas,mengapa pakan ternak yang membusuk termasuk perubahan kimia jelaskan,karena prosesnya bisa menghasilkan zat baru yang berbeda dari komposisi aslinya tidak bisa kembali ke bentuk semula seringkali berubah bau dan warna,jawaban siswa,10.0
ipas,mengapa pakan ternak yang membusuk termasuk perubahan kimia jelaskan,akibat aktivitas mikroorganisme bakteri jamur atau rekasi enzimatis yang menurunkan nilai nutrisi,jawaban siswa,0.0
ipas,mengapa pakan ternak yang membusuk termasuk perubahan kimia jelaskan,karena didorong oleh aktivitas mikroorganisme terutama dalam kondisi penyimpanan yang lembab atau tidak sempurna pembusukan,jawaban siswa,0.0
ipas,mengapa pakan ternak yang membusuk termasuk perubahan kimia jelaskan,karena bentuk pakan akan tetap sama tapi tumbuhan akan mati karena di makan bakteri,jawaban siswa,0.0
ipas,mengapa pakan ternak yang membusuk termasuk perubahan kimia jelaskan,karena reaksi kimia yang menghasilkan zat baru seperti gas berbau busuk akibat aktivitas mikroorganisme yang menyesuaikan bahan organik,jawaban siswa,10.0
ipas,mengapa pembakaran kertas menghasilkan zat baru sedangkan kertas yang disobek tidak menghasilkan zat baru,karena pembakaran akan melenyapkan keseluruhan fisik kertas dan mengubahny menjadi zat baru sedangkan disobek fisik kertas akan tetap sama walaupun dirobek sekaligus,jawaban siswa,10.0
ipas,mengapa pembakaran kertas menghasilkan zat baru sedangkan kertas yang disobek tidak menghasilkan zat baru,kalo kertas dibakar akan menghasilkan zat uap,jawaban siswa,0.0
ipas,mengapa pembakaran kertas menghasilkan zat baru sedangkan kertas yang disobek tidak menghasilkan zat baru,merobek kertas diambil lalu disobek menjadi kecil kecil tidak ada zat baru kertas yang disobek tetap kertas hanya ukuran dan bentuknya yang berbeda fisika membakar kertas menggunakan api hingga menjadi abu yang tidak dapat kembali seperti semula yang ditandai dengan perubahan bentuk zat baru kimia,jawaban siswa,10.0
ipas,mengapa pembakaran kertas menghasilkan zat baru sedangkan kertas yang disobek tidak menghasilkan zat baru,karena pembakaran kertas terjadi reaksi kimia yang menghasilkan gas,jawaban siswa,5.0
ipas,mengapa pembakaran kertas menghasilkan zat baru sedangkan kertas yang disobek tidak menghasilkan zat baru,karena kertas yang dibkr menimbulkan zat baru perubahan warna rasa bentuk sedangakan kertas disobek tidak menghasilkan perubahan apapun,jawaban siswa,10.0
ipas,mengapa pembakaran kertas menghasilkan zat baru sedangkan kertas yang disobek tidak menghasilkan zat baru,karena kertas yang dibakar menimbulkan perubahan warna kertas bau sedangkan kertas yang di sobek tetap akan menjadi kertas karena ketidak adanya perubahan warna bau,jawaban siswa,10.0
ipas,mengapa pembakaran kertas menghasilkan zat baru sedangkan kertas yang disobek tidak menghasilkan zat baru,karena kertas yang dibakar akan memengaruhi perubahan kimia maupun fisika yang dpaat menghasilkan zat baru sedangkan kertas di sobek hanya akan berubah bentuk,jawaban siswa,10.0
ipas,mengapa pembakaran kertas menghasilkan zat baru sedangkan kertas yang disobek tidak menghasilkan zat baru,karena ketika kertas di bakar kertas itu menghasilkan abu abu itu yang dinamakan zat baru sedangkan kertas yang dirobek hanya menghasilkan serpihan kertas tidak merubah zat tersebut,jawaban siswa,10.0
ipas,mengapa pembakaran kertas menghasilkan zat baru sedangkan kertas yang disobek tidak menghasilkan zat baru,karena kertas yang dibakar itu jadi hancur lebur dan hangus lalu kalau kertas disobek masih ada wujud kertas,jawaban siswa,5.0
ipas,mengapa pembakaran kertas menghasilkan zat baru sedangkan kertas yang disobek tidak menghasilkan zat baru,pembakaran kertas termasuk perubahan kimia karena terjadi pembakaran yang menghasilkan zat baru kertas dibakar menghasilkan abu yang merupakan zat baru sedangkan kertas yang disobek tidak menghasilkan zat baru karen hanya berubah bentuk saja tanpa zat baru ini menunjukkan perubahan fisika,jawaban siswa,10.0
ipas,mengapa pembakaran kertas menghasilkan zat baru sedangkan kertas yang disobek tidak menghasilkan zat baru,karena pembakaran kertas memilki sifat perubahan kimia oleh karena itu pembakaran kertas menghasilkan zat baru sedangkan kertas yang disobek memiliki sifat perubahan fisika yang terdapat perubahan bentuk saja,jawaban siswa,10.0
ipas,mengapa pembakaran kertas menghasilkan zat baru sedangkan kertas yang disobek tidak menghasilkan zat baru,karena terbakar dan berubah menjadi seperti abu makanya dinamakan zat baru,jawaban siswa,5.0
ipas,mengapa pembakaran kertas menghasilkan zat baru sedangkan kertas yang disobek tidak menghasilkan zat baru,karena saat pembakaran kertas akan menimbulkan zat baru kertas yang semula putih akan menjadi hitam sedangkan kertas yang di sobek hanya akan terjadi perubahan ukuran dan tidak menimbulkan zat baru,jawaban siswa,10.0
ipas,mengapa pembakaran kertas menghasilkan zat baru sedangkan kertas yang disobek tidak menghasilkan zat baru,kertas yang di robek akan menjadi perubahan bentuk,jawaban siswa,0.0
ipas,mengapa pembakaran kertas menghasilkan zat baru sedangkan kertas yang disobek tidak menghasilkan zat baru,karen perubahan kertas dan api adalah perubahan kimia kalau kertas yang disobek tidak ada atau tidak menghasilkan zat baru,jawaban siswa,10.0
ipas,mengapa pembakaran kertas menghasilkan zat baru sedangkan kertas yang disobek tidak menghasilkan zat baru,karena kertas yang dibakar akan hangus dan menjadi abu sedangkan kertas yang disobek ia tetap namun kertasnya sobek,jawaban siswa,10.0
ipas,mengapa pembakaran kertas menghasilkan zat baru sedangkan kertas yang disobek tidak menghasilkan zat baru,pembakaran kertas merupakan zat kimia karena pembakaran menghasilkan zat baru abu dan gas kertas disobek merupakan zat fisika karena hanya mengalami perubahan bentuk,jawaban siswa,10.0
ipas,mengapa pembakaran kertas menghasilkan zat baru sedangkan kertas yang disobek tidak menghasilkan zat baru,karena kertas yang semula biasa menjadi terbakar dan hangus sedangkan kertas yang disobek hanya berubahbentuk tidak berubah zat,jawaban siswa,10.0
ipas,mengapa pembakaran kertas menghasilkan zat baru sedangkan kertas yang disobek tidak menghasilkan zat baru,contoh perubahan fisika merobek kertas hasil pengamtan yaitu ukuran kertas berubah menjadi lebih kecil keberdaan zat barunya yaitu tidak ada karena kertas hanya berubah ukuran atau bentuk contoh perubahan kimia membakar kertas hasil pengamatan yaitu kertas berubah warna menjadi hitam menghasilkan asap dan sisa abu keberadaan zat barunya yaitu adanya warna abu dan asap yang membuat berbeda dari kertas asal,jawaban siswa,10.0
ipas,mengapa pembakaran kertas menghasilkan zat baru sedangkan kertas yang disobek tidak menghasilkan zat baru,karena merupakan perubahan kimia yang mengubah struktur molekul akibat reaksi oksidasi dengan oksigen bersifat permanen,jawaban siswa,0.0
ipas,mengapa pembakaran kertas menghasilkan zat baru sedangkan kertas yang disobek tidak menghasilkan zat baru,karena kertas dipotong perubahan fisika tidak terbentuk zat bar kertas dibakar perubahan kimia kesimpulannya pembakaran menghasilkan zat baru sedangkan pemotongan tidak menghasilkan zat baru,jawaban siswa,10.0
ipas,mengapa pembakaran kertas menghasilkan zat baru sedangkan kertas yang disobek tidak menghasilkan zat baru,pembakaran kertas termasuk perubahan kimia sedangkan kertas disobek termasuk perubahan fisika,jawaban siswa,10.0
ipas,mengapa pembakaran kertas menghasilkan zat baru sedangkan kertas yang disobek tidak menghasilkan zat baru,karena kertas yang dibakar menimbulkan zat baru perubahan warna rasa bentuk sedangkan kertas disobek tidak menghasilkan perubahan apapun,jawaban siswa,10.0
ipas,mengapa pembakaran kertas menghasilkan zat baru sedangkan kertas yang disobek tidak menghasilkan zat baru,karna pada saat sobekan kertas masih sama dan bisa di sambungkan tetapi jika sudah tercampur zat lain contoh api jika api di gabungkan maka kertas akan terbakar dan menciptakan suatu zat baru,jawaban siswa,0.0
ipas,mengapa pembakaran kertas menghasilkan zat baru sedangkan kertas yang disobek tidak menghasilkan zat baru,karena sesuatu yang berupa kertas baik di sobek maupun di bakar itu perubahnnya berbeda jikalau pembakaran kertas ini sama halnya dengan pembakaran kayu karena melalui komposisi yang berbeda atau sifatnya yang berbeda dari zat lainnya maka pembakaran kertas ini termasuk perubahan kimia,jawaban siswa,10.0
ipas,mengapa pembakaran kertas menghasilkan zat baru sedangkan kertas yang disobek tidak menghasilkan zat baru,iya karena kertas yang dibakar dapat mengeluarkan asap berubah menjadi abu dan tidak bisa kembali ke wujud semula,jawaban siswa,5.0
ipas,mengapa pembakaran kertas menghasilkan zat baru sedangkan kertas yang disobek tidak menghasilkan zat baru,kertas dipotong merupakan perubahan fisika dan tidak terbentuk zat baru kertas dibakar merupakan perubahan kimia dan terbentuknya gas baru seperti gas dan abu kesimpulannya pembakaran menghasilkan zat baru sedangkan pemotongan tidak,jawaban siswa,10.0
ipas,mengapa pembakaran kertas menghasilkan zat baru sedangkan kertas yang disobek tidak menghasilkan zat baru,jika kertas dirobek merupkan perubahan fisika tidak ada zat baru jika kertas dibakar merupakan perubahan kimia menghasilkan abu dan gas,jawaban siswa,10.0
ipas,mengapa pembakaran kertas menghasilkan zat baru sedangkan kertas yang disobek tidak menghasilkan zat baru,karena terbaik,jawaban siswa,0.0
ipas,mengapa pembakaran kertas menghasilkan zat baru sedangkan kertas yang disobek tidak menghasilkan zat baru,karna jika kertas di bakar akan menjadi hancur dan berganti tekstur warna dan bentuk namun jika disobek kertas tetap berwarna sama hanya berubah bentuknya,jawaban siswa,10.0
ipas,sebutkan ciri ciri terjadinya perubahan kimia,terbentuknya gas terbentuknya endapan perubahan warna perubahan suhu,jawaban siswa,10.0
ipas,sebutkan ciri ciri terjadinya perubahan kimia,perubahan warna timbul gas berbentuk endapan perubahan suhu dan timbul bau baru,jawaban siswa,10.0
ipas,sebutkan ciri ciri terjadinya perubahan kimia,membusuk memiliki zat padat,jawaban siswa,0.0
ipas,sebutkan ciri ciri terjadinya perubahan kimia,esbatu ditaruh ditempat yang panas akan mencair akan menjadi zat cair,jawaban siswa,0.0
ipas,sebutkan ciri ciri terjadinya perubahan kimia,membuat zat baru yaitu adanya perubahan betuk rasa warna itulah perubahan kimia,jawaban siswa,10.0
ipas,sebutkan ciri ciri terjadinya perubahan kimia,tidak,jawaban siswa,0.0
ipas,sebutkan ciri ciri terjadinya perubahan kimia,terbentuknya zat baru perubahan warna pembentukan gas perubahan suhu,jawaban siswa,10.0
ipas,sebutkan ciri ciri terjadinya perubahan kimia,perubahan warna perubahan bentuk gas oerubahan bau terbentuk endapan,jawaban siswa,10.0
ipas,sebutkan ciri ciri terjadinya perubahan kimia,terbentunya gas atau gelembung terjadi perubahan warna terbentuknya endapan atau muncul bau busuk,jawaban siswa,10.0
ipas,sebutkan ciri ciri terjadinya perubahan kimia,pembakaran gas gas dapat menimbulkan api jika kita menaruh kertas ke atas api maka terjadilah pembakaran itulah yang disebut perubahan kimia,jawaban siswa,0.0
ipas,sebutkan ciri ciri terjadinya perubahan kimia,perubahan warna timbul gas gelembung bau terbentuk endapan perubahan suhu timbul cahaya,jawaban siswa,10.0
ipas,sebutkan ciri ciri terjadinya perubahan kimia,rasanya berubah baunya berubah dan sifat zat nya berubah,jawaban siswa,10.0
ipas,sebutkan ciri ciri terjadinya perubahan kimia,besi semulanya mengkilat tapi jika terus terusan terkena air akan terpapar suhu ruang makan besi tersebut akan teroksidasi dan akan karatan tetapi tidak merubah bentuk besi tersebut,jawaban siswa,0.0
ipas,sebutkan ciri ciri terjadinya perubahan kimia,perbedaan contohnya berubah seperti yang awal dan baunya berubah,jawaban siswa,5.0
ipas,sebutkan ciri ciri terjadinya perubahan kimia,terbentuknya zat baru terjadi perubahan warna timbul bau,jawaban siswa,7.0
ipas,sebutkan ciri ciri terjadinya perubahan kimia,perubahan warna yang bersifat permanen terbentuknya gas biasanya ditandai dengan embun gelebung timbul bau baru akibat terbentuknya zat baru,jawaban siswa,10.0
ipas,sebutkan ciri ciri terjadinya perubahan kimia,perubahan warna perubahan suhu serta perubahan bau,jawaban siswa,5.0
ipas,sebutkan ciri ciri terjadinya perubahan kimia,bau yang tidak enak makanan yang membusuk,jawaban siswa,10.0
ipas,sebutkan ciri ciri terjadinya perubahan kimia,membentuk zat baru berubah bentuk ukuran,jawaban siswa,5.0
ipas,sebutkan ciri ciri terjadinya perubahan kimia,perubahan warna timbul gas gelembung terdapat endapan perubahan suhu timbul bau baru,jawaban siswa,10.0
ipas,sebutkan ciri ciri terjadinya perubahan kimia,perubahan warna terbentuknya endapan terbentuknya gas perubahan bau,jawaban siswa,10.0
ipas,sebutkan ciri ciri terjadinya perubahan kimia,terbentuknya zat baru perubahan warna pembentukan gas timbulnya endapan,jawaban siswa,10.0
ipas,sebutkan ciri ciri terjadinya perubahan kimia,terjadinya perubahan suhu terjadinya perubahan warna terbentuknya gas,jawaban siswa,10.0
ipas,sebutkan ciri ciri terjadinya perubahan kimia,berubahnya warna membentuknya zat baru,jawaban siswa,10.0
ipas,sebutkan ciri ciri terjadinya perubahan kimia,perubahan warna perubahan suhu perubahan rasa,jawaban siswa,5.0
ipas,sebutkan ciri ciri terjadinya perubahan kimia,zat lama kalau di mengelola menjadi zat baru,jawaban siswa,0.0
ipas,sebutkan ciri ciri terjadinya perubahan kimia,terbentuknya zat baru perubahan warna timbulnya gas dan perubahan suhu,jawaban siswa,10.0
ipas,sebutkan ciri ciri terjadinya perubahan kimia,terbentukny zat baru perubahan warna pembentukan zat dan perubahan suhu,jawaban siswa,10.0
ipas,sebutkan ciri ciri terjadinya perubahan kimia,mulai berubah wujud aslinya dan tidak dapat kembali ke wujud semua mengeluarkan bau atau asap membusuk,jawaban siswa,10.0
ipas,sebutkan ciri ciri terjadinya perubahan kimia,perubahan zat yang menghasilkan zat baru dengan sifat kimia yang berbeda dari zat asalnya dan bersifat permanen tidak dapat kembali kebentuknya semula,jawaban siswa,10.0
ipas,sebutkan ciri ciri terjadinya perubahan kimia,perubahan warna perubahan suhu pembentukan gas munculnya endapan dan perubahan bau dan ph,jawaban siswa,10.0
pendidikan agama islam,apa yang dimaksud dengan akhlaq mazmumah jelaskan dengan bahasamu sendiri,ahlak mazmumah adalah suatu ahlak yang menyebabkan seorang diri jauh kepada allah swt,jawaban siswa,10.0
pendidikan agama islam,apa yang dimaksud dengan akhlaq mazmumah jelaskan dengan bahasamu sendiri,akhlaq mazmumah adalah perilaku buruk atau tercela yang harus dihindari oleh orang muslim karna dilarang oleh agama,jawaban siswa,10.0
pendidikan agama islam,apa yang dimaksud dengan akhlaq mazmumah jelaskan dengan bahasamu sendiri,adalah akhlak yang tercela buruk,jawaban siswa,10.0
pendidikan agama islam,apa yang dimaksud dengan akhlaq mazmumah jelaskan dengan bahasamu sendiri,akhlak mazmumah yaitu sifat akhlak tercela,jawaban siswa,10.0
pendidikan agama islam,apa yang dimaksud dengan akhlaq mazmumah jelaskan dengan bahasamu sendiri,akhlak mazmumah adalah akhlak tercela tidak baik seperti iri riya takabbur dan lain lain,jawaban siswa,10.0
pendidikan agama islam,apa yang dimaksud dengan akhlaq mazmumah jelaskan dengan bahasamu sendiri,akhlak mazmumah merupakan penyakit hati sendiri perilaku buruk atau tercela serta dapat membahayakan iman,jawaban siswa,10.0
pendidikan agama islam,apa yang dimaksud dengan akhlaq mazmumah jelaskan dengan bahasamu sendiri,orang yang suka menyombongkan diri mempunyai barang barang yang lebih,jawaban siswa,0.0
pendidikan agama islam,apa yang dimaksud dengan akhlaq mazmumah jelaskan dengan bahasamu sendiri,ahlaq mazmumah adalah ahlaq yang tercela ahlaq yang tidak boleh ditiru,jawaban siswa,5.0
pendidikan agama islam,apa yang dimaksud dengan akhlaq mazmumah jelaskan dengan bahasamu sendiri,akhlaq mahmuzah yaitu seperti perbuatan tercela contohnya seperti orang yang iri hati sombong,jawaban siswa,10.0
pendidikan agama islam,apa yang dimaksud dengan akhlaq mazmumah jelaskan dengan bahasamu sendiri,akhlaq mazmumah adalah akhlak tercela yang tidak boleh kita pendam dalam hati kita karena akhlaq mazmumah sangat tidak disukai oleh kalangan umat muslim,jawaban siswa,10.0
pendidikan agama islam,jelaskan apa yang dimaksud dengan syu abul iman,cabang cabang bagian bagian iman yang mencakup ucapan perbuatan dan keyakinan seorang muslim dalam menjalankan ajaran islam,jawaban siswa,10.0
pendidikan agama islam,jelaskan apa yang dimaksud dengan syu abul iman,cabang keimanan yang mencakup amalan lahir dan batin,jawaban kunci,10.0
pendidikan agama islam,jelaskan apa yang dimaksud dengan syu abul iman,adalah cabang cabang iman yang berjumlah,jawaban siswa,10.0
pendidikan agama islam,jelaskan apa yang dimaksud dengan syu abul iman,adalah memperbaiki hidup kita menjadi lebih baik,jawaban siswa,0.0
pendidikan agama islam,jelaskan apa yang dimaksud dengan syu abul iman,syu abul iman yaitu cabang cabang iman,jawaban siswa,5.0
pendidikan agama islam,jelaskan apa yang dimaksud dengan syu abul iman,syu abul iman adalah dimana seseorang yang tidak baik dalam kehidupannya lalu dia menerapkan syu abul iman terus kemudian hari bisa memperbaiki kualitas hidupnya maka dari berzikir yaitu jika mengamalkannya akan mendapatkan pahala,jawaban siswa,10.0
pendidikan agama islam,jelaskan apa yang dimaksud dengan syu abul iman,sya abul iman yaitu zaman zaman iman,jawaban siswa,5.0
pendidikan agama islam,jelaskan apa yang dimaksud dengan syu abul iman,cabang cabang iman yang jumlahnya hal yang dicintai oleh allah ketika kita melakukan dan mendapat ridho allah,jawaban siswa,10.0
pendidikan agama islam,jelaskan dengan bahasamu sendiri apa makna fastabiqul khoirot dan mengapa perintah ini penting dalam kehidupan seorang muslim,berlomba lomba dalam kebaikan,jawaban siswa,5.0
pendidikan agama islam,jelaskan dengan bahasamu sendiri apa makna fastabiqul khoirot dan mengapa perintah ini penting dalam kehidupan seorang muslim,berlomba lomba dalam kebaikan karena berlomba lomba dalam kebaikan bisa menata hidup seseorang lebih baik,jawaban siswa,10.0
pendidikan agama islam,jelaskan dengan bahasamu sendiri apa makna fastabiqul khoirot dan mengapa perintah ini penting dalam kehidupan seorang muslim,fastabiqul khoirot yang artinya berlomba lomba dalam kebaikan bagi orang muslim ini penting karena jika sering melakukan kebaikan dan juga bermanfaat bagi orang lain maka kita akan di beri kan pahala yang cukup besar,jawaban siswa,10.0
pendidikan agama islam,jelaskan dengan bahasamu sendiri apa makna fastabiqul khoirot dan mengapa perintah ini penting dalam kehidupan seorang muslim,fastabikul khoirot artinya adalah berlomba lomba dalam kebaikan perintah ini penting karena allah menyuruhnya dalam qs al baqarah ayat dan qs al maidah ayat yang menyuruh manusia berlomba dalam kebaikan setelah beramal sholeh sedekah dzikir dan lain lain agar manusia senantiasa ingat kepada allah dan tujuannya adalah untuk mencari ridho allah,jawaban siswa,10.0
pendidikan agama islam,jelaskan dengan bahasamu sendiri apa makna fastabiqul khoirot dan mengapa perintah ini penting dalam kehidupan seorang muslim,fastabiqul khoirot artinya berlomba lomba dalam kebaikan istilah ini mengajarkan agar manusia cepat semangat dan saling mendahului dalam melakukan kebaikan,jawaban siswa,10.0
pendidikan agama islam,jelaskan dengan bahasamu sendiri apa makna fastabiqul khoirot dan mengapa perintah ini penting dalam kehidupan seorang muslim,maknanya berlomba lomba dalam kebaikan penting karena agar dapat menciptakan rasa kebersamaan kerukunan dan tolong menolong sesama muslim,jawaban siswa,10.0
pendidikan agama islam,jelaskan dengan bahasamu sendiri apa makna fastabiqul khoirot dan mengapa perintah ini penting dalam kehidupan seorang muslim,fastabiqul khoirot adalah erlomba lomba dalam mencari kebaikan artinya kita mencari kebaikan yang mendapatkan pahala dan rida allah danmengapa ini penting karena kita harus berbuat baik kepada sesama agar mendapat pahala,jawaban siswa,10.0
pendidikan agama islam,jelaskan dengan bahasamu sendiri apa makna fastabiqul khoirot dan mengapa perintah ini penting dalam kehidupan seorang muslim,allah memerintahkan manusia untuk berlomba lomba dalam hal kebaikan dan beramal saleh,jawaban siswa,10.0
pendidikan agama islam,jelaskan dengan bahasamu sendiri apa makna fastabiqul khoirot dan mengapa perintah ini penting dalam kehidupan seorang muslim,berlomba lomba dalam kebaikan karena melakukan kebaikan itu akan amal kita di akhirat,jawaban siswa,10.0
pendidikan agama islam,jelaskan dengan bahasamu sendiri apa makna fastabiqul khoirot dan mengapa perintah ini penting dalam kehidupan seorang muslim,fastabiqul khairat merupakan berlomba lomba dalam kebikan bukan hanya melakukan kebaikan tapi melakukannya dengan banyak lebih tekun dan lebih cepat dari yang lain,jawaban siswa,10.0
pendidikan agama islam,jelaskan dengan bahasamu sendiri apa makna fastabiqul khoirot dan mengapa perintah ini penting dalam kehidupan seorang muslim,karena orang muslim harus berbuat baik terhadap sesama manusia dan juga saling jaga etika dan omongan,jawaban siswa,0.0
pendidikan agama islam,jelaskan dengan bahasamu sendiri apa makna fastabiqul khoirot dan mengapa perintah ini penting dalam kehidupan seorang muslim,makna nya adalah berlomba lomba dalam kebaikan karena fastabiqul khoirot merupakan perintah melakukan kebaikan dan merupakan suatu hal yang positif,jawaban siswa,10.0
pendidikan agama islam,jelaskan dengan bahasamu sendiri apa makna fastabiqul khoirot dan mengapa perintah ini penting dalam kehidupan seorang muslim,berlomba lomba dalam hal kebaikan karena untuk saling tolong menolong sesama manusia peduli,jawaban siswa,10.0
pendidikan agama islam,jelaskan dengan bahasamu sendiri apa makna fastabiqul khoirot dan mengapa perintah ini penting dalam kehidupan seorang muslim,fastabiqul khairat ialah berlomba lomba dalam kebaikan perintah ini penting karna adanya berlomba dalam kebaikan kita berusaha semampu kita mendapatkan yang terbaik contohnya kita beribadah hafalan dsb,jawaban siswa,10.0
pendidikan agama islam,jelaskan dengan bahasamu sendiri apa makna fastabiqul khoirot dan mengapa perintah ini penting dalam kehidupan seorang muslim,fastabiqul khoirut berlomba lomba dalam kebaikan karena perintah berlomba lomba dalam hal kebaikan itu penting dalam kehidupan seorang muslim karena kita harus berlomba lomba ke dalam hal kebaikan seperti berlomba lomba menolong teman yang kesusahan,jawaban siswa,10.0
pendidikan agama islam,jelaskan dengan bahasamu sendiri apa makna fastabiqul khoirot dan mengapa perintah ini penting dalam kehidupan seorang muslim,berlomba lomba dalam kebaikan untuk memperbaiki diri dan taat kepada allah,jawaban kunci,10.0
pendidikan agama islam,jelaskan dengan bahasamu sendiri apa makna fastabiqul khoirot dan mengapa perintah ini penting dalam kehidupan seorang muslim,fastabiqul khairat yaitu berlomba lomba dakam kebaikan,jawaban siswa,5.0
pendidikan agama islam,jelaskan dengan bahasamu sendiri apa makna fastabiqul khoirot dan mengapa perintah ini penting dalam kehidupan seorang muslim,fastabiqul khoirot adalah berlomba lomba dalam kebaikan penting dalam kehidupan seorang muslim karena merupakan prilaku yang baik dan harus diterapkan dalam kehidupan,jawaban siswa,10.0
pendidikan agama islam,jelaskan dengan bahasamu sendiri apa makna fastabiqul khoirot dan mengapa perintah ini penting dalam kehidupan seorang muslim,fastabiqul khoirot adlaah berlomba lomba dalam kebaikan perintah ini penting karena kita sbagai seorang muslim dianjurkan harus berlomba lomba dalam kebaikan hal ini bermanfaat bagi orang lain juga bagi diri sendiri agar prilaku kita berubah lebih baik lagi,jawaban siswa,10.0
pendidikan agama islam,jelaskan dengan bahasamu sendiri apa makna fastabiqul khoirot dan mengapa perintah ini penting dalam kehidupan seorang muslim,fastabiqul khoirot adalah berlomba lomba dalam kebaikan karena kebaikan ini menjadi sumber kerukunan ataupun ketenangan dan juga kita mendpatkan pahala,jawaban siswa,10.0
pendidikan agama islam,jelaskan dengan bahasamu sendiri apa makna fastabiqul khoirot dan mengapa perintah ini penting dalam kehidupan seorang muslim,makna fastabiqul khairat adalah kebaikan yang dimaksud kebaikan adalah orang orang yang melakukan kebaikan akan mendapatkan suatu kaidah dari allah dan kita harus melakukannya,jawaban siswa,10.0
pendidikan agama islam,jelaskan dengan bahasamu sendiri apa makna fastabiqul khoirot dan mengapa perintah ini penting dalam kehidupan seorang muslim,fastabiqul khoirot adalah bersungguh sungguh dalam melakukan amal baik berlomba lomba melakukan amal kebaikan iya karena dapat meningkatkan amal baik dan pahala yang diperoleh,jawaban siswa,10.0
pendidikan agama islam,jelaskan dengan bahasamu sendiri apa makna fastabiqul khoirot dan mengapa perintah ini penting dalam kehidupan seorang muslim,berlomba lomba dalam kebaikan maksudnya apabila kita mengerjakan sesuatu hal yang baik kita patut untuk berlomba lomba dalam hal itu contoh kita sedang usaha maka kita boleh fastabiqul khoirot karena saat kita mengerjakan ujian itu tidak boleh curang,jawaban siswa,10.0
pendidikan agama islam,jelaskan dengan bahasamu sendiri apa makna fastabiqul khoirot dan mengapa perintah ini penting dalam kehidupan seorang muslim,beriman dan berbuat kebaikan berlomba lomba lah dalam hal kebaikan,jawaban siswa,10.0
pendidikan agama islam,jelaskan dengan bahasamu sendiri apa makna fastabiqul khoirot dan mengapa perintah ini penting dalam kehidupan seorang muslim,berlomba lomba dalam kebaikan menurut saya kita harus berlomba lomba kebaikan hingga kebaikan itu menjadi kunci masuknya jalan surga,jawaban siswa,10.0
pendidikan agama islam,mengapa akhlak mazmumah seperti sombong iri atau suka berbohong sangat berbahaya jika dibiarkan,karena semua akhlak itu bisa membawa kita ke jalan yang tidak benar dan bisa membawa kite ke neraka,jawaban siswa,10.0
pendidikan agama islam,mengapa akhlak mazmumah seperti sombong iri atau suka berbohong sangat berbahaya jika dibiarkan,merusak hubungan menghilangkan kepercayaan menimbulkan kebencian,jawaban kunci,10.0
pendidikan agama islam,mengapa akhlak mazmumah seperti sombong iri atau suka berbohong sangat berbahaya jika dibiarkan,karena ahlaq mazmumah itu ahlaq yang buruk dan sikap dibiarkan anak anak orang remaja itu berani sama orang yang lebih tua tidak patut ditiru,jawaban siswa,10.0
pendidikan agama islam,mengapa akhlak mazmumah seperti sombong iri atau suka berbohong sangat berbahaya jika dibiarkan,karena itu perilaku buruk yang tidak boleh di lakukan jika di biarkan akan berbahaya karena perbuatan itu sesuatu yang di larang agama,jawaban siswa,10.0
pendidikan agama islam,mengapa akhlak mazmumah seperti sombong iri atau suka berbohong sangat berbahaya jika dibiarkan,jadi kita bagi umat umat islam tidak usah menerapkan akhlaq mazmumah di hidup kita dan di lingkungan kita para remaja,jawaban siswa,0.0
pendidikan agama islam,mengapa akhlak mazmumah seperti sombong iri atau suka berbohong sangat berbahaya jika dibiarkan,karena jika dibiarkan lama kelamaan akan menjadi terbiasa melakukan suatu prilaku yang dilarang tersebut jadi kita harus belajar unuk tidak melakukannya menjauhi orang yang memiliki sifat tersebut,jawaban siswa,10.0
pendidikan agama islam,mengapa akhlak mazmumah seperti sombong iri atau suka berbohong sangat berbahaya jika dibiarkan,karena bisa merugikan diri sendiri juga orang lain merusak mental dan kualitas hidup seseorang ketidak harmonisan dan timbul permasalahan di lingkungan masyarakat,jawaban siswa,10.0
pendidikan agama islam,mengapa akhlak mazmumah seperti sombong iri atau suka berbohong sangat berbahaya jika dibiarkan,karena dapat membuat orang tersebut selalu mempunyai niat buruk kepada orang yang ia dengki,jawaban siswa,10.0
pendidikan agama islam,mengapa akhlak mazmumah seperti sombong iri atau suka berbohong sangat berbahaya jika dibiarkan,dapat merusak diri sendiri akan menciptakan permusuhan mendapatkan siksa kubur dan terhalangnya pintu surga,jawaban siswa,10.0
pendidikan agama islam,mengapa akhlak mazmumah seperti sombong iri atau suka berbohong sangat berbahaya jika dibiarkan,karena kalo dibiarkan bisa menyebar ke keturunan kita atau ke temen,jawaban siswa,10.0
pendidikan agama islam,mengapa memahami syu abul iman dapat membantu seorang muslim memperbaiki kualitas hidupnya,karena jika kita memahami tentang syu abul iman dapat meningkatkan keimanan kita serta keyakinan kita terhadap allah swt,jawaban siswa,10.0
pendidikan agama islam,mengapa memahami syu abul iman dapat membantu seorang muslim memperbaiki kualitas hidupnya,karena syu abul iman juga dapat meningkatkan kualitas keimanan setiap orang dan dapat menumbuhkan rasa percaya terhadap allah swt dan salah satu cabang iman adalah malu,jawaban siswa,10.0
pendidikan agama islam,mengapa memahami syu abul iman dapat membantu seorang muslim memperbaiki kualitas hidupnya,karena dengan syuabul iman manusia akan berubah menjadi orang baik,jawaban siswa,10.0
pendidikan agama islam,mengapa memahami syu abul iman dapat membantu seorang muslim memperbaiki kualitas hidupnya,ksrena syuabul iman mengarahkan kepada orang orang muslim ke jalan yang benar,jawaban siswa,10.0
pendidikan agama islam,mengapa memahami syu abul iman dapat membantu seorang muslim memperbaiki kualitas hidupnya,karena memperbaiki sikap kita dan ahlak kita menjadi lbih baik,jawaban siswa,10.0
pendidikan agama islam,mengapa memahami syu abul iman dapat membantu seorang muslim memperbaiki kualitas hidupnya,meningkatkan akhlak memperkuat iman membentuk karakter,jawaban kunci,10.0
pendidikan agama islam,mengapa memahami syu abul iman dapat membantu seorang muslim memperbaiki kualitas hidupnya,karena dengan sikap syu abul iman orang dapat memperbaiki dirinya dengan sering melakukan sikap sikap tersebut jika telah menerapkan mungkin orang tersebut akan lebih baik dari hari sebelumnya yang dulunya pembohong sekarang menjadi orang yang jujur,jawaban siswa,10.0
pendidikan agama islam,mengapa memahami syu abul iman dapat membantu seorang muslim memperbaiki kualitas hidupnya,karena syu abul iman menjelaskan cara,jawaban siswa,0.0
pendidikan agama islam,menurutmu apa dampak positif bagi masyarakat jika remaja membiasakan diri berlomba dalam kebaikan,peningkatan kualitas diri memanfaatkan waktu yang efektif,jawaban siswa,10.0
pendidikan agama islam,menurutmu apa dampak positif bagi masyarakat jika remaja membiasakan diri berlomba dalam kebaikan,akan menciptakan lingkungan yang baik masyarakat akan merasa nyaman jika para remaja berlomba lomba dalam kebaikan karena sekarang kebanyakan para remaja mengonsumsi barang barang yang tidak halal oleh karen aitu kalau para remaja membiasakan diri menjauhinya dan berlomba lomba dalam kebaikan maka masyarakat semuanya akan tenang dan lingkungannya pun menjadi indah,jawaban siswa,10.0
pendidikan agama islam,menurutmu apa dampak positif bagi masyarakat jika remaja membiasakan diri berlomba dalam kebaikan,mungkin hidupnya atau lingkungan akan terasa harmonis dan juge menyenangkan,jawaban siswa,10.0
pendidikan agama islam,menurutmu apa dampak positif bagi masyarakat jika remaja membiasakan diri berlomba dalam kebaikan,kehidupan di masyarakat menjadi tenang tentram dan rukun,jawaban siswa,10.0
pendidikan agama islam,menurutmu apa dampak positif bagi masyarakat jika remaja membiasakan diri berlomba dalam kebaikan,menjadikan remaja itu berperilaku baik dan sopan,jawaban siswa,10.0
pendidikan agama islam,menurutmu apa dampak positif bagi masyarakat jika remaja membiasakan diri berlomba dalam kebaikan,mereka menjadi memiliki kebiasaan baik dan membawa dampak positif bagi masyarakat dan diri mereka sendiri selalu ber inisiatif untuk membantu masyarakat,jawaban siswa,10.0
pendidikan agama islam,menurutmu apa dampak positif bagi masyarakat jika remaja membiasakan diri berlomba dalam kebaikan,membentuk karakter positif ketika seseorang terbiasa mendahului dalam melakukan kebaikan ia akan menjadi pribadi yang lebih jujur peduli dan tanggung jawab,jawaban siswa,10.0
pendidikan agama islam,menurutmu apa dampak positif bagi masyarakat jika remaja membiasakan diri berlomba dalam kebaikan,jika para remaja fokus membiasakan diri berlomba dalam kebaikan maka di masyarakat akan tercipta kerukunan tentram tidak ada kegaduhan dan kenakalan remaja,jawaban siswa,10.0
pendidikan agama islam,menurutmu apa dampak positif bagi masyarakat jika remaja membiasakan diri berlomba dalam kebaikan,insyaallah akan menimbulkan ketentraman dan akan mendapatkan pahala serta dosa dosa akan diampuni dan akan jauh dari kata maksiat,jawaban siswa,10.0
pendidikan agama islam,menurutmu apa dampak positif bagi masyarakat jika remaja membiasakan diri berlomba dalam kebaikan,dampaknya ialah dia menjadi lebih menolong orang yang membutuhkan dan dia menjadi lebih baik dan menjauhi larangan allah dan dia belajar mengenai berbuat baik dan menolong orang yang membutuhkan,jawaban siswa,10.0
pendidikan agama islam,menurutmu apa dampak positif bagi masyarakat jika remaja membiasakan diri berlomba dalam kebaikan,lingkungan harmonis saling tolong menolong karakter positif,jawaban kunci,10.0
pendidikan agama islam,menurutmu apa dampak positif bagi masyarakat jika remaja membiasakan diri berlomba dalam kebaikan,masyarakat akan terbiasa akan berlomba lomba kebaikan dan masyarakat berbuat baik,jawaban siswa,10.0
pendidikan agama islam,menurutmu apa dampak positif bagi masyarakat jika remaja membiasakan diri berlomba dalam kebaikan,menimbulkan dampak positif yaitu kita tidak malas dan menjadi semangat karena kita berlomba dalam kebaikan dan kitapun mendapatkan pahala,jawaban siswa,10.0
pendidikan agama islam,menurutmu apa dampak positif bagi masyarakat jika remaja membiasakan diri berlomba dalam kebaikan,dampak dari positif berlomba dalam kebaikan sangatlah bagus bagi masyarakat dan remaja karena tidak akan ada y berbuat sembarang terhadap masyarakat,jawaban siswa,10.0
pendidikan agama islam,menurutmu apa dampak positif bagi masyarakat jika remaja membiasakan diri berlomba dalam kebaikan,terciptanya kebersamaan lingkungan yang lebih baik dan memperoleh pahala,jawaban siswa,10.0
pendidikan agama islam,menurutmu apa dampak positif bagi masyarakat jika remaja membiasakan diri berlomba dalam kebaikan,menjadi lebih tentram dan rukun karna tidak ada pertengkaran yang menimbulkan kerugian bagi masyarakat,jawaban siswa,10.0
pendidikan agama islam,menurutmu apa dampak positif bagi masyarakat jika remaja membiasakan diri berlomba dalam kebaikan,mendapatkan pahala,jawaban siswa,0.0
pendidikan agama islam,menurutmu apa dampak positif bagi masyarakat jika remaja membiasakan diri berlomba dalam kebaikan,dampaknya adalah jika di masyarakat kita harus berlomba lomba dalam kebaikan dan dampaknya adalah masyarakat para remaja itu akan sadar sendirinya dan orang tua tidak akan mengingatkan lagi,jawaban siswa,10.0
pendidikan agama islam,menurutmu apa dampak positif bagi masyarakat jika remaja membiasakan diri berlomba dalam kebaikan,dampak positif nya ialah mereka mau berusaha dan berlomba dalam kebaikan untuk meningkatkan kualitas uman dan kebiasaan yang baik,jawaban siswa,10.0
pendidikan agama islam,menurutmu apa dampak positif bagi masyarakat jika remaja membiasakan diri berlomba dalam kebaikan,menciptakan kebiasaan yang baik menjadikan suatu seorang mempunyau waktu yang teratur dan memiliki tali silaturahmi yang sangat kuat,jawaban siswa,10.0
pendidikan agama islam,menurutmu apa dampak positif bagi masyarakat jika remaja membiasakan diri berlomba dalam kebaikan,dampak posifnya para remaja yang membiasakan diri berlomba dalam kebaikan akan menimbulkan rasa membantu tolong menolong terhadap masyarakat yang sedang mengalami musibah yang sewaktu waktu kalau ada bencana banjir aka para remajalah yang akan membantu masyarakat yang sedang mengalami banjir itu,jawaban siswa,10.0
pendidikan agama islam,menurutmu apa dampak positif bagi masyarakat jika remaja membiasakan diri berlomba dalam kebaikan,maka masyarakat akan damai tentram dan juga rukun,jawaban siswa,10.0
pendidikan agama islam,menurutmu apa dampak positif bagi masyarakat jika remaja membiasakan diri berlomba dalam kebaikan,ahlak kita kepada masyarakat akan baik terhadap sesama,jawaban siswa,10.0
pendidikan agama islam,menurutmu apa dampak positif bagi masyarakat jika remaja membiasakan diri berlomba dalam kebaikan,terjalin nya tali persaudaraan tali silaturah i terjadi keharmonisan di masyarakat dan lain lain,jawaban siswa,10.0
pendidikan agama islam,pilih salah satu fastabiqul khoirot syu abul iman atau akhlaq mazmumah jelaskan bagaimana penerapan materi tersebut dapat memperbaiki suasana dan karakter siswa di sekolah,menjelaskan kepada siswa disekolah kalau akhlaq mazmumah itu akhlaq yang tercela kita sebagai siswa tidak boleh memiliki sifat resebut,jawaban siswa,5.0
pendidikan agama islam,pilih salah satu fastabiqul khoirot syu abul iman atau akhlaq mazmumah jelaskan bagaimana penerapan materi tersebut dapat memperbaiki suasana dan karakter siswa di sekolah,akhlaq mazmumah menanamkan nilai kejujuran dalam keseharian membangunkan disiplin melalui aturan yang konsisten menghargai usaha bukan hanya hasil mendorong kerjasama gotong royong,jawaban siswa,0.0
pendidikan agama islam,pilih salah satu fastabiqul khoirot syu abul iman atau akhlaq mazmumah jelaskan bagaimana penerapan materi tersebut dapat memperbaiki suasana dan karakter siswa di sekolah,fastabiqul khoirot dimana bisa membuat siswa lebih bagus lebih baik dan dimana sekolah akan bagus rapi dan indah jika siswa menerapkan fastabiqul khoirot,jawaban siswa,10.0
pendidikan agama islam,pilih salah satu fastabiqul khoirot syu abul iman atau akhlaq mazmumah jelaskan bagaimana penerapan materi tersebut dapat memperbaiki suasana dan karakter siswa di sekolah,fastabiqul khoirot berlomba lomba dalam kebaikan sesuatu yang apabila kita kerjakan dengan cara berlomba lomba itu sangat baik,jawaban siswa,10.0
pendidikan agama islam,pilih salah satu fastabiqul khoirot syu abul iman atau akhlaq mazmumah jelaskan bagaimana penerapan materi tersebut dapat memperbaiki suasana dan karakter siswa di sekolah,fastabiqul khoirot berlomba lomba dalam kebaikan yaitu selalu melakukan kebaikan maka suasana dan karakter siswa akan menjadi baik dan selalu damai rukun satu sama lain kebaikan juga harus diterapkan dalam sehari hari agar mudah diterapkan bagi siswa,jawaban siswa,10.0
pendidikan agama islam,pilih salah satu fastabiqul khoirot syu abul iman atau akhlaq mazmumah jelaskan bagaimana penerapan materi tersebut dapat memperbaiki suasana dan karakter siswa di sekolah,fastabiqul khoirot berlomba lomba dalam hal kebaikan karakter di sekolah seperti giat belajar belajar dengan bersungguh sungguh membantu teman yang kesulitan sama tugasnya,jawaban siswa,10.0
pendidikan agama islam,pilih salah satu fastabiqul khoirot syu abul iman atau akhlaq mazmumah jelaskan bagaimana penerapan materi tersebut dapat memperbaiki suasana dan karakter siswa di sekolah,fastabiqul khoirot berlomba dalam kebaikan ketika siswa fokus pada kebaikan maka dia tidak akan memikirkan hal tidak penting yang lain fokus belajar membnatu teman datang tepat waktu piket kelas dan lain lain akan membentuk pribadi yang rajin dan disiplin sehingga karakter siswa tersebut lebih baik,jawaban siswa,10.0
pendidikan agama islam,pilih salah satu fastabiqul khoirot syu abul iman atau akhlaq mazmumah jelaskan bagaimana penerapan materi tersebut dapat memperbaiki suasana dan karakter siswa di sekolah,syu abul iman karena dapat membantu memperbaiki ahklak perilaku siswa,jawaban siswa,10.0
pendidikan agama islam,pilih salah satu fastabiqul khoirot syu abul iman atau akhlaq mazmumah jelaskan bagaimana penerapan materi tersebut dapat memperbaiki suasana dan karakter siswa di sekolah,syu abul iman memperbaiki kulaitas hidupnya yang dulunya suka bolos dan sekarang rajin mengikuti kegiatan pelajaran dan perbuatan baik lainnya,jawaban siswa,10.0
pendidikan agama islam,sebutkan lima cabang iman dan jelaskan makna salah satunya,makrifatul qolbi hati beriman kepada allah swt beriman kepada malaikat beriman kepada kitab kitab beriman rasul rasul beriman kepada hari akhir qoulun bi lisan lisan amalu bil irkan anggota badan,jawaban siswa,10.0
pendidikan agama islam,sebutkan lima cabang iman dan jelaskan makna salah satunya,iman kepada allah berdoam sholat waktu iman kepada kitab allah berzikir,jawaban siswa,10.0
pendidikan agama islam,sebutkan lima cabang iman dan jelaskan makna salah satunya,ma rifatun bi kalbi kaulun bi lisan amalin bi arkan makna dari amalun bi arkan adalah beriman dengan perbuatan yang baik,jawaban siswa,0.0
pendidikan agama islam,sebutkan lima cabang iman dan jelaskan makna salah satunya,percaya kepada allah percaya kepada malaikat percaya kepada kitab percaya kepada rasul percaya kepada hari kiamat percaya kepada qada dan qadar,jawaban siswa,10.0
pendidikan agama islam,sebutkan lima cabang iman dan jelaskan makna salah satunya,iman kepada allah berdoa sholat waktu iman kepada kitab allah dan berdzikir makna dari berdzikir yaitu jika mengamalkannya akan mendapatkan pahala,jawaban siswa,10.0
pendidikan agama islam,sebutkan lima cabang iman dan jelaskan makna salah satunya,ma rifatun bi qalbi amalum bi arkam qaulun bi lisan,jawaban siswa,0.0
pendidikan agama islam,sebutkan lima cabang iman dan jelaskan makna salah satunya,ma rifatun bi qalbi qoulun bi lisan amalun bi arkan,jawaban siswa,0.0
pendidikan agama islam,sebutkan lima cabang iman dan jelaskan makna salah satunya,menghargai orang lain mengucapkan kalimat syahadat sholat bersikap jujur dan menepati janji bersikap jujur kejujuran adalah cabang iman yang paling penting krn menunjukkan kesucian hati ketulusan seseorang,jawaban siswa,10.0
pendidikan agama islam,sebutkan lima cabang iman dan jelaskan makna salah satunya,iman kepada allah iman kepada rasul dan malaikat allah iman kepada kitab allah iman kepada qada dan qadar,jawaban siswa,10.0
pendidikan agama islam,sebutkan tiga contoh akhlaq mazmumah di kalangan remaja sekarang dan berikan contoh perilaku yang menggambarkannya,dia memamerkan barang barang bagus dia iri terhadap temannya mempunyai pacar pasangan yang cantik dia membohongi orang tuanya dia meminta uang buat beli bensin ternyata dia beli eceran rokok,jawaban siswa,10.0
pendidikan agama islam,sebutkan tiga contoh akhlaq mazmumah di kalangan remaja sekarang dan berikan contoh perilaku yang menggambarkannya,sombong iri hati dengki bohong,jawaban siswa,10.0
pendidikan agama islam,sebutkan tiga contoh akhlaq mazmumah di kalangan remaja sekarang dan berikan contoh perilaku yang menggambarkannya,foya foya yaitu boros dengan harta riya yaitu memperlihatkan amalan ibadahnya disosmed agar mendapatkan pujian dari orang lain sum ah yaitu memperdengarkan amalan ibadahnya kepada seseorang agar mendapatkan pujian sanjungan,jawaban siswa,10.0
pendidikan agama islam,sebutkan tiga contoh akhlaq mazmumah di kalangan remaja sekarang dan berikan contoh perilaku yang menggambarkannya,iri terhadap kesuksesa orang lain jika kita membeli barang kita suka memamerkannya kita di beri kepercayaan tetapi tidak dilaksanakan,jawaban siswa,10.0
pendidikan agama islam,sebutkan tiga contoh akhlaq mazmumah di kalangan remaja sekarang dan berikan contoh perilaku yang menggambarkannya,foya foya riya takabbur,jawaban siswa,10.0
pendidikan agama islam,sebutkan tiga contoh akhlaq mazmumah di kalangan remaja sekarang dan berikan contoh perilaku yang menggambarkannya,sombong iri suka berbohong contoh sombong memamerkan suatu barang mahal iri iri terhadap seseorang yang hodupnya enak berbohong terhadap orang tua soal hal memukul adek,jawaban siswa,10.0
pendidikan agama islam,sebutkan tiga contoh akhlaq mazmumah di kalangan remaja sekarang dan berikan contoh perilaku yang menggambarkannya,membuang sampah sembarangan melawan orang tua menghina orang kesusahan,jawaban siswa,5.0
pendidikan agama islam,sebutkan tiga contoh akhlaq mazmumah di kalangan remaja sekarang dan berikan contoh perilaku yang menggambarkannya,riya pamer ketika habis beli barang bagus atau mahal diperlihatkan kepada teman temannya foya foya boros berlebihan dalam membelanjakan uang padahal bukan kebutuhannya hasad iri dengki iri dicampur rasa benci ketika orang lain mencapai kesuksesannya,jawaban siswa,10.0
pendidikan agama islam,sebutkan tiga contoh akhlaq mazmumah di kalangan remaja sekarang dan berikan contoh perilaku yang menggambarkannya,iri sombong riya contoh aldi habis sedekah kepada masjid sebesar miliar setelah itu aldi pulang bertemu teman teman nya dia menceritakan dengan berniat riya karena dia habis menyumbangkan hartanya kepada masjid riya adalah sesuatu yang telah kita lakukan dan kita bicarakan kepada orang lain,jawaban siswa,10.0
pendidikan agama islam,sebutkan tiga contoh akhlaq mazmumah di kalangan remaja sekarang dan berikan contoh perilaku yang menggambarkannya,iri hati sombong suka berbohong orang yang iri hati yaitu orang yang tidak ingin temannya itu berada di atas dia contohnya si a pintar namun si b lebih pintar nah karena si a orangnya sellau iri dia menjelek jelekan si b kepada teman temannya agar si b tidak memiliki teman orang yang suka berbohong orang slalu berkata yang tidak sesuai kenyataan,jawaban siswa,10.0
pendidikan agama islam,sebutkan tiga contoh perilaku fastabiqul khoirot di lingkungan sekolah,belajar dengan sungguh sungguh tidak mencontek tidak datang telat dan mengikuti upacara,jawaban siswa,10.0
pendidikan agama islam,sebutkan tiga contoh perilaku fastabiqul khoirot di lingkungan sekolah,menolong teman saat kesulitan menyapa guru akhlak dijaga,jawaban siswa,10.0
pendidikan agama islam,sebutkan tiga contoh perilaku fastabiqul khoirot di lingkungan sekolah,ketika ujian saat kumandang adza melaksanakan sholat,jawaban siswa,0.0
pendidikan agama islam,sebutkan tiga contoh perilaku fastabiqul khoirot di lingkungan sekolah,saling membantu satu sama lain mengerjakan tugas mengajari teman yang kesulitan dalam mengerjakan dalam memahami pelajaran,jawaban siswa,10.0
pendidikan agama islam,sebutkan tiga contoh perilaku fastabiqul khoirot di lingkungan sekolah,piket kelas mengerjjakan tugas memberi salam kepada guru,jawaban siswa,10.0
pendidikan agama islam,sebutkan tiga contoh perilaku fastabiqul khoirot di lingkungan sekolah,membersihkan ruang kelas membantu teman yang sedang kesusahan menghormati guru,jawaban siswa,10.0
pendidikan agama islam,sebutkan tiga contoh perilaku fastabiqul khoirot di lingkungan sekolah,mengerjakan tugas membantu teman jika kesulitan tidak mencontek jujur,jawaban siswa,10.0
pendidikan agama islam,sebutkan tiga contoh perilaku fastabiqul khoirot di lingkungan sekolah,berbagi ilmu kecuali saat ujian membantu teman saat piket sendiri menolong teman saat kesusahan,jawaban siswa,10.0
pendidikan agama islam,sebutkan tiga contoh perilaku fastabiqul khoirot di lingkungan sekolah,saat ujian sholat waktu adan berkumandang,jawaban siswa,0.0
pendidikan agama islam,sebutkan tiga contoh perilaku fastabiqul khoirot di lingkungan sekolah,membantu teman yang kesusahan membantu guru menghapus papan tulis membuang sampah di tempatnya,jawaban siswa,10.0
pendidikan agama islam,sebutkan tiga contoh perilaku fastabiqul khoirot di lingkungan sekolah,membuang sampah pada tempatnya membersihkan halaman sekolah mendengarkan guru saat guru menerangkan,jawaban siswa,10.0
pendidikan agama islam,sebutkan tiga contoh perilaku fastabiqul khoirot di lingkungan sekolah,membuang sampah pada tempat sampah membantu teman yang sedang kesulitan mengerjakan sesuatu membantu guru yang sedang kesulitan membawa barang,jawaban siswa,10.0
pendidikan agama islam,sebutkan tiga contoh perilaku fastabiqul khoirot di lingkungan sekolah,membersihkan lingkungan sekolah merebutkan perintah guru untuk membaca al quran mengerjakan tugas dengan cepat,jawaban siswa,10.0
pendidikan agama islam,sebutkan tiga contoh perilaku fastabiqul khoirot di lingkungan sekolah,jaga kebersihan berpakaian rapi dan jaga etika dan omongan ke guru maupun ke teman,jawaban siswa,10.0
pendidikan agama islam,sebutkan tiga contoh perilaku fastabiqul khoirot di lingkungan sekolah,jika teman kita lupa membawa pensil kita pinjami ketika pada saat sekolah sudah masuk jam nya sholat kita ajak teman kita sholat tanpa menguur waktu membantu guru jika kesusahan membawa suatu barang,jawaban siswa,10.0
pendidikan agama islam,sebutkan tiga contoh perilaku fastabiqul khoirot di lingkungan sekolah,menjaga lingkungan sekolah seperti tertib dalam aturan sekolah baik dan sopan,jawaban siswa,10.0
pendidikan agama islam,sebutkan tiga contoh perilaku fastabiqul khoirot di lingkungan sekolah,membantu teman yang kesusahan menolong teman yang terkena musibah jatuh kecelakaan dan lain lain dan membantu teman yang kesusahan dalam belajar,jawaban siswa,10.0
pendidikan agama islam,sebutkan tiga contoh perilaku fastabiqul khoirot di lingkungan sekolah,membantu teman yang jatuh menuntut ilmu rajin belajar membantu guru membawakan buku ke kelas,jawaban siswa,10.0
pendidikan agama islam,sebutkan tiga contoh perilaku fastabiqul khoirot di lingkungan sekolah,membantu teman ketika kesusahan membersihkan kelas rajin belajar,jawaban siswa,10.0
pendidikan agama islam,sebutkan tiga contoh perilaku fastabiqul khoirot di lingkungan sekolah,membersihkan kelas sebelum pelajaran di mulai menghormati dan menghargai guru tidak membuang sampah sembarangan,jawaban siswa,10.0
pendidikan agama islam,sebutkan tiga contoh perilaku fastabiqul khoirot di lingkungan sekolah,tidak terlambat datang kesekolah membantu teman yang sedang kesusahan mengajak teman untuk berbuat kebaikan,jawaban siswa,10.0
pendidikan agama islam,sebutkan tiga contoh perilaku fastabiqul khoirot di lingkungan sekolah,contoh perilaku fastabiqul khorot pada lingkungan sekolah seperti menolong teman yang telah jatuh meminjami teman pensil atau penghapus jika tidak punya mendengarkan dan memahami ketika guru menerangkan,jawaban siswa,10.0
pendidikan agama islam,sebutkan tiga contoh perilaku fastabiqul khoirot di lingkungan sekolah,membantu bersedakah pulpen penghapus dan lain lain mengamalkan ilmu dan belajar membantu teman yang kesulitan dan rajin membaca menyapa guru,jawaban siswa,10.0
pendidikan agama islam,sebutkan tiga contoh perilaku fastabiqul khoirot di lingkungan sekolah,menolong teman saat kesusahan membuang sampah pada tempatnya dan tidak mencontek saat ujian,jawaban siswa,10.0
pendidikan agama islam,sebutkan tiga contoh perilaku fastabiqul khoirot di lingkungan sekolah,membantu teman menjaga kebersihan kelas disiplin waktu,jawaban kunci,10.0
pendidikan agama islam,sebutkan tiga contoh perilaku fastabiqul khoirot di lingkungan sekolah,jika ada temanya yang tidak bisa maka kita berlomba lomba membantu teman kita tidak boleh kita berlomba lomba dalam keburukan kita harus berlomba lomba dalam mencapai nilai ujian,jawaban siswa,10.0
pendidikan agama islam,sebutkan tiga contoh perilaku fastabiqul khoirot di lingkungan sekolah,saat selesai pelajaran ada teman kita yang belum paham kita yang paham harus menjelaskan tetapi jika waktu ulangan ujian kita tidak boleh memberi jawaban saat teman kita terjatuh kita harus menolong saat guru kita menjelaskan kita harus mendengarkan,jawaban siswa,10.0
pendidikan agama islam,sebutkan tiga contoh perilaku fastabiqul khoirot di lingkungan sekolah,menolong teman yang membutuhkan teman susah menjenguk teman yang sakit ikut serta dalam kegiatan amal untuk orang yang mengalami musibah,jawaban siswa,10.0
pendidikan pancasila,apa yang kalian ketahui tentang system ekonomi pancasila,sistem ekonomi pancasila,jawaban siswa,0.0
pendidikan pancasila,apa yang kalian ketahui tentang system ekonomi pancasila,sustem ekonomi pancasila yaitu sebagai landasan dan operation untuk mewujudkan keadilan sosial kemakmuran dan kesejahteraan yang merata bagi seluruh rajyat indonesia,jawaban siswa,5.0
pendidikan pancasila,apa yang kalian ketahui tentang system ekonomi pancasila,gotong royong,jawaban siswa,0.0
pendidikan pancasila,apa yang kalian ketahui tentang system ekonomi pancasila,sistem ekonomi pancasila adalah sistem yang berlandaskan pada nilai nilai pancasila sebagai dasar negara indonesia,jawaban siswa,10.0
pendidikan pancasila,apa yang kalian ketahui tentang system ekonomi pancasila,sistem keuangan yang bisa membuat semua itu rata,jawaban siswa,0.0
pendidikan pancasila,apa yang kalian ketahui tentang system ekonomi pancasila,merupakan ketentuan pegangan bangsa indonesia,jawaban siswa,0.0
pendidikan pancasila,apa yang kalian ketahui tentang system ekonomi pancasila,sistem ekonomi pancasila ialah sistem yang ekonomi yang diambil dari makna pancasila itu sendiri,jawaban siswa,5.0
pendidikan pancasila,apa yang kalian ketahui tentang system ekonomi pancasila,memberikan kehidupan yang makmur dalam masyarakat,jawaban siswa,0.0
pendidikan pancasila,apa yang kalian ketahui tentang system ekonomi pancasila,sistem ekonomi pancasila merupakan sistem ekonomi yang menggunakan dasar pancasila,jawaban siswa,10.0
pendidikan pancasila,apa yang kalian ketahui tentang system ekonomi pancasila,system ekonomi pancasila yaitu berupa pembayaran pajak yang wajib agar untuk membangun lebih cepat entah itu pembangungan jalan ataupun bantuan bantuan yang diterima oleh rakyat kurang mampu,jawaban siswa,0.0
pendidikan pancasila,apa yang kalian ketahui tentang system ekonomi pancasila,lambang ke empat pancasila yaitu padi dan kapas yang menunjukkan sistem ekonomi pancasila,jawaban siswa,0.0
pendidikan pancasila,apa yang kalian ketahui tentang system ekonomi pancasila,sistem ekonomi pancasila adalah sistem yang menerangkan tentang pengertian ekonomi masalah yang ada di ekonomi dampak ekonomi dan sebagainya,jawaban siswa,0.0
pendidikan pancasila,apa yang kalian ketahui tentang system ekonomi pancasila,sistem yang berlandasan pada nilai nilai pancasila sebagai dasar negara indonesia,jawaban siswa,10.0
pendidikan pancasila,apa yang kalian ketahui tentang system ekonomi pancasila,pengolahan dana,jawaban siswa,0.0
pendidikan pancasila,apa yang kalian ketahui tentang system ekonomi pancasila,suatu metode memberikan kehidupan yang makmur kepada masyarakat,jawaban siswa,0.0
pendidikan pancasila,apa yang kalian ketahui tentang system ekonomi pancasila,ekonomi pancasila merupakan suatu kegiatan yang bersangkutan dengan ekonomi yang berdasarkan nilai nilai pancasila,jawaban siswa,10.0
pendidikan pancasila,apa yang kalian ketahui tentang system ekonomi pancasila,sistem ekonomi pancasila yaitu sebagai landasan untuk mewujudkan keadilan sosial kemakmuran dan kesejahteraan yang merata bagi seluruh rakyat indonesia,jawaban siswa,5.0
pendidikan pancasila,apa yang kalian ketahui tentang system ekonomi pancasila,sistem ekonomi pancasila adalah keuangan yang bisa mengatur semua,jawaban siswa,0.0
pendidikan pancasila,apa yang kalian ketahui tentang system ekonomi pancasila,sistem ekonomi pancasila adalah sistem ekonomi khas indonesia yang dilandaskan pancasila dan undang undang dasar asas utamanya ialah kekeluargaan keadilan sosial dan gotong royong,jawaban siswa,10.0
pendidikan pancasila,apa yang kalian ketahui tentang system ekonomi pancasila,sistem ekonomi pancasila adalah keuangan yang bisa menjadikan semua itu rata tidak dikorupsi,jawaban siswa,0.0
pendidikan pancasila,apa yang kalian ketahui tentang system ekonomi pancasila,adalah perekonomian pancasila,jawaban siswa,0.0
pendidikan pancasila,apa yang kalian ketahui tentang system ekonomi pancasila,system ekonomi pancasila itu mengikuti bagaimana keaadan pekerjaan,jawaban siswa,0.0
pendidikan pancasila,apa yang kalian ketahui tentang system ekonomi pancasila,pengolahan dana korupsi,jawaban siswa,0.0
pendidikan pancasila,apakah sebenarnya makna dari bhineka tunggal ika dalam kitab sutasoma tersebut,berbeda beda antar suku agama ras budaya tapi tetap bersama bersatu kesatuan,jawaban siswa,5.0
pendidikan pancasila,apakah sebenarnya makna dari bhineka tunggal ika dalam kitab sutasoma tersebut,ajaran toleransi dan persatuan yaitu mengakui adanya perbedaan tetapi menjaga kesatuan dan keharmonisan dalam kehidupan bermasyarakat,jawaban siswa,10.0
pendidikan pancasila,apakah sebenarnya makna dari bhineka tunggal ika dalam kitab sutasoma tersebut,meskipun berbeda ras suku bahasa budaya dan lain lain indonesia akan tetap satu sama hanya dengan arti dari bhinneka tunggal ika tersebut berbeda beda tetapi tetap satu jua,jawaban siswa,5.0
pendidikan pancasila,apakah sebenarnya makna dari bhineka tunggal ika dalam kitab sutasoma tersebut,maknanya adalah agar kita dapat menghargai walaupun berbeda beda,jawaban siswa,5.0
pendidikan pancasila,apakah sebenarnya makna dari bhineka tunggal ika dalam kitab sutasoma tersebut,bhinneka bermakna berbeda beda atau beragam tunggal bermakna satu ika bermakna itu menjadi harafiah yang berarti berbeda beda tapi tetap satu,jawaban siswa,10.0
pendidikan pancasila,apakah sebenarnya makna dari bhineka tunggal ika dalam kitab sutasoma tersebut,makna bhineka tunggal ika dalam kitab sutasoma yaitu berbeda beda tetapi tetap satu jua jangan jadikan perbedaansebagai perpecahan tapi jadikan perbedaan sebagai persatuan,jawaban siswa,5.0
pendidikan pancasila,apakah sebenarnya makna dari bhineka tunggal ika dalam kitab sutasoma tersebut,berbeda beda tetapi tetap satu jiwa,jawaban siswa,0.0
pendidikan pancasila,apakah sebenarnya makna dari bhineka tunggal ika dalam kitab sutasoma tersebut,kitab kakawin sutasoma karya mpu tantular adalah ajaran tentang persatuan berbeda beda tetapi tetap satu jua hakikat di tengah perbedaan ajaran,jawaban siswa,10.0
pendidikan pancasila,apakah sebenarnya makna dari bhineka tunggal ika dalam kitab sutasoma tersebut,berisi etika dan nilai moral manusia dalam menghargai perbedaan dan tetap menjadi satu kesatuan dalam keberagaman,jawaban siswa,5.0
pendidikan pancasila,bhinneka tunggal ika tan hana dharma mangrwa coba cari makna atau arti dari kalimat tersebut,berbeda beda tapi tetap satu tujuan anti terpecah belah,jawaban siswa,0.0
pendidikan pancasila,bhinneka tunggal ika tan hana dharma mangrwa coba cari makna atau arti dari kalimat tersebut,berbeda beda keberagaman tetapi tetap menjadi kesatuan,jawaban siswa,5.0
pendidikan pancasila,bhinneka tunggal ika tan hana dharma mangrwa coba cari makna atau arti dari kalimat tersebut,berasal dari bahasa jawa kuno kawi berbeda beda satu itu tidak ada kebenaran atau ajaran mendua atau berbeda beda,jawaban siswa,10.0
pendidikan pancasila,bhinneka tunggal ika tan hana dharma mangrwa coba cari makna atau arti dari kalimat tersebut,berbeda beda tetapi tetap satu tujuan,jawaban siswa,5.0
pendidikan pancasila,bhinneka tunggal ika tan hana dharma mangrwa coba cari makna atau arti dari kalimat tersebut,merupakan suatu semboyan berbeda beda tetapi tetap satu jua,jawaban siswa,10.0
pendidikan pancasila,bhinneka tunggal ika tan hana dharma mangrwa coba cari makna atau arti dari kalimat tersebut,berasal dari bahasa jawa berbeda beda tapi satu itu tidak ada,jawaban siswa,5.0
pendidikan pancasila,bhinneka tunggal ika tan hana dharma mangrwa coba cari makna atau arti dari kalimat tersebut,berbeda beda tetapi tetap satu jua yang tidak melanggar aturan,jawaban siswa,0.0
pendidikan pancasila,bhinneka tunggal ika tan hana dharma mangrwa coba cari makna atau arti dari kalimat tersebut,berbeda beda tetapi tetap satu jua,jawaban siswa,5.0
pendidikan pancasila,bhinneka tunggal ika tan hana dharma mangrwa coba cari makna atau arti dari kalimat tersebut,berbeda beda itu satu adanya tidak ada kebenaran yang mendua,jawaban siswa,10.0
pendidikan pancasila,bhinneka tunggal ika tan hana dharma mangrwa coba cari makna atau arti dari kalimat tersebut,bhinneka tunggal ika tan hana dharma mangrwa artinya adalah semboyan bangsa kita adalah bhineka tunggal ika,jawaban siswa,0.0
pendidikan pancasila,bhinneka tunggal ika tan hana dharma mangrwa coba cari makna atau arti dari kalimat tersebut,artinya berasal dari bahasa jawa kuno berbeda beda satu itu tidak ada kebenaran atau ajaran mendua atau berbeda beda,jawaban siswa,10.0
pendidikan pancasila,bhinneka tunggal ika tan hana dharma mangrwa coba cari makna atau arti dari kalimat tersebut,bhinneka tunggal ika berbeda beda tetapi tetap satu jua,jawaban siswa,0.0
pendidikan pancasila,bhinneka tunggal ika tan hana dharma mangrwa coba cari makna atau arti dari kalimat tersebut,berbeda beda tetapi tetap satu jua meskipun berbeda janganlah berpecah belah,jawaban siswa,5.0
pendidikan pancasila,bhinneka tunggal ika tan hana dharma mangrwa coba cari makna atau arti dari kalimat tersebut,bhinneka tunggal ika yang berarti berbeda beda tetapi tetap satu jua semboyan republik indonesia,jawaban siswa,5.0
pendidikan pancasila,bhinneka tunggal ika tan hana dharma mangrwa coba cari makna atau arti dari kalimat tersebut,bhinneka tunggal ika adalah keberagaman dan kesatuan,jawaban siswa,0.0
pendidikan pancasila,bhinneka tunggal ika tan hana dharma mangrwa coba cari makna atau arti dari kalimat tersebut,tanpa membeda bedakan suku dan ras dan budaya,jawaban siswa,0.0
pendidikan pancasila,bhinneka tunggal ika tan hana dharma mangrwa coba cari makna atau arti dari kalimat tersebut,beragaman kesatuan,jawaban siswa,0.0
pendidikan pancasila,bhinneka tunggal ika tan hana dharma mangrwa coba cari makna atau arti dari kalimat tersebut,berbeda beda tetapi tetap satu itu tidak ada,jawaban siswa,5.0
pendidikan pancasila,bhinneka tunggal ika tan hana dharma mangrwa coba cari makna atau arti dari kalimat tersebut,bhineka tunggal ika tan hana dharma mangrwa bermakna berbeda beda tapi tetap satu dan tidak ada kebenaran yang mendua,jawaban siswa,10.0
pendidikan pancasila,bhinneka tunggal ika tan hana dharma mangrwa coba cari makna atau arti dari kalimat tersebut,bhinneka tunggal ika tan hana dharma magrwa yang artinya perbedaan antar keberagaman merupakan kesatuan dari bangsa indonesia,jawaban siswa,0.0
pendidikan pancasila,bhinneka tunggal ika tan hana dharma mangrwa coba cari makna atau arti dari kalimat tersebut,bahwasanya yaitu berbeda beda tetapi satu itu tidak ada,jawaban siswa,5.0
pendidikan pancasila,bhinneka tunggal ika tan hana dharma mangrwa coba cari makna atau arti dari kalimat tersebut,keberagaman dan kesatuan,jawaban siswa,0.0
pendidikan pancasila,indonesia adalah negara yang memiliki penduduk heterogen dengan wilayah kepulauan yang terdiri atas belasan ribu pulau yang satu sama lain dipersatukan oleh selat dan laut coba jelaskan apa makna yang terkandung dalam hubungan bangsa indonesia dengan bhineka tunggal ika,tergantung dalam bangsa indonesia,jawaban siswa,0.0
pendidikan pancasila,indonesia adalah negara yang memiliki penduduk heterogen dengan wilayah kepulauan yang terdiri atas belasan ribu pulau yang satu sama lain dipersatukan oleh selat dan laut coba jelaskan apa makna yang terkandung dalam hubungan bangsa indonesia dengan bhineka tunggal ika,meskipun indonesia memiliki belasan ribu pulau tetapi tetap bersatu berhubungan dengan bhinneka karena berbeda beda tetap bersatu,jawaban siswa,5.0
pendidikan pancasila,indonesia adalah negara yang memiliki penduduk heterogen dengan wilayah kepulauan yang terdiri atas belasan ribu pulau yang satu sama lain dipersatukan oleh selat dan laut coba jelaskan apa makna yang terkandung dalam hubungan bangsa indonesia dengan bhineka tunggal ika,makna yang terkandung dalam hubungan bangsa indonesia dan bhineka tunggal ika yaitu indonesia memiliki penduduk heterogen dengan kepulauan belasan ribu walaupun terpecah belah oleh pulau tapi masih tepat indonesia,jawaban siswa,5.0
pendidikan pancasila,indonesia adalah negara yang memiliki penduduk heterogen dengan wilayah kepulauan yang terdiri atas belasan ribu pulau yang satu sama lain dipersatukan oleh selat dan laut coba jelaskan apa makna yang terkandung dalam hubungan bangsa indonesia dengan bhineka tunggal ika,walaupun berbeda tetapi kita tetap satu darah satu pejuang dan satu negara,jawaban siswa,0.0
pendidikan pancasila,indonesia adalah negara yang memiliki penduduk heterogen dengan wilayah kepulauan yang terdiri atas belasan ribu pulau yang satu sama lain dipersatukan oleh selat dan laut coba jelaskan apa makna yang terkandung dalam hubungan bangsa indonesia dengan bhineka tunggal ika,mereka ini saling dipersatukan oleh selat dan laut akan tetapi mereka juga memiliki ciri khas masing masing,jawaban siswa,0.0
pendidikan pancasila,indonesia adalah negara yang memiliki penduduk heterogen dengan wilayah kepulauan yang terdiri atas belasan ribu pulau yang satu sama lain dipersatukan oleh selat dan laut coba jelaskan apa makna yang terkandung dalam hubungan bangsa indonesia dengan bhineka tunggal ika,makna yang terkandung adalah bahwa walaupun indonesia terdiri dari banyak pulau suku budaya dan adat istiadat seluruh rakyat indonesia tetap di persatukan sebagai satu bangsa dan satu negara dalam bingkai bhineka tunggal ika,jawaban siswa,10.0
pendidikan pancasila,indonesia adalah negara yang memiliki penduduk heterogen dengan wilayah kepulauan yang terdiri atas belasan ribu pulau yang satu sama lain dipersatukan oleh selat dan laut coba jelaskan apa makna yang terkandung dalam hubungan bangsa indonesia dengan bhineka tunggal ika,walau indonesia terdiri dari berbagai macam pulau dan perbedaan yang sangat jauh kita tetapi punya tujuan yang sama yaitu agar indonesia menjadi lebih berkembang dan maju,jawaban siswa,5.0
pendidikan pancasila,indonesia adalah negara yang memiliki penduduk heterogen dengan wilayah kepulauan yang terdiri atas belasan ribu pulau yang satu sama lain dipersatukan oleh selat dan laut coba jelaskan apa makna yang terkandung dalam hubungan bangsa indonesia dengan bhineka tunggal ika,dalam hubungan dengan bangsa indonesia sangat dalam karena semboyan ini bukan terkait slogan tetapi fondasi kehidupan dan bernegara,jawaban siswa,10.0
pendidikan pancasila,indonesia adalah negara yang memiliki penduduk heterogen dengan wilayah kepulauan yang terdiri atas belasan ribu pulau yang satu sama lain dipersatukan oleh selat dan laut coba jelaskan apa makna yang terkandung dalam hubungan bangsa indonesia dengan bhineka tunggal ika,bhineka tunggal ika adalah simbol garuda yang besar dan keberanian dan tanggung jawab dengan apapun yang dilakukan,jawaban siswa,0.0
pendidikan pancasila,indonesia adalah negara yang memiliki penduduk heterogen dengan wilayah kepulauan yang terdiri atas belasan ribu pulau yang satu sama lain dipersatukan oleh selat dan laut coba jelaskan apa makna yang terkandung dalam hubungan bangsa indonesia dengan bhineka tunggal ika,indonesia merupakan negara yang memiliki belasan ribu pulau hubungan indonesia terhadap bhinneka tunggal ika adalah meskipun indonesia mempunyai beragam pulau beragam suku budaya dan ras merek aitu tetap satu,jawaban siswa,5.0
pendidikan pancasila,indonesia adalah negara yang memiliki penduduk heterogen dengan wilayah kepulauan yang terdiri atas belasan ribu pulau yang satu sama lain dipersatukan oleh selat dan laut coba jelaskan apa makna yang terkandung dalam hubungan bangsa indonesia dengan bhineka tunggal ika,keberagaman perbedaan pulau tapi bersatu,jawaban siswa,0.0
pendidikan pancasila,indonesia adalah negara yang memiliki penduduk heterogen dengan wilayah kepulauan yang terdiri atas belasan ribu pulau yang satu sama lain dipersatukan oleh selat dan laut coba jelaskan apa makna yang terkandung dalam hubungan bangsa indonesia dengan bhineka tunggal ika,makna yang terkandung dalam hubungan bangsa indonesia dengan bhinneka tunggal ika yaitu kita tidak boleh membedakan antar suku ras budaya meskipun kita berbeda namun harus tetap bersatu,jawaban siswa,5.0
pendidikan pancasila,indonesia adalah negara yang memiliki penduduk heterogen dengan wilayah kepulauan yang terdiri atas belasan ribu pulau yang satu sama lain dipersatukan oleh selat dan laut coba jelaskan apa makna yang terkandung dalam hubungan bangsa indonesia dengan bhineka tunggal ika,semangat berberagam dalam perbedaan kesatuan dari bangsa indonesia bhinneka artinya berbeda beda tunggal artinya satu ika artinya jua,jawaban siswa,5.0
pendidikan pancasila,indonesia adalah negara yang memiliki penduduk heterogen dengan wilayah kepulauan yang terdiri atas belasan ribu pulau yang satu sama lain dipersatukan oleh selat dan laut coba jelaskan apa makna yang terkandung dalam hubungan bangsa indonesia dengan bhineka tunggal ika,bhineka tunggal ika erat kaitannya dengan hubungan bangsa indonesia karena arti dari bhineka tunggal ika sendiri sudah menjelaskan bagaimana hubungan bangsa indonesia,jawaban siswa,10.0
pendidikan pancasila,indonesia adalah negara yang memiliki penduduk heterogen dengan wilayah kepulauan yang terdiri atas belasan ribu pulau yang satu sama lain dipersatukan oleh selat dan laut coba jelaskan apa makna yang terkandung dalam hubungan bangsa indonesia dengan bhineka tunggal ika,bhineka tunggal ika telah menjadi dasar bersatunya bangsa indonesia untuk menggapai cita cita bangsa karena bhinneka tunggal ika memiliki makna berbeda beda tetapi tetap satu jua,jawaban siswa,5.0
pendidikan pancasila,indonesia adalah negara yang memiliki penduduk heterogen dengan wilayah kepulauan yang terdiri atas belasan ribu pulau yang satu sama lain dipersatukan oleh selat dan laut coba jelaskan apa makna yang terkandung dalam hubungan bangsa indonesia dengan bhineka tunggal ika,perbedaan dalam keberagaman merupakan kesatuan dari bangsa indonesia,jawaban siswa,0.0
pendidikan pancasila,indonesia adalah negara yang memiliki penduduk heterogen dengan wilayah kepulauan yang terdiri atas belasan ribu pulau yang satu sama lain dipersatukan oleh selat dan laut coba jelaskan apa makna yang terkandung dalam hubungan bangsa indonesia dengan bhineka tunggal ika,walaupun indonesia belasan ribu pulau di persatukan oleh bhineka tunggal ika yang artinya walaupun berbeda tetapi tetap satu jua maksudnya walaupun beda pulau kita tetap satu perjuang satu darah dalam suatu negara,jawaban siswa,5.0
pendidikan pancasila,indonesia adalah negara yang memiliki penduduk heterogen dengan wilayah kepulauan yang terdiri atas belasan ribu pulau yang satu sama lain dipersatukan oleh selat dan laut coba jelaskan apa makna yang terkandung dalam hubungan bangsa indonesia dengan bhineka tunggal ika,dalam hubungan dengan bangsa indonesia sangat dalam karena semboyan ini bukan slogan tetapi fondasi kehidupan dan bernegara,jawaban siswa,10.0
pendidikan pancasila,indonesia adalah negara yang memiliki penduduk heterogen dengan wilayah kepulauan yang terdiri atas belasan ribu pulau yang satu sama lain dipersatukan oleh selat dan laut coba jelaskan apa makna yang terkandung dalam hubungan bangsa indonesia dengan bhineka tunggal ika,bhineka tunggal ika yang menekankan persatuan sebagai moto negara yang dicantumkan pada lambang negara garuda pancasila,jawaban siswa,10.0
pendidikan pancasila,indonesia adalah negara yang memiliki penduduk heterogen dengan wilayah kepulauan yang terdiri atas belasan ribu pulau yang satu sama lain dipersatukan oleh selat dan laut coba jelaskan apa makna yang terkandung dalam hubungan bangsa indonesia dengan bhineka tunggal ika,indonesia terdiri dari berbagai pulau dari sabang sampai merauke meskipun begitu indonesia tetap menjadi satu kesatuan dengan berbagai perbedaan,jawaban siswa,10.0
pendidikan pancasila,indonesia adalah negara yang memiliki penduduk heterogen dengan wilayah kepulauan yang terdiri atas belasan ribu pulau yang satu sama lain dipersatukan oleh selat dan laut coba jelaskan apa makna yang terkandung dalam hubungan bangsa indonesia dengan bhineka tunggal ika,walaupun indonesia wilayahnya berbeda beda pulau tetapi tetap menjadi satu bangsa,jawaban siswa,10.0
pendidikan pancasila,indonesia adalah negara yang memiliki penduduk heterogen dengan wilayah kepulauan yang terdiri atas belasan ribu pulau yang satu sama lain dipersatukan oleh selat dan laut coba jelaskan apa makna yang terkandung dalam hubungan bangsa indonesia dengan bhineka tunggal ika,indonesia adalah simbol tempat bhineka tunggal ika adalah berbeda tetap satu bahwasannya indonesia negara yang bersatu jika tidak bersatu negara kita bukan indonesia namanya,jawaban siswa,10.0
pendidikan pancasila,indonesia adalah negara yang memiliki penduduk heterogen dengan wilayah kepulauan yang terdiri atas belasan ribu pulau yang satu sama lain dipersatukan oleh selat dan laut coba jelaskan apa makna yang terkandung dalam hubungan bangsa indonesia dengan bhineka tunggal ika,yaitu walaupun jauh atau tidak satu lingkup tetap bersatu,jawaban siswa,0.0
pendidikan pancasila,indonesia adalah negara yang memiliki penduduk heterogen dengan wilayah kepulauan yang terdiri atas belasan ribu pulau yang satu sama lain dipersatukan oleh selat dan laut coba jelaskan apa makna yang terkandung dalam hubungan bangsa indonesia dengan bhineka tunggal ika,makna bhineka tunggal ika secara kontekstual ialah perbedaan dalam keberagaman merupakan kesatuan dari bangsa indonesia,jawaban siswa,0.0
pendidikan pancasila,indonesia adalah negara yang memiliki penduduk heterogen dengan wilayah kepulauan yang terdiri atas belasan ribu pulau yang satu sama lain dipersatukan oleh selat dan laut coba jelaskan apa makna yang terkandung dalam hubungan bangsa indonesia dengan bhineka tunggal ika,bhineka tunggal ika melambangkan persatuan di tengah keberagaman yang dirumuskan sebagai pondasi negara kerakyatan republik indonesia,jawaban siswa,10.0
pendidikan pancasila,indonesia adalah negara yang memiliki penduduk heterogen dengan wilayah kepulauan yang terdiri atas belasan ribu pulau yang satu sama lain dipersatukan oleh selat dan laut coba jelaskan apa makna yang terkandung dalam hubungan bangsa indonesia dengan bhineka tunggal ika,berbeda beda tetapi tetap satu jua,jawaban siswa,0.0
pendidikan pancasila,indonesia adalah negara yang memiliki penduduk heterogen dengan wilayah kepulauan yang terdiri atas belasan ribu pulau yang satu sama lain dipersatukan oleh selat dan laut coba jelaskan apa makna yang terkandung dalam hubungan bangsa indonesia dengan bhineka tunggal ika,kita memang berbeda suku ras budaya tetapi kita tetap bersatu tanpa membedakan suku lain,jawaban siswa,0.0
pendidikan pancasila,indonesia adalah negara yang memiliki penduduk heterogen dengan wilayah kepulauan yang terdiri atas belasan ribu pulau yang satu sama lain dipersatukan oleh selat dan laut coba jelaskan apa makna yang terkandung dalam hubungan bangsa indonesia dengan bhineka tunggal ika,makna yang terkandung dalam hubungan bangsa indonesia yaitu kita itu tidak boleh membeda bedakan meskipun berbeda beda ras suku agama dan budaya karena kita itu satu,jawaban siswa,5.0
pendidikan pancasila,jelaskan apa makna penting dari gotong royong,gotong royong dalam bahasa jawa gotong artinya pikul atau angkat sedangkan royong artinya bersama sama sehingga menjadi harafiah yang bermakna mengerjakan sesuatu dengan bersama sama,jawaban siswa,10.0
pendidikan pancasila,jelaskan apa makna penting dari gotong royong,makna penting gotong royong ialah buat orang yang melakukan suatu hal dalam jumlah banyak,jawaban siswa,0.0
pendidikan pancasila,jelaskan apa makna penting dari gotong royong,bekerja bersama untuk tujuan bersama,jawaban siswa,5.0
pendidikan pancasila,jelaskan apa makna penting dari gotong royong,gotong royong sama saja membantu suatu kesatuan kelompok secara cepat dan singkat dan menjadikan beban menjadi ringan begitu pula pada saat penjajahan dahulu indonesia saling bergotong royong untuk mengeluarkan penjajahan dari indonesia,jawaban siswa,10.0
pendidikan pancasila,jelaskan apa makna penting dari gotong royong,makna penting dari gotong royong adalah suatu pekerjaan yang dilakukan secara bersama sama atau dilakukan dengan berkelompok,jawaban siswa,10.0
pendidikan pancasila,jelaskan apa makna penting dari gotong royong,menciptakan kebersamaan dan kerukunan serta kepedulian bersama,jawaban siswa,10.0
pendidikan pancasila,jelaskan apa makna penting dari gotong royong,gotong royong adalah saling membantu sama lain agar mempermudah pekerjaan gotong royong juga meningkatkan kekompakan dalam tim baik fisik maupun non fisik,jawaban siswa,10.0
pendidikan pancasila,jelaskan apa makna penting dari gotong royong,gotong royong yaitu membantu menyelesaikan masalah secara bersama sama agar masalah yang dihadapi bisa cepat selesai seperti misalkan ada selokan yang tersumbat kita harus mengajak semua warga untuk gotong royong membersihkan selokan tersebut supaya tidak tersumbat lagi dan bisa bersih,jawaban siswa,10.0
pendidikan pancasila,jelaskan apa makna penting dari gotong royong,meringankan pekerjaan dan dapat saling bekerja sama,jawaban siswa,10.0
pendidikan pancasila,jelaskan apa makna penting dari gotong royong,bekerja sama secara nyata baik secara fisik atau nonfisik,jawaban siswa,5.0
pendidikan pancasila,jelaskan apa makna penting dari gotong royong,maknanya untuk bekerjasama melestarikan lingkungan bekerjasama secara nyata baik secara fisik maupun nonfisik,jawaban siswa,10.0
pendidikan pancasila,jelaskan apa makna penting dari gotong royong,gotong royong adalah kegiatan bekerja bersama tolong menolong dan bantu membantu secara sukarela untuk mencapai tujuan bersama,jawaban siswa,10.0
pendidikan pancasila,jelaskan apa makna penting dari gotong royong,gotong royong adalah bekerja sama untuk mencapai tujuan bersama dan menjadi perwujudan sistem eknomi pancasila karena adanya keadilan sosial dan kebersamaan,jawaban siswa,10.0
pendidikan pancasila,jelaskan apa makna penting dari gotong royong,bekerjasama secara nyata baik secara fisik maupun nonfisik,jawaban siswa,0.0
pendidikan pancasila,jelaskan apa makna penting dari gotong royong,pepatah mengatakan berat sama dijinjing ringan sama di junjung bisa digaris bawahi gotong royong ini sesuatu yang apabila dilakukannya dengan cara bersama sama makan akan ringan,jawaban siswa,10.0
pendidikan pancasila,jelaskan apa makna penting dari gotong royong,gotong royong mengandung makna bekerja sama baik secara fisik maupun non fisik,jawaban siswa,5.0
pendidikan pancasila,jelaskan apa makna penting dari gotong royong,makna penting gotong royong yaitu untuk membersihkan seluruh tempat yang ada,jawaban siswa,0.0
pendidikan pancasila,jelaskan apa makna penting dari gotong royong,bekrja sama secara nyata dalam menyelesaikan suatu pekerjaan,jawaban siswa,10.0
pendidikan pancasila,jelaskan apa makna penting dari gotong royong,gotong royong adalah kita saling bekerja sama untuk tidak membeda bedakan ras suku dan budaya,jawaban siswa,10.0
pendidikan pancasila,jelaskan apa makna penting dari gotong royong,makna dari gotong royong yaitu saling membantu satu sama lain,jawaban siswa,10.0
pendidikan pancasila,jelaskan apa makna penting dari gotong royong,saling membantu bersama atau bekerjasama secara nyata baik secara fisik maupun non fisik,jawaban siswa,10.0
pendidikan pancasila,jelaskan apa makna penting dari gotong royong,gotong royong merupakan tindakan atau kegiatan yang dilakukan secara bersama sama untuk menciptakan persatuan kebersamaan dan keharmonisan dengan gotong royong membuat masyarakat menjadi akrab bersosialisasi dan saling membutuhkan,jawaban siswa,10.0
pendidikan pancasila,jelaskan apa makna penting dari gotong royong,bekerja sama saling membantu tanpa membeda bedakan untuk mencapai tujuan yang sama,jawaban siswa,10.0
pendidikan pancasila,jelaskan apa makna penting dari gotong royong,saling tolong menolong supaya satu lelah semua lelah dan supaya pekerjaan lebih mudah,jawaban siswa,10.0
pendidikan pancasila,jelaskan apa makna penting dari gotong royong,gotong royong adalah dimana kita bertemu banyak teman kita ketemu saudara kita yang beda beda ras dan suku budaya,jawaban siswa,0.0
pendidikan pancasila,jelaskan apa makna penting dari gotong royong,kerja sama saling bantu,jawaban siswa,0.0
pendidikan pancasila,jelaskan apa makna penting dari gotong royong,saling membantu sesama tanpa memandang agama ras dan suku membantu secara bersama sama,jawaban siswa,0.0
pendidikan pancasila,konsep gotong royong mengandung makna bekerja sama secara nyata baik secara fisik maupun nonfisik jelaskan apa yang dimaksud dengan gotong royong fisik dan nonfisik berikan contohnya,gotong royong fisik yaitu kita bekerja sama saling membantu dan tenaga dari fisik kita contohnya gotong royong membersihkan selokan itu merupakan tujuan bersama dengan masyarakat oleh karena itu gotong royong fisik sangat diperlukan agar dapat mencapai tujuan gotong royong non fisik yaitu contohnya seperti gotong royong tolong menolong misalnya lewat hp kita membantu teman yang sedang kesusahan untuk memahami materi sehingga dia belum bisa mengerjakan tugas yang diberikan oleh gurunya nah kita sebagai teman bisa menyikapinya dengan gotong royong non fisik misal kita selesaikan materi tersebut kepada teman kita lewat hp agar dia sedikit faham sehingga bisa mengerjakan tugasnya,jawaban siswa,10.0
pendidikan pancasila,konsep gotong royong mengandung makna bekerja sama secara nyata baik secara fisik maupun nonfisik jelaskan apa yang dimaksud dengan gotong royong fisik dan nonfisik berikan contohnya,gotong royong fisik merupakan gotong royong yang dilakukan di lingkungan masyarakat gotong royong nonfisik merupakan gotong royong yang dilakukan di dalam pekerjaan,jawaban siswa,5.0
pendidikan pancasila,konsep gotong royong mengandung makna bekerja sama secara nyata baik secara fisik maupun nonfisik jelaskan apa yang dimaksud dengan gotong royong fisik dan nonfisik berikan contohnya,gotong royong fisik merupakan keterlibatan fisik terhadap kegiatan yang dilakukan bersama contohnya bersih bersih desa gotong royong non fisik merupakan kegiatan bersama yang tidak melibatkan fisik contohnya bertukar ide saran dan pendapat,jawaban siswa,10.0
pendidikan pancasila,konsep gotong royong mengandung makna bekerja sama secara nyata baik secara fisik maupun nonfisik jelaskan apa yang dimaksud dengan gotong royong fisik dan nonfisik berikan contohnya,contohnya membangun rumah alat mesin berat dan kerja bakti,jawaban siswa,0.0
pendidikan pancasila,konsep gotong royong mengandung makna bekerja sama secara nyata baik secara fisik maupun nonfisik jelaskan apa yang dimaksud dengan gotong royong fisik dan nonfisik berikan contohnya,gotong royong fisik seperti melakukan kerja bakti di lingkungan contohnya membersihkan suatu lingkungan dengan bantuan tenaga gotong royon non fisik mungkin seperti bekerja kelompok dalam sekolah atau kelas pada waktu pembelajaran yang hanya dilakukan oleh pikiran tidak menggunakan tenaga,jawaban siswa,10.0
pendidikan pancasila,konsep gotong royong mengandung makna bekerja sama secara nyata baik secara fisik maupun nonfisik jelaskan apa yang dimaksud dengan gotong royong fisik dan nonfisik berikan contohnya,gotong royong fisik yaitu melakukannya dengn cara memakan tenaga seperti membersihkan lingkungan sekitar gotong royong non fisik yaitu melakukannya dengan cara yang tidak memakan tenaga dan waktu,jawaban siswa,10.0
pendidikan pancasila,konsep gotong royong mengandung makna bekerja sama secara nyata baik secara fisik maupun nonfisik jelaskan apa yang dimaksud dengan gotong royong fisik dan nonfisik berikan contohnya,gotong royong fisik itu gotong royong yang agak melelehkan atau berat sedangkan gotong royong non fisik itu gotong royong yang tidak berat dan ringan,jawaban siswa,0.0
pendidikan pancasila,konsep gotong royong mengandung makna bekerja sama secara nyata baik secara fisik maupun nonfisik jelaskan apa yang dimaksud dengan gotong royong fisik dan nonfisik berikan contohnya,gotong royong fisik yaitu bekerja sama menggunakan anggota badan yang kita miliki gotong royong nonfisik yaitu kebalikan dari gotong royong fisik bisa jadi kita bekerja sama mengumpulkan uang untuk membantu anak anak yatim dan korban bencana alam,jawaban siswa,10.0
pendidikan pancasila,konsep gotong royong mengandung makna bekerja sama secara nyata baik secara fisik maupun nonfisik jelaskan apa yang dimaksud dengan gotong royong fisik dan nonfisik berikan contohnya,gotong royong fisik yang berarti gotong royong dengan menggunakan fisik atau tenaga gotong royong non fisik berarti gotong royong yang tidak menggunakan tenaga contoh gotong royong fisik yaitu membangun masjid contoh gotong royong non fisik yaitu ikut menyuarakan suatu pendapat,jawaban siswa,10.0
pendidikan pancasila,konsep gotong royong mengandung makna bekerja sama secara nyata baik secara fisik maupun nonfisik jelaskan apa yang dimaksud dengan gotong royong fisik dan nonfisik berikan contohnya,fisik dilakukan secara langsung contohnya bersih besih bersama atau kerja bakti non fisik tidak dilakukan secara langsung contohnya mengumpulkan dana talangan,jawaban siswa,5.0
pendidikan pancasila,konsep gotong royong mengandung makna bekerja sama secara nyata baik secara fisik maupun nonfisik jelaskan apa yang dimaksud dengan gotong royong fisik dan nonfisik berikan contohnya,gotong royong fisik contohnya membersihkan masjid gotong royong nonfisik contohnya bermusyawarah menyelesaikan masalah bersama masyarakat,jawaban siswa,5.0
pendidikan pancasila,konsep gotong royong mengandung makna bekerja sama secara nyata baik secara fisik maupun nonfisik jelaskan apa yang dimaksud dengan gotong royong fisik dan nonfisik berikan contohnya,fisik dilakukan secara langsung contohnya seperti membersihkan lingkungan bersama nonfisik yang tidak dilakukan secara langsung contohnya yang masih dirundingkan,jawaban siswa,5.0
pendidikan pancasila,konsep gotong royong mengandung makna bekerja sama secara nyata baik secara fisik maupun nonfisik jelaskan apa yang dimaksud dengan gotong royong fisik dan nonfisik berikan contohnya,gotong royong fisik adalah dimana kita harus ngerjain dengan manual gotong royong non fisik adalah dengan mesin potong potong rumput,jawaban siswa,0.0
pendidikan pancasila,konsep gotong royong mengandung makna bekerja sama secara nyata baik secara fisik maupun nonfisik jelaskan apa yang dimaksud dengan gotong royong fisik dan nonfisik berikan contohnya,gotong royong fisik dan non fisik fisik yaitu yang melibatkan tenaga dan ikut serta dalam kegiatan tersebut contoh hadir dalam kegiatan tersebut dan ikut berpartisipasi dalam gotong royong non fisik yaitu tidak melibatkan tenaga ataupun ikut hadir mengikkuti kegiatan contoh memberikan ide atau saran,jawaban siswa,10.0
pendidikan pancasila,konsep gotong royong mengandung makna bekerja sama secara nyata baik secara fisik maupun nonfisik jelaskan apa yang dimaksud dengan gotong royong fisik dan nonfisik berikan contohnya,gotong royong secara fisik yaitu seperti membersihkan lingkungan masyarakat bersama sama atau offline secara langsung nonfisik yaitu seperti membuat laporan apapun lewat hp atau online,jawaban siswa,5.0
pendidikan pancasila,konsep gotong royong mengandung makna bekerja sama secara nyata baik secara fisik maupun nonfisik jelaskan apa yang dimaksud dengan gotong royong fisik dan nonfisik berikan contohnya,gotong royong fisik yaitu dengan kita membantu menggunakan fisik kita sendiri atau dengan tenaga kita contohnya membersihkan selokan bersama gotong royong non fisik yaitu kita tidak menggunakan fisik kita melainkan membantu dengan cara kita menyumbangkan uang kepada masjid yang sedang proses pembangunan,jawaban siswa,5.0
pendidikan pancasila,konsep gotong royong mengandung makna bekerja sama secara nyata baik secara fisik maupun nonfisik jelaskan apa yang dimaksud dengan gotong royong fisik dan nonfisik berikan contohnya,gotong royong fisik contohnya membersihkan lingkungan,jawaban siswa,5.0
pendidikan pancasila,konsep gotong royong mengandung makna bekerja sama secara nyata baik secara fisik maupun nonfisik jelaskan apa yang dimaksud dengan gotong royong fisik dan nonfisik berikan contohnya,fisik contohnya kerja bakti menyapu bersama non fisik contohnya membantu dengan cara lisan,jawaban siswa,5.0
pendidikan pancasila,konsep gotong royong mengandung makna bekerja sama secara nyata baik secara fisik maupun nonfisik jelaskan apa yang dimaksud dengan gotong royong fisik dan nonfisik berikan contohnya,gotong royong dalam kebiasaan fisik biasanya dilakukan dengan menggunakan fisik seperti gotong royong kerja bakti lingkungan sekitar sedangkan non fisik dilakukan diluar itu karena bukan cuman dilakukan aktivitas fisik melainkan juga untuk cerminan diri atau pencerminan kepribadian gotong royong dalam pemikiran otak dan kedewasaan,jawaban siswa,10.0
pendidikan pancasila,konsep gotong royong mengandung makna bekerja sama secara nyata baik secara fisik maupun nonfisik jelaskan apa yang dimaksud dengan gotong royong fisik dan nonfisik berikan contohnya,gotong royong fisik yaitu gotong royong yang menggunakan tenaga contoh kerja bakti dalam masyarakat maupun dalam sekolahan gotong royong non fisik yaitu gotong royong yang tida memerlukan tenaga tetapi memerlukan fikiran atau keputusan dalam anggota contohnya kerja kelompok pada saat membelajaran pemilihan ketua kelas pemilihan rt atau rw,jawaban siswa,10.0
pendidikan pancasila,konsep gotong royong mengandung makna bekerja sama secara nyata baik secara fisik maupun nonfisik jelaskan apa yang dimaksud dengan gotong royong fisik dan nonfisik berikan contohnya,fisik merupakan gotong royong secara fisik yaitu bekerja sama secara nyata dan saling membantu nonfisik yaitu seperti memakai alat teknologi sekarang atau alat alat canggih yang diperlukan,jawaban siswa,10.0
pendidikan pancasila,konsep gotong royong mengandung makna bekerja sama secara nyata baik secara fisik maupun nonfisik jelaskan apa yang dimaksud dengan gotong royong fisik dan nonfisik berikan contohnya,gotong royong fisik ialah yang dilakukan secara langsung di tkp contohnya membersihkan selokan lapangan dan masih banyak lagi yang lainnya gotong royong non fisik ialah gotong royong yang dilakukan tidak secara langsung yang dilakukan tidak menggunakan fisik contoh bergotong royong mengumpulkan donasi untuk bencana,jawaban siswa,5.0
pendidikan pancasila,konsep gotong royong mengandung makna bekerja sama secara nyata baik secara fisik maupun nonfisik jelaskan apa yang dimaksud dengan gotong royong fisik dan nonfisik berikan contohnya,gotong royong bukan cuma membantu bersih bersih kampung gotong royong fisik yaitu nyata di dunia nyata langsung bertatap muka dengan orang lain gotong royong nonfisik yaitu secara tidak langsung contoh kerja kelompok dengan mencari jawaban di hp,jawaban siswa,5.0
pendidikan pancasila,konsep gotong royong mengandung makna bekerja sama secara nyata baik secara fisik maupun nonfisik jelaskan apa yang dimaksud dengan gotong royong fisik dan nonfisik berikan contohnya,gotong royong fisik adalah gotong royong yang dilakukan di tkp contohnya kerja bakti membersihkan masjid desa memotong rumput dan pengambilan sampah dalam selokan gotong royong non fisik yaitu melakukan tidak secara langsung contohnya mengumpulkan dana untuk donasi baksos,jawaban siswa,10.0
pendidikan pancasila,konsep gotong royong mengandung makna bekerja sama secara nyata baik secara fisik maupun nonfisik jelaskan apa yang dimaksud dengan gotong royong fisik dan nonfisik berikan contohnya,gotong royong fisik yakni bekerja sama yang melibatkan tenaga contohnya gotong royong membersihkan sekolah gotong royong nonfisik yakni gotong royong yang tidak menggunakan tenaga contohnya kerja kelompok,jawaban siswa,5.0
pendidikan pancasila,makna bhinneka tunggal ika secara kontekstual ialah perbedaan dalam keberagaman dan merupakan kesatuan dari bangsa indonesia kalimat bhinneka tunggal ika mengandung dua unsur yaitu keberagaman dan kesatuan jelaskan,mengandung dua unsur pertama keberagaman yaitu berbedanya berbagai khas suku budaya kedua kesatuan yaitu walau begitu tetapi tetap bangsa indonesia,jawaban siswa,10.0
pendidikan pancasila,makna bhinneka tunggal ika secara kontekstual ialah perbedaan dalam keberagaman dan merupakan kesatuan dari bangsa indonesia kalimat bhinneka tunggal ika mengandung dua unsur yaitu keberagaman dan kesatuan jelaskan,keberagaman berberagam macam ras agama suku antar anggota meskipun berbeda beda dan bermacam keberagaman kita harus menjadikan bangsa indonesia ini menjadi negara kesatuan bersatu dari sabang sampai merauke,jawaban siswa,5.0
pendidikan pancasila,makna bhinneka tunggal ika secara kontekstual ialah perbedaan dalam keberagaman dan merupakan kesatuan dari bangsa indonesia kalimat bhinneka tunggal ika mengandung dua unsur yaitu keberagaman dan kesatuan jelaskan,bhinneka tunggal ika memiliki dua unsur yaitu keberagaman yang artinya indonesia memiliki suku bangsa dan agama masing masing dan kesatuan itu adalah suatu bentuk persatuan antara mereka yang berbeda jadi meskipun kita beda suku bangsa dan agama kita harus tetap bersatu dlam republik indonesia,jawaban siswa,10.0
pendidikan pancasila,makna bhinneka tunggal ika secara kontekstual ialah perbedaan dalam keberagaman dan merupakan kesatuan dari bangsa indonesia kalimat bhinneka tunggal ika mengandung dua unsur yaitu keberagaman dan kesatuan jelaskan,keberagaman yaitu kita memiliki berbagai perbedaan berbeda ras suku keyakinan bahasa kesatuan yaitu tetapi kita tetap menjadi satu,jawaban siswa,5.0
pendidikan pancasila,makna bhinneka tunggal ika secara kontekstual ialah perbedaan dalam keberagaman dan merupakan kesatuan dari bangsa indonesia kalimat bhinneka tunggal ika mengandung dua unsur yaitu keberagaman dan kesatuan jelaskan,yang berarti keberagaman manusia secara bisa di katakan berbeda mulai dari agama bangsa dan berpulau pulau dengan kesatuan semuanya maupun seperti apa beda tetapi tetap ada komunikasi maka itulah bisa di sebut indonesia,jawaban siswa,5.0
pendidikan pancasila,makna bhinneka tunggal ika secara kontekstual ialah perbedaan dalam keberagaman dan merupakan kesatuan dari bangsa indonesia kalimat bhinneka tunggal ika mengandung dua unsur yaitu keberagaman dan kesatuan jelaskan,keberagaman yang berbeda tapi tetap satu jua bersatu kesatuan,jawaban siswa,0.0
pendidikan pancasila,makna bhinneka tunggal ika secara kontekstual ialah perbedaan dalam keberagaman dan merupakan kesatuan dari bangsa indonesia kalimat bhinneka tunggal ika mengandung dua unsur yaitu keberagaman dan kesatuan jelaskan,keberagaman yaitu yang berarti beragam yaitu berbeda beda kesatuan yaitu tujuan yang sama,jawaban siswa,5.0
pendidikan pancasila,makna bhinneka tunggal ika secara kontekstual ialah perbedaan dalam keberagaman dan merupakan kesatuan dari bangsa indonesia kalimat bhinneka tunggal ika mengandung dua unsur yaitu keberagaman dan kesatuan jelaskan,keberagaman yaitu bermakan tentang banyaknya suku atau budaya yang ada di indonesia kesatuan yaitu bermakna tentang walaupun di negeri ini ada banyak suku dan budaya yang berbeda tetapi tetap bersatu,jawaban siswa,5.0
pendidikan pancasila,makna bhinneka tunggal ika secara kontekstual ialah perbedaan dalam keberagaman dan merupakan kesatuan dari bangsa indonesia kalimat bhinneka tunggal ika mengandung dua unsur yaitu keberagaman dan kesatuan jelaskan,keberagaman yaitu kita memiliki perbedaan ras suku bangsa kesatuan yaitu kita meskipun berbeda ras suku bangsa tetapi kita tetap bersatu,jawaban siswa,5.0
pendidikan pancasila,makna bhinneka tunggal ika secara kontekstual ialah perbedaan dalam keberagaman dan merupakan kesatuan dari bangsa indonesia kalimat bhinneka tunggal ika mengandung dua unsur yaitu keberagaman dan kesatuan jelaskan,keberagaman agama suku bahasa ras budaya daerah dan lain lain merupakan kesatuan bagi bangsa indonesia,jawaban siswa,10.0
pendidikan pancasila,makna bhinneka tunggal ika secara kontekstual ialah perbedaan dalam keberagaman dan merupakan kesatuan dari bangsa indonesia kalimat bhinneka tunggal ika mengandung dua unsur yaitu keberagaman dan kesatuan jelaskan,keberagaman bhinneka dan kesatuan tunggal ika dalam kitab kakawin sutasoma karya mpu tantular kedua unsur ini seimbang dan saling melengkapi,jawaban siswa,5.0
pendidikan pancasila,makna bhinneka tunggal ika secara kontekstual ialah perbedaan dalam keberagaman dan merupakan kesatuan dari bangsa indonesia kalimat bhinneka tunggal ika mengandung dua unsur yaitu keberagaman dan kesatuan jelaskan,keberagaman yaitu bahwasannya di semua lingkungan itu terdapat keberagaman yang berbeda dari suku budaya ras dan lain lain kesatuan yaitu bahwasannya di semua keberagaman ini menjadi satu tidak ada sedikitpun yang berbeda baik ras suku dan lain lain,jawaban siswa,10.0
pendidikan pancasila,makna bhinneka tunggal ika secara kontekstual ialah perbedaan dalam keberagaman dan merupakan kesatuan dari bangsa indonesia kalimat bhinneka tunggal ika mengandung dua unsur yaitu keberagaman dan kesatuan jelaskan,keberagaman merupakan kondisi indonesia yang beragam mulai dari agama suku ras budaya adat istiadat kesatuan merupakan kenyataan walaupun banyak keberagaman dan perbedaan tetap harus jadi satu kesatuan,jawaban siswa,10.0
pendidikan pancasila,makna bhinneka tunggal ika secara kontekstual ialah perbedaan dalam keberagaman dan merupakan kesatuan dari bangsa indonesia kalimat bhinneka tunggal ika mengandung dua unsur yaitu keberagaman dan kesatuan jelaskan,keberagaman berarti indonesia memiliki banyak keberagaman suku ras budaya dan lain lain sedangkan kesatuan berarti indonesia harus tetap menjadi satu atau menjaga negaranya supaya tidak dijajah oleh negara lain lagi oleh karena itu indonesia harus tetap menjadi satu apapun masalahnya,jawaban siswa,5.0
pendidikan pancasila,makna bhinneka tunggal ika secara kontekstual ialah perbedaan dalam keberagaman dan merupakan kesatuan dari bangsa indonesia kalimat bhinneka tunggal ika mengandung dua unsur yaitu keberagaman dan kesatuan jelaskan,di indonesia banyak keberagaman di indonesia ada suku ras budaya agama karena kita di indonesia kita harus tetap satu tujuan,jawaban siswa,5.0
pendidikan pancasila,makna bhinneka tunggal ika secara kontekstual ialah perbedaan dalam keberagaman dan merupakan kesatuan dari bangsa indonesia kalimat bhinneka tunggal ika mengandung dua unsur yaitu keberagaman dan kesatuan jelaskan,keberagaman adalah untuk mengajarkan kebijakan atau taat kesatuan adalah suatu suku ras kita tetap saudara,jawaban siswa,0.0
pendidikan pancasila,makna bhinneka tunggal ika secara kontekstual ialah perbedaan dalam keberagaman dan merupakan kesatuan dari bangsa indonesia kalimat bhinneka tunggal ika mengandung dua unsur yaitu keberagaman dan kesatuan jelaskan,keberagaman kita harus menghormati dan menghargai yang berbeda agama kesatuan bangsa indonesia harus bersatu dan tidak boleh berpecah belah,jawaban siswa,10.0
pendidikan pancasila,makna bhinneka tunggal ika secara kontekstual ialah perbedaan dalam keberagaman dan merupakan kesatuan dari bangsa indonesia kalimat bhinneka tunggal ika mengandung dua unsur yaitu keberagaman dan kesatuan jelaskan,keberagaman yaitu suatu yang beragam banyak jenis atau macam macam pilihan kesatuan yaitu bersatu yang bermakna walau berbeda tetap bersatu,jawaban siswa,0.0
pendidikan pancasila,makna bhinneka tunggal ika secara kontekstual ialah perbedaan dalam keberagaman dan merupakan kesatuan dari bangsa indonesia kalimat bhinneka tunggal ika mengandung dua unsur yaitu keberagaman dan kesatuan jelaskan,keberagaman yang berarti beragam atau berbeda kesatuan yang berarti bersatu jadi makna bhineka tunggal ika secara kontekstual keberagaman yang bersatu,jawaban siswa,0.0
pendidikan pancasila,makna bhinneka tunggal ika secara kontekstual ialah perbedaan dalam keberagaman dan merupakan kesatuan dari bangsa indonesia kalimat bhinneka tunggal ika mengandung dua unsur yaitu keberagaman dan kesatuan jelaskan,keberagaman yaitu macam macam suku budaya kesatuan yaitu indonesia,jawaban siswa,0.0
pendidikan pancasila,makna bhinneka tunggal ika secara kontekstual ialah perbedaan dalam keberagaman dan merupakan kesatuan dari bangsa indonesia kalimat bhinneka tunggal ika mengandung dua unsur yaitu keberagaman dan kesatuan jelaskan,yang di maksud keberagaman dan kesatuan ialah keberagaman yang berada dalam indonesia sangat lah banyak dari suku ras bahasa adat dan agama sedangkan kesatuan ialah warga indonesia sangatlah rukun dan bersatu jika ada bencana atau hal hal buruk warga indonesia akan bersatu untuk mengumpulkan donasi,jawaban siswa,5.0
pendidikan pancasila,makna bhinneka tunggal ika secara kontekstual ialah perbedaan dalam keberagaman dan merupakan kesatuan dari bangsa indonesia kalimat bhinneka tunggal ika mengandung dua unsur yaitu keberagaman dan kesatuan jelaskan,keberagaman bhineka kesatuan tunggal ika dalam kitab kakawin sutasoma mpu tantular kedua unsur ini seimbang dan saling melengkapi,jawaban siswa,5.0
pendidikan pancasila,makna bhinneka tunggal ika secara kontekstual ialah perbedaan dalam keberagaman dan merupakan kesatuan dari bangsa indonesia kalimat bhinneka tunggal ika mengandung dua unsur yaitu keberagaman dan kesatuan jelaskan,keberagaman di indonesia ada berbagai macam keragaman seperti ras suku agama dan budaya kesatuan maka dengan adanya perbedaan itu kita harus tetap bersatu dan jadikn perbedaan itu sebgai kesatuan,jawaban siswa,5.0
pendidikan pancasila,makna bhinneka tunggal ika secara kontekstual ialah perbedaan dalam keberagaman dan merupakan kesatuan dari bangsa indonesia kalimat bhinneka tunggal ika mengandung dua unsur yaitu keberagaman dan kesatuan jelaskan,keberagaman kita memiliki berbagai perbedaan kesatuan tetapi kita tetap bersatu,jawaban siswa,0.0
pendidikan pancasila,makna bhinneka tunggal ika secara kontekstual ialah perbedaan dalam keberagaman dan merupakan kesatuan dari bangsa indonesia kalimat bhinneka tunggal ika mengandung dua unsur yaitu keberagaman dan kesatuan jelaskan,keagamaan kesatuan,jawaban siswa,0.0
pendidikan pancasila,makna bhinneka tunggal ika secara kontekstual ialah perbedaan dalam keberagaman dan merupakan kesatuan dari bangsa indonesia kalimat bhinneka tunggal ika mengandung dua unsur yaitu keberagaman dan kesatuan jelaskan,berbeda dalam keberagaman kesatuan kita harus menyatu,jawaban siswa,0.0
pendidikan pancasila,makna bhinneka tunggal ika secara kontekstual ialah perbedaan dalam keberagaman dan merupakan kesatuan dari bangsa indonesia kalimat bhinneka tunggal ika mengandung dua unsur yaitu keberagaman dan kesatuan jelaskan,keberagaman yang artinya berbeda beda kesatuan yang artinya mempersatukan bangsa indonesia,jawaban siswa,5.0
pendidikan pancasila,narasikan apakah itu bhineka tunggal ika,kalimat yang kemudian kita jadikan sebagai semboyan republik indonesia,jawaban siswa,5.0
pendidikan pancasila,narasikan apakah itu bhineka tunggal ika,bhinneka tunggal ika ini semboyan dari mpu tantular dan semboyan ini diambil dari kirab sutasoma,jawaban siswa,5.0
pendidikan pancasila,narasikan apakah itu bhineka tunggal ika,bersatu kita teguh bercerai kita runtuh atau berbeda beda tetapi tetap satu jua,jawaban siswa,5.0
pendidikan pancasila,narasikan apakah itu bhineka tunggal ika,bhineka tunggal ika adalah semboyan bangsa indonesia yang berarti berbeda beda tetapi tetap satu,jawaban siswa,5.0
pendidikan pancasila,narasikan apakah itu bhineka tunggal ika,bhineka tunggal ika adalah semboyan bangsa indonesia dan menjadi dasar persatuan bangsa indonesia bhineka tunggal ika berasal dari kitab sutasoma karya mpu tantular pada masa majapahit,jawaban siswa,10.0
pendidikan pancasila,narasikan apakah itu bhineka tunggal ika,seluruh bangsa indonesia,jawaban siswa,0.0
pendidikan pancasila,narasikan apakah itu bhineka tunggal ika,sebagai pedoman hidup bangsa indonesia,jawaban siswa,5.0
pendidikan pancasila,narasikan apakah itu bhineka tunggal ika,secara harfiah bhinneka artinya keberagaman tunggal satu dan ika artinya itu jika digabung menjadi berbeda beda tetap satu secara historis bhinneka tunggal ika ialah semangat bersatu dalam konteks keberagaman agama secara kontekstual yaitu perbedaan dalam keberagaman merupakan kesatuan dari bangsa indonesia,jawaban siswa,5.0
pendidikan pancasila,narasikan apakah itu bhineka tunggal ika,problemisasi yang dibacakan oleh ir soekarno,jawaban siswa,0.0
pendidikan pancasila,narasikan apakah itu bhineka tunggal ika,bhinneka tunggal ika secara arfia bhinneka artinya beragaman tunggal artinya satu ika artinya itu secara istonis bhineka tunggal ika adalah semangat bersatu dalam kontes beragaman,jawaban siswa,10.0
pendidikan pancasila,narasikan apakah itu bhineka tunggal ika,bhineka tunggal ika yaitu berbeda tetapi tetap satu jua sembyan ini menegakkan arti persatuan di tengah keberagaman ras suku agama dan budaya,jawaban siswa,10.0
pendidikan pancasila,narasikan apakah itu bhineka tunggal ika,bhinneka tunggal ika ialah perbedaan setiap ras suku dan budaya,jawaban siswa,5.0
pendidikan pancasila,narasikan apakah itu bhineka tunggal ika,berbeda beda tetapi tetap satu jua,jawaban siswa,0.0
pendidikan pancasila,narasikan apakah itu bhineka tunggal ika,bhineka tunggal ika yaitu berbeda beda tetapi tetap satu jua yang artinya bahwa kita semua tidak perlu memandang perbedaan apapun jika ingin bersatu tetapi kita perlu bersatu untuk melakukan apapun tanpa memandang apapun untuk mencapai keberhasilan dan kedamaian,jawaban siswa,10.0
pendidikan pancasila,narasikan apakah itu bhineka tunggal ika,bhinneka tunggal ika yang berasal dari jawa kuno kitab sutasoma karya mpu tantular pada abad kerajaan majapahit berbeda beda tetapi tetap satu jua yang diambil dari kitab sutasoma,jawaban siswa,10.0
pendidikan pancasila,narasikan apakah itu bhineka tunggal ika,semboyan bhinneka tunggal ika ini menegaskan dan melambangkan persatuan ditengah keberagaman ras suku budaya yang dirumuskan oleh founding fathers sebagai pondasi nkri semboyan ini melambangkan walaupun berbeda ras suku dan budaya tapi tetap bersatu dalam kesatuan bangsa indonesia,jawaban siswa,10.0
pendidikan pancasila,narasikan apakah itu bhineka tunggal ika,bhineka tunggal ika yang artinya berbeda beda tetapi tetap satu jua dan juga memiliki nilai keberagaman dan kesatuan republik indonesia,jawaban siswa,10.0
pendidikan pancasila,narasikan apakah itu bhineka tunggal ika,bhinneka tunggal ika yaitu berbeda beda berbeda secara fisik kepercayaan bahasa budaya suku tetapi tetap satu jua atau satu tujuan,jawaban siswa,5.0
pendidikan pancasila,narasikan apakah itu bhineka tunggal ika,berbeda beda tetapi tetap satu jua perbedaan dalam keberagaman,jawaban siswa,5.0
pendidikan pancasila,narasikan apakah itu bhineka tunggal ika,bhineka tunggal ika berbeda beda tetapi tetap satu jua semboyan ini diambil dari ajaran toleransi dalam kitab kawitan sutasoma,jawaban siswa,10.0
pendidikan pancasila,narasikan apakah itu bhineka tunggal ika,bhineka tunggal ika yaitu berbeda beda tetapi tetap satu jua,jawaban siswa,0.0
pendidikan pancasila,narasikan apakah itu bhineka tunggal ika,bhineka tunggal ika adalah kalimat yang berasal dari kitab sutasoma yang di jadikan untuk landasan semboyan republik indonesia,jawaban siswa,10.0
pendidikan pancasila,narasikan apakah itu bhineka tunggal ika,bhineka tunggal ika adalah salah satu bait yang ada pada kitab sutasoma yang artinya berbeda beda tetapi tetap satu kemudian dijadikan sebagai semboyan bangsa indonesia dengan lambang burung garuda semboyan tersebut ada pada kaki burung garuda dengan pita,jawaban siswa,10.0
pendidikan pancasila,narasikan apakah itu bhineka tunggal ika,bhineka tunggal ika merupakan walaupun berbeda beda tetapi satu bangsa yaitu indonesia,jawaban siswa,5.0
pendidikan pancasila,narasikan apakah itu bhineka tunggal ika,indonesia memiliki banyak ras suku budaya dan bahasa tetapi hanya memiliki satu tujuan yaitu memajukan indonesia melestarikan budaya ras suku,jawaban siswa,0.0
pendidikan pancasila,narasikan apakah itu bhineka tunggal ika,berbeda beda tetapi tetap satu jua yaitu mempersatukan bangsa indonesia meskipun berbeda suku ras agama dan budaya,jawaban siswa,5.0
pendidikan pancasila,narasikan apakah itu bhineka tunggal ika,bhineka tunggal ika berarti berbeda beda tetapi tetap satu jua yaitu meskipun kita berbeda suku ras agama dan budaya kita tetap harus saling menghormati menghargai,jawaban siswa,10.0
pendidikan pancasila,pada salah satu bait di kitab tersebut sutasoma terdapat kalimat yang kemudian kita jadikan sebagai semboya republik indonesia yakni bhinneka tunggal ika yang berarti berbeda beda tetapi tetap satu jua semboyan bhinneka tunggal ika merupakan respon dari mpu tantular terhadap,perbedaan ras suku bangsa,jawaban siswa,0.0
pendidikan pancasila,pada salah satu bait di kitab tersebut sutasoma terdapat kalimat yang kemudian kita jadikan sebagai semboya republik indonesia yakni bhinneka tunggal ika yang berarti berbeda beda tetapi tetap satu jua semboyan bhinneka tunggal ika merupakan respon dari mpu tantular terhadap,majapahit,jawaban siswa,10.0
pendidikan pancasila,pada salah satu bait di kitab tersebut sutasoma terdapat kalimat yang kemudian kita jadikan sebagai semboya republik indonesia yakni bhinneka tunggal ika yang berarti berbeda beda tetapi tetap satu jua semboyan bhinneka tunggal ika merupakan respon dari mpu tantular terhadap,perbedaan ras suku dan budaya,jawaban siswa,0.0
pendidikan pancasila,pada salah satu bait di kitab tersebut sutasoma terdapat kalimat yang kemudian kita jadikan sebagai semboya republik indonesia yakni bhinneka tunggal ika yang berarti berbeda beda tetapi tetap satu jua semboyan bhinneka tunggal ika merupakan respon dari mpu tantular terhadap,perbedaan agama antara hindu dan budha pada kerajaan majapahit,jawaban siswa,0.0
pendidikan pancasila,pada salah satu bait di kitab tersebut sutasoma terdapat kalimat yang kemudian kita jadikan sebagai semboya republik indonesia yakni bhinneka tunggal ika yang berarti berbeda beda tetapi tetap satu jua semboyan bhinneka tunggal ika merupakan respon dari mpu tantular terhadap,indonesia,jawaban siswa,0.0
pendidikan pancasila,pada salah satu bait di kitab tersebut sutasoma terdapat kalimat yang kemudian kita jadikan sebagai semboya republik indonesia yakni bhinneka tunggal ika yang berarti berbeda beda tetapi tetap satu jua semboyan bhinneka tunggal ika merupakan respon dari mpu tantular terhadap,republik bangsa indoneisa,jawaban siswa,0.0
pendidikan pancasila,pada salah satu bait di kitab tersebut sutasoma terdapat kalimat yang kemudian kita jadikan sebagai semboya republik indonesia yakni bhinneka tunggal ika yang berarti berbeda beda tetapi tetap satu jua semboyan bhinneka tunggal ika merupakan respon dari mpu tantular terhadap,mpu tantular terhadap sutasoma,jawaban siswa,0.0
pendidikan pancasila,pada salah satu bait di kitab tersebut sutasoma terdapat kalimat yang kemudian kita jadikan sebagai semboya republik indonesia yakni bhinneka tunggal ika yang berarti berbeda beda tetapi tetap satu jua semboyan bhinneka tunggal ika merupakan respon dari mpu tantular terhadap,kitab sutasoma,jawaban siswa,0.0
pendidikan pancasila,pada salah satu bait di kitab tersebut sutasoma terdapat kalimat yang kemudian kita jadikan sebagai semboya republik indonesia yakni bhinneka tunggal ika yang berarti berbeda beda tetapi tetap satu jua semboyan bhinneka tunggal ika merupakan respon dari mpu tantular terhadap,semboyan bhineka tunggal ika erupakan respons dari mpu tertukar terhadp,jawaban siswa,0.0
pendidikan pancasila,pada salah satu bait di kitab tersebut sutasoma terdapat kalimat yang kemudian kita jadikan sebagai semboya republik indonesia yakni bhinneka tunggal ika yang berarti berbeda beda tetapi tetap satu jua semboyan bhinneka tunggal ika merupakan respon dari mpu tantular terhadap,semboyan bhineka tunggal ika merupakan respons mpu tantular terhadap keberagaman atau perbedaan bangsa indonesia seperti beragamnya ras suku bahasa agama budaya dan lain lain,jawaban siswa,0.0
pendidikan pancasila,pada salah satu bait di kitab tersebut sutasoma terdapat kalimat yang kemudian kita jadikan sebagai semboya republik indonesia yakni bhinneka tunggal ika yang berarti berbeda beda tetapi tetap satu jua semboyan bhinneka tunggal ika merupakan respon dari mpu tantular terhadap,perselisihan di tengah perbedaan,jawaban siswa,0.0
pendidikan pancasila,pada salah satu bait di kitab tersebut sutasoma terdapat kalimat yang kemudian kita jadikan sebagai semboya republik indonesia yakni bhinneka tunggal ika yang berarti berbeda beda tetapi tetap satu jua semboyan bhinneka tunggal ika merupakan respon dari mpu tantular terhadap,perbedaan suku dan ras,jawaban siswa,0.0
pendidikan pancasila,pada salah satu bait di kitab tersebut sutasoma terdapat kalimat yang kemudian kita jadikan sebagai semboya republik indonesia yakni bhinneka tunggal ika yang berarti berbeda beda tetapi tetap satu jua semboyan bhinneka tunggal ika merupakan respon dari mpu tantular terhadap,terhadap seseorang yang memiliki perbedaan tetapi membangun kesatuan negara yang indah antara posisi rendah maupun diatas,jawaban siswa,0.0
pendidikan pancasila,pada salah satu bait di kitab tersebut sutasoma terdapat kalimat yang kemudian kita jadikan sebagai semboya republik indonesia yakni bhinneka tunggal ika yang berarti berbeda beda tetapi tetap satu jua semboyan bhinneka tunggal ika merupakan respon dari mpu tantular terhadap,perbedaan ras suku budaya dan bahasa,jawaban siswa,0.0
pendidikan pancasila,pada salah satu bait di kitab tersebut sutasoma terdapat kalimat yang kemudian kita jadikan sebagai semboya republik indonesia yakni bhinneka tunggal ika yang berarti berbeda beda tetapi tetap satu jua semboyan bhinneka tunggal ika merupakan respon dari mpu tantular terhadap,terhadap keberagaan dan kesatuan,jawaban siswa,0.0
pendidikan pancasila,pada salah satu bait di kitab tersebut sutasoma terdapat kalimat yang kemudian kita jadikan sebagai semboya republik indonesia yakni bhinneka tunggal ika yang berarti berbeda beda tetapi tetap satu jua semboyan bhinneka tunggal ika merupakan respon dari mpu tantular terhadap,terhadap masyarakat mataram karena adanya perselisihan di tengah tengah perbedaan mereka mpu tantular ingin memberi nasehat kepada masyarakat bahwa mataram walaupun berbeda beda tetapi tetap satu,jawaban siswa,10.0
pendidikan pancasila,pada salah satu bait di kitab tersebut sutasoma terdapat kalimat yang kemudian kita jadikan sebagai semboya republik indonesia yakni bhinneka tunggal ika yang berarti berbeda beda tetapi tetap satu jua semboyan bhinneka tunggal ika merupakan respon dari mpu tantular terhadap,keberagaman yang ada,jawaban siswa,0.0
pendidikan pancasila,pada salah satu bait di kitab tersebut sutasoma terdapat kalimat yang kemudian kita jadikan sebagai semboya republik indonesia yakni bhinneka tunggal ika yang berarti berbeda beda tetapi tetap satu jua semboyan bhinneka tunggal ika merupakan respon dari mpu tantular terhadap,kerajaan majapahit,jawaban siswa,10.0
pendidikan pancasila,pada salah satu bait di kitab tersebut sutasoma terdapat kalimat yang kemudian kita jadikan sebagai semboya republik indonesia yakni bhinneka tunggal ika yang berarti berbeda beda tetapi tetap satu jua semboyan bhinneka tunggal ika merupakan respon dari mpu tantular terhadap,keadaan masyarakat nusantara yang berbeda beda,jawaban siswa,0.0
pendidikan pancasila,pada salah satu bait di kitab tersebut sutasoma terdapat kalimat yang kemudian kita jadikan sebagai semboya republik indonesia yakni bhinneka tunggal ika yang berarti berbeda beda tetapi tetap satu jua semboyan bhinneka tunggal ika merupakan respon dari mpu tantular terhadap,banyaknya perbedaan pada warga indonesia dari suku ras adat istiadat bahasa dan masih banyak lagi yang membedakan warga dan beda daerah tetapi tetap bersatu,jawaban siswa,0.0
pendidikan pancasila,pada salah satu bait di kitab tersebut sutasoma terdapat kalimat yang kemudian kita jadikan sebagai semboya republik indonesia yakni bhinneka tunggal ika yang berarti berbeda beda tetapi tetap satu jua semboyan bhinneka tunggal ika merupakan respon dari mpu tantular terhadap,sikap toleransi dari perbedaan yang beragam dimasyarakat pada masa kerajaan maja pahit,jawaban siswa,0.0
pendidikan pancasila,pada salah satu bait di kitab tersebut sutasoma terdapat kalimat yang kemudian kita jadikan sebagai semboya republik indonesia yakni bhinneka tunggal ika yang berarti berbeda beda tetapi tetap satu jua semboyan bhinneka tunggal ika merupakan respon dari mpu tantular terhadap,bhinneka tunggal ika berarti berbeda beda tetapi tetap satu jua atau perbedaan dalam keberagaman merupakan kesatuan dari bahasa indonesia,jawaban siswa,10.0
pendidikan pancasila,pada salah satu bait di kitab tersebut sutasoma terdapat kalimat yang kemudian kita jadikan sebagai semboya republik indonesia yakni bhinneka tunggal ika yang berarti berbeda beda tetapi tetap satu jua semboyan bhinneka tunggal ika merupakan respon dari mpu tantular terhadap,bangsa indonesia,jawaban siswa,0.0
pendidikan pancasila,pada salah satu bait di kitab tersebut sutasoma terdapat kalimat yang kemudian kita jadikan sebagai semboya republik indonesia yakni bhinneka tunggal ika yang berarti berbeda beda tetapi tetap satu jua semboyan bhinneka tunggal ika merupakan respon dari mpu tantular terhadap,kemerdekaan indonesia dan nilai bekerja samannya,jawaban siswa,0.0
pendidikan pancasila,sebagai identitas budaya bangsa indonesia tradisi gotong royong sarat dengan nilai nilai luhur berikut ini nilai nilai luhur yang terkandung dalam tradisi gotong royong kecuali,tidak tau,jawaban siswa,0.0
pendidikan pancasila,sebagai identitas budaya bangsa indonesia tradisi gotong royong sarat dengan nilai nilai luhur berikut ini nilai nilai luhur yang terkandung dalam tradisi gotong royong kecuali,tidak menolong tidak mau gotong royong tidak menghargai,jawaban siswa,10.0
pendidikan pancasila,sebagai identitas budaya bangsa indonesia tradisi gotong royong sarat dengan nilai nilai luhur berikut ini nilai nilai luhur yang terkandung dalam tradisi gotong royong kecuali,maknanya,jawaban siswa,0.0
pendidikan pancasila,sebagai identitas budaya bangsa indonesia tradisi gotong royong sarat dengan nilai nilai luhur berikut ini nilai nilai luhur yang terkandung dalam tradisi gotong royong kecuali,bermalas malasan,jawaban siswa,10.0
pendidikan pancasila,sebagai identitas budaya bangsa indonesia tradisi gotong royong sarat dengan nilai nilai luhur berikut ini nilai nilai luhur yang terkandung dalam tradisi gotong royong kecuali,kenikmatan,jawaban siswa,10.0
pendidikan pancasila,sebagai identitas budaya bangsa indonesia tradisi gotong royong sarat dengan nilai nilai luhur berikut ini nilai nilai luhur yang terkandung dalam tradisi gotong royong kecuali,kecuali,jawaban siswa,0.0
pendidikan pancasila,sebagai identitas budaya bangsa indonesia tradisi gotong royong sarat dengan nilai nilai luhur berikut ini nilai nilai luhur yang terkandung dalam tradisi gotong royong kecuali,tidak ikut mengikuti gotong royong dan tidak membantu membersihkan yang kotor seperti selokan dan lain lain,jawaban siswa,0.0
pendidikan pancasila,sebagai identitas budaya bangsa indonesia tradisi gotong royong sarat dengan nilai nilai luhur berikut ini nilai nilai luhur yang terkandung dalam tradisi gotong royong kecuali,nonfisik atau tanpa tenaga fisik tubuh,jawaban siswa,10.0
pendidikan pancasila,sebagai identitas budaya bangsa indonesia tradisi gotong royong sarat dengan nilai nilai luhur berikut ini nilai nilai luhur yang terkandung dalam tradisi gotong royong kecuali,tidak ada,jawaban siswa,0.0
pendidikan pancasila,sebagai identitas budaya bangsa indonesia tradisi gotong royong sarat dengan nilai nilai luhur berikut ini nilai nilai luhur yang terkandung dalam tradisi gotong royong kecuali,semaunya sendiri tidak mau menerima pendapat orang lain individu keras kepala bermalas malasan,jawaban siswa,10.0
pendidikan pancasila,sebagai identitas budaya bangsa indonesia tradisi gotong royong sarat dengan nilai nilai luhur berikut ini nilai nilai luhur yang terkandung dalam tradisi gotong royong kecuali,tidak mengikuti atau membantu gotong royong yang sudah direncanakan yang berdampak akan mempersulit gotong royong dan kurangnya rasa kebersamaan,jawaban siswa,10.0
pendidikan pancasila,sebagai identitas budaya bangsa indonesia tradisi gotong royong sarat dengan nilai nilai luhur berikut ini nilai nilai luhur yang terkandung dalam tradisi gotong royong kecuali,tidak menolong tidak saling menghargai tidak saling menghormati,jawaban siswa,10.0
pendidikan pancasila,sebagai identitas budaya bangsa indonesia tradisi gotong royong sarat dengan nilai nilai luhur berikut ini nilai nilai luhur yang terkandung dalam tradisi gotong royong kecuali,sikap individualisme persaingan bebas mengharap imbalan atau pamrih,jawaban siswa,10.0
pendidikan pancasila,sebagai identitas budaya bangsa indonesia tradisi gotong royong sarat dengan nilai nilai luhur berikut ini nilai nilai luhur yang terkandung dalam tradisi gotong royong kecuali,kecuali orang orang yang melakukannya dengan cara sendirian tidak sama orang lain maka tidak termasuk nilai nilai luhur dampaknya terdapat perpecahan dan perselisihan memberatkan suatu pekerjaan,jawaban siswa,10.0
pendidikan pancasila,sebagai identitas budaya bangsa indonesia tradisi gotong royong sarat dengan nilai nilai luhur berikut ini nilai nilai luhur yang terkandung dalam tradisi gotong royong kecuali,tidak menghargai perbedaan ras tidak bisa kerja sama membuat onar ketika kegiatan gotong royong,jawaban siswa,10.0
pendidikan pancasila,sebagai identitas budaya bangsa indonesia tradisi gotong royong sarat dengan nilai nilai luhur berikut ini nilai nilai luhur yang terkandung dalam tradisi gotong royong kecuali,nilai nilai luhur,jawaban siswa,10.0
pendidikan pancasila,sebagai identitas budaya bangsa indonesia tradisi gotong royong sarat dengan nilai nilai luhur berikut ini nilai nilai luhur yang terkandung dalam tradisi gotong royong kecuali,mengotorkan lingkungan tidak ikut bersih bersih,jawaban siswa,10.0
pendidikan pancasila,sebagai identitas budaya bangsa indonesia tradisi gotong royong sarat dengan nilai nilai luhur berikut ini nilai nilai luhur yang terkandung dalam tradisi gotong royong kecuali,membeda bedakan tidak mau bekerja sama,jawaban siswa,10.0
pendidikan pancasila,sebagai identitas budaya bangsa indonesia tradisi gotong royong sarat dengan nilai nilai luhur berikut ini nilai nilai luhur yang terkandung dalam tradisi gotong royong kecuali,membayarkan spp teman,jawaban siswa,10.0
pendidikan pancasila,sebagai identitas budaya bangsa indonesia tradisi gotong royong sarat dengan nilai nilai luhur berikut ini nilai nilai luhur yang terkandung dalam tradisi gotong royong kecuali,tidak menyukai kebersamaan,jawaban siswa,10.0
pendidikan pancasila,sebagai identitas budaya bangsa indonesia tradisi gotong royong sarat dengan nilai nilai luhur berikut ini nilai nilai luhur yang terkandung dalam tradisi gotong royong kecuali,mempersulit pekerjaan,jawaban siswa,10.0
pendidikan pancasila,sebagai identitas budaya bangsa indonesia tradisi gotong royong sarat dengan nilai nilai luhur berikut ini nilai nilai luhur yang terkandung dalam tradisi gotong royong kecuali,menghargai tolong menolong jujur sopan,jawaban siswa,0.0
pendidikan pancasila,sebagai identitas budaya bangsa indonesia tradisi gotong royong sarat dengan nilai nilai luhur berikut ini nilai nilai luhur yang terkandung dalam tradisi gotong royong kecuali,sikap individualisme bersaing secara bebas mengharap imbalan,jawaban siswa,10.0
pendidikan pancasila,sebagai identitas budaya bangsa indonesia tradisi gotong royong sarat dengan nilai nilai luhur berikut ini nilai nilai luhur yang terkandung dalam tradisi gotong royong kecuali,kecuali orang orang yang melakukannya,jawaban siswa,10.0
seni,jelaskan industry kreatif,industri kreatif adalah industri yang mengandalkan kreativitas ide dan kemampuan manusia untuk menghasilkan produk yang bernilai ekonomi,jawaban siswa,10.0
seni,jelaskan industry kreatif,sektor ekonomi yang berfokus pada penciptaan produksi dan diindustrikan kaya seni rupa yang memiliki nilai estetika budaya,jawaban siswa,10.0
seni,jelaskan industry kreatif,membuat karya seni rupa dimensi dan unsur unsur seni rupa,jawaban siswa,0.0
seni,jelaskan industry kreatif,industri kreatif adalah sektor ekonomi yang berfokus pada penciptaan nilai tambah melalui pemanfaatan kreativitas ketermpilan dan bakat individu,jawaban siswa,10.0
seni,jelaskan industry kreatif,industri yang menciptakan barang baru,jawaban siswa,0.0
seni,jelaskan industry kreatif,industri kreatif adalah,jawaban siswa,0.0
seni,jelaskan industry kreatif,industri yang hampir mencakup segala aspek,jawaban siswa,0.0
seni,jelaskan industry kreatif,industri kreatif yaitu suatu industri yang mengandalkan kreativitas ide dan kemampuan manusia untuk menghasilkan produk yang bernilai ekonomi,jawaban siswa,10.0
seni,jelaskan industry kreatif,industri kreatif adalah sektor industri yang mengandalkan kreatif ide dan juga bakat,jawaban siswa,5.0
seni,jelaskan industry kreatif,kreativitas dan bakat dan keterampilan individu untuk menghasilkan nilai,jawaban siswa,0.0
seni,jelaskan industry kreatif,industri kreatif adalah kegiatan ekonomi yang mengandalkan kreativitas ide dan bakat untuk menghasilkan produk bernilai jual,jawaban siswa,10.0
seni,jelaskan industry kreatif,industri kreatif adalah sektor ekonomi industri yang mengandalkan pada kreatif ide dan juga bakat,jawaban siswa,5.0
seni,jelaskan industry kreatif,industri kreatif adalah industri yang mengandalkan kreativitas ide dan bakat untuk menghasilkan produk atau jasa bernilai ekonomi,jawaban siswa,10.0
seni,jelaskan industry kreatif,industri kreatif ialah yang mendukung perekonomian industri karya seni,jawaban siswa,10.0
seni,jelaskan industry kreatif,industri kreatif adalah sektor ekonomi yang berfokus pada penciptaan produksi dan distribusi karya seni rupa yang memiliki nilai estetika,jawaban siswa,10.0
seni,jelaskan industry kreatif,industri kreatif adalah industri ekonomi kreatif yang menggunakan seni rupa dua dimensi untuk menghasilkan uang,jawaban siswa,5.0
seni,jelaskan industry kreatif,tidak ada,jawaban siswa,0.0
seni,jelaskan industry kreatif,industry kreatif sektor ekonomi yang berfokus pada penciptaan produksi dan distribusi karya seni rupa yang memiliki nilai estetika budaya dan ekonomi,jawaban siswa,10.0
seni,jelaskan industry kreatif,industri kreatif dalam seni rupa yaitu sektor ekonomi yang berfokus pada penciptaan produksi dan distribusi karya seni yang memiliki nilai estetika budaya dan ekonomi,jawaban siswa,10.0
seni,jelaskan industry kreatif,industri kreatif adalah penjualan dari seni seni yang telah dibuat mau dari seni rupa seni sastra dan seni terapan,jawaban siswa,10.0
seni,jelaskan industry kreatif,industri kreatif ialah dimana suatu program yang memamerkan karya seni buatan keren secara kreatif dengan bahan bahan yang biasa menjadi luar biasa,jawaban siswa,0.0
seni,jelaskan industry kreatif,yaitu sektor ekonomi yang berfokus pada pencipta produksi dan distribusi karya seni rupa yang memiliki nilai estetik budaya ekonomi,jawaban siswa,10.0
seni,jelaskan industry kreatif,industri kreatif adalah yaitu membikin karya tangan sendiri seperti rumah dari stik atau dan lain lain dan di pikir di otak senidri membikin kerajinan tangan,jawaban siswa,0.0
seni,jelaskan industry kreatif,adalah sektor ekonomi yang berfokus pada pencapaian produk dan distribusi karya seni rupa yang memiliki nilai estetika budaya dan ekonomi,jawaban siswa,10.0
seni,jelaskan industry kreatif,industri kreatif adalah sebuah pikiran yang sudah mempunyai suatu gambaran apa yang mau digambar,jawaban siswa,0.0
seni,jelaskan industry kreatif,kemampuan untuk menghasilkan produk,jawaban siswa,4.0
seni,jelaskan industry kreatif,industri yang mengandalkan kreatifitas dan ide untuk menghasilkan produk bernilai ekonomi,jawaban siswa,10.0
seni,jelaskan industry kreatif,industri kreatif dalah pabrik ekonomi yang kreatif untuk menciptakan barang bermanfaat dari bekas,jawaban siswa,10.0
seni,jelaskan menurut kalian fungsi warna dalam karya seni rupa dua dimensi,fungsi warna dalam karya seni adalah menyampaikan emosi menarik perhatian dan menjadi simbol,jawaban siswa,10.0
seni,jelaskan menurut kalian fungsi warna dalam karya seni rupa dua dimensi,fungsi warna dalam dua dimensi yaitu untuk mencampur warna ataupun untuk mewarnai gambar dua dimensi tersebut,jawaban siswa,0.0
seni,jelaskan menurut kalian fungsi warna dalam karya seni rupa dua dimensi,memperindah gambar atau lukisan agar memiliki daya tarik,jawaban siswa,10.0
seni,jelaskan menurut kalian fungsi warna dalam karya seni rupa dua dimensi,untuk menambahkan kesan yang berwarna agar menarik saat dilihat,jawaban siswa,10.0
seni,jelaskan menurut kalian fungsi warna dalam karya seni rupa dua dimensi,biar bagus dilihat biar nyaman dilihat,jawaban siswa,0.0
seni,jelaskan menurut kalian fungsi warna dalam karya seni rupa dua dimensi,fungsi warna dalam karya seni rupa dua dimensi untuk mengekspresikan emosi membangun suasana menjadi pusat perhatian dan menciptakan ilusi ruang warna bukan sekedar dekoratif melainkan alat komunikasi,jawaban siswa,10.0
seni,jelaskan menurut kalian fungsi warna dalam karya seni rupa dua dimensi,agar lebih terkesan memmbuat seni lebih hidup dan agar menambah daya tarik dan keindahan,jawaban siswa,10.0
seni,jelaskan menurut kalian fungsi warna dalam karya seni rupa dua dimensi,agar terlihat menarik dan tidak membosankan,jawaban siswa,10.0
seni,jelaskan menurut kalian fungsi warna dalam karya seni rupa dua dimensi,untuk mempermudah karya atau mempercantikan biar membangun pusat perhatian,jawaban siswa,5.0
seni,jelaskan menurut kalian fungsi warna dalam karya seni rupa dua dimensi,fungsi warna agar terlihat menarik dan tidak biasa saja serta bisa menarik pengunjung maupun pembeli untuk melihatnya,jawaban siswa,10.0
seni,jelaskan pengertian seni rupa dua dimensi dan sebutkan dua contoh karyanya,seni rupa dua dimensi merupakan karya seni yang hanya dapat di lihat dari satu arah contoh lukisan dan poster,jawaban siswa,10.0
seni,jelaskan pengertian seni rupa dua dimensi dan sebutkan dua contoh karyanya,seni rupa dua dimensi adalah seni yang memiliki peluang besar dalam industri kreatif contoh kriya dan kuliner,jawaban siswa,0.0
seni,jelaskan pengertian seni rupa dua dimensi dan sebutkan dua contoh karyanya,memiliki gambar yang bagus dan mempunyai warna warna yang terang,jawaban siswa,0.0
seni,jelaskan pengertian seni rupa dua dimensi dan sebutkan dua contoh karyanya,seni rupa dua dimensi adalah karya seni yang memiliki dua ukuran panjang dan lebar dan hanya bisa dilihat dari satu arah contohnya lukisan dan gambar,jawaban siswa,10.0
seni,jelaskan pengertian seni rupa dua dimensi dan sebutkan dua contoh karyanya,karya seni yang memiliki dua ukuran yaitu panjang dan lebar serta hanya dapat dinikmati dari satu arah pandang depan contoh lukisan patung,jawaban siswa,5.0
seni,jelaskan pengertian seni rupa dua dimensi dan sebutkan dua contoh karyanya,seni yang hanya dapat dilihat dari satu arah contoh lukisan dan sketsa,jawaban siswa,0.0
seni,jelaskan pengertian seni rupa dua dimensi dan sebutkan dua contoh karyanya,pengertian seni dua dimensi titik garis contoh karya seni gambar dan seni lukis,jawaban siswa,0.0
seni,jelaskan pengertian seni rupa dua dimensi dan sebutkan dua contoh karyanya,senirupa dua dimensi adalah karya yang diciptakan pada bidang datar dan wujudnya bisa dinikmati untuk dilihat melalui indra penglihatan,jawaban siswa,5.0
seni,jelaskan pengertian seni rupa dua dimensi dan sebutkan dua contoh karyanya,seni rupa adalah seni yang dibuat oleh tangan manusia contoh batik atau menjait,jawaban siswa,0.0
seni,jelaskan pengertian seni rupa dua dimensi dan sebutkan dua contoh karyanya,seni rupa yang mempunyai dua ukuran atau dua sisi,jawaban siswa,10.0
seni,jelaskan pengertian seni rupa dua dimensi dan sebutkan dua contoh karyanya,seni yang dari tangan untuk menggambar yang sangat bagus,jawaban siswa,0.0
seni,jelaskan pengertian seni rupa dua dimensi dan sebutkan dua contoh karyanya,karya seni yang memiliki panjang dan lebar hanya dapat dilihat dari satu arah contohnya lukisan,jawaban siswa,8.0
seni,jelaskan pengertian seni rupa dua dimensi dan sebutkan dua contoh karyanya,seni itu dua dimensi seni rupa cabang seni yang dapat dinikmati melalui indra penglihatan dan memiliki bentuk fisik yang nyata contoh lukis dan patung,jawaban siswa,0.0
seni,jelaskan pengertian seni rupa dua dimensi dan sebutkan dua contoh karyanya,pengekspresian atau untuk membuat suatu titik dan menciptakan karya dimensi contoh gambar dan komik,jawaban siswa,5.0
seni,jelaskan pengertian seni rupa dua dimensi dan sebutkan dua contoh karyanya,seni rupa yang diciptakan pada bidang datar yang diwujudkan yang dapat dinikmati dan dilihat degan indra penglihatan lukisan poster,jawaban siswa,10.0
seni,jelaskan pengertian seni rupa dua dimensi dan sebutkan dua contoh karyanya,seni rupa adalah karya seni yang menciptakan pada bidang datar yang wujudnya dapat dinikmati dan dilihat dengan indra penglihatan,jawaban siswa,10.0
seni,jelaskan pengertian seni rupa dua dimensi dan sebutkan dua contoh karyanya,seni rupa dua dimensi adalah karya seni yang bisa dilihat melalui indra penglihatan contoh batik lukisan foto,jawaban siswa,10.0
seni,jelaskan pengertian seni rupa dua dimensi dan sebutkan dua contoh karyanya,karya seni rupa dua dimensi karya seni yang memiliki panjang pendek,jawaban siswa,0.0
seni,jelaskan pengertian seni rupa dua dimensi dan sebutkan dua contoh karyanya,seni rupa dua dimensi adalah karya seni yang memilki dua ukuran yaitu panjang dan lebar serta hanya dapat dilihat dari satu arah contohnya lukisan dan gambar atau poster,jawaban siswa,10.0
seni,jelaskan pengertian seni rupa dua dimensi dan sebutkan dua contoh karyanya,seni rupa dua dimensi adalah seni rupa yang memiliki panjang dan lebar serta hanya bisa dilihat dari satu arah tidak memiliki volume atau ketebalan contoh gambar dan poster,jawaban siswa,10.0
seni,jelaskan pengertian seni rupa dua dimensi dan sebutkan dua contoh karyanya,seni rupa dua dimensi adalah seni rupa yang hanya bisa di lihat atau seni yang manfaatnya hanya untuk di lihat dan dinikmati keindahannya contoh lukisan gambar poster,jawaban siswa,10.0
seni,jelaskan pengertian seni rupa dua dimensi dan sebutkan dua contoh karyanya,karya seni rupa dua dimensi adalah karya seni rupa yang memiliki panjang dan lebar dan hanya bisa di lihat dari satu sisi contoh gambar dan lukisan,jawaban siswa,10.0
seni,jelaskan pengertian seni rupa dua dimensi dan sebutkan dua contoh karyanya,seni rupa dua dimensi ialah karya yang hanya bisa di lihat dari satu arah saja contoh lukisan dan gambar,jawaban siswa,10.0
seni,jelaskan pengertian seni rupa dua dimensi dan sebutkan dua contoh karyanya,seni rupa dimensi adalah seni yang dibuat manual dan membutuhkan perjuangan penuh agar hasil seni lebih optimal,jawaban siswa,0.0
seni,jelaskan pengertian seni rupa dua dimensi dan sebutkan dua contoh karyanya,seni rupa dua dimensi adalah karya seni yang menciptakan pada bidang datar dan wujudnya bisa dinikmati dengan indra penglihatan contoh lukisan poster,jawaban siswa,10.0
seni,jelaskan pengertian seni rupa dua dimensi dan sebutkan dua contoh karyanya,seni rupa dua dimensi adalah karya seni yang memiliki dua ukuran yaitu panjang dan lebar serta hanya dapat di lihat dari satu arah seperti lukisan gambar dan poster,jawaban siswa,10.0
seni,jelaskan pengertian seni rupa dua dimensi dan sebutkan dua contoh karyanya,seni rupa dua dimensi adalah karya seni yang menciptakan pada bidang datar contoh lukisan dan patung,jawaban siswa,5.0
seni,jelaskan pengertian seni rupa dua dimensi dan sebutkan dua contoh karyanya,seni rupa dua dimensi adalah karya seni yang memiliki dua ukuran yaitu panjang dan lebar berbeda dengan seni tiga dimensi karya ini hanya bisa dinikmati dari satu arah pandang depan karena tidak memiliki ruang dan volume,jawaban siswa,5.0
seni,jelaskan pengertian seni rupa dua dimensi dan sebutkan dua contoh karyanya,seni rupa dua dimensi adalah karya seni yang memiliki dua ukuran panjang dan lebar,jawaban siswa,5.0
seni,jelaskan perbedaan antara seni murni dan seni rupa terapan,seni murni karya seni yang dibuat untuk di nikmati keindahannya saja seni rupa terapan karya seni yang memiliki nilai keindahan sekaligus fungsi pakai,jawaban siswa,10.0
seni,jelaskan perbedaan antara seni murni dan seni rupa terapan,seni murni adalah seni yang murni di kerjakan oleh seseorang sedangkan seni rupa seni yang dibuat oleh orang tetapi menggunakan bantuan,jawaban siswa,0.0
seni,jelaskan perbedaan antara seni murni dan seni rupa terapan,seni murni karya seni yang diciptakan untuk nilai estetika dan ekspresi diri seniman seni rupa terapan karya seni yang diciptakan untuk memenuhi kebutuhan praktis da fungsional selain memiliki nilai estetika,jawaban siswa,10.0
seni,jelaskan perbedaan antara seni murni dan seni rupa terapan,seni murni lukisan patung seni grafis seni terapan desain produk desain interior ilustrasi menggabungkan nilai seni dengan fungsi praktis,jawaban siswa,5.0
seni,jelaskan perbedaan antara seni murni dan seni rupa terapan,seni murni adalah karya seni yang dirancang untuk memiliki fungsi praktis dalam kehidupan sehari hari namun tetap memperhatikan unsur keindahan seni terapan adalah menggabungkan nilai estetika dengan fungsi guna sehari haru,jawaban siswa,10.0
seni,jelaskan perbedaan antara seni murni dan seni rupa terapan,seni murni ialah seni yang hanya di buat dengan satu karya tangan dan keaslian yang tidak ada campurannya seni rupa ialah seni berupa gabungan atau campuran suatu karya,jawaban siswa,0.0
seni,jelaskan perbedaan antara seni murni dan seni rupa terapan,seni murni ialah seni yang dibuat tanpa adanya unsur unsur seni rupa seni rupa ialah seni yang dibuat dengan adanya unsur unsur seni rupa,jawaban siswa,0.0
seni,jelaskan perbedaan antara seni murni dan seni rupa terapan,seni murni karya seni yang dibuat untuk keindahan saja estetika seni rupa terapan karya seni yang dapat difungsikan,jawaban siswa,10.0
seni,jelaskan perbedaan antara seni murni dan seni rupa terapan,seni murni adalah karya seni yang hanya bisa dilihat dari depan sedangkan seni terapan adalah karya seni yang bisa difungsikan seperti batik meja dan lain lain,jawaban siswa,5.0
seni,jelaskan perbedaan antara seni murni dan seni rupa terapan,seni murni asli dari pengekspresian atau seseorang kalai seni rupa terapan adalah mengcopy atau encontoh seni murni menerapkan seni murni,jawaban siswa,0.0
seni,jelaskan perbedaan antara seni murni dan seni rupa terapan,seni murni adalah karya yang dibuat untuk keindahan atau ekspresi saja seni terapan adalah karya seni yang memiliki fungsi pakai,jawaban siswa,10.0
seni,jelaskan perbedaan antara seni murni dan seni rupa terapan,menggunakan alat secara murni dan memakai alat yang terang atau bagus,jawaban siswa,0.0
seni,jelaskan perbedaan antara seni murni dan seni rupa terapan,perbedaan senu murni dan seni terapan seni murni yang dibentuk tanpa tambahan tambahan dari seni lain dan sangat berbeda dari lainnya seni rupa yang dibentuk dengan tambahan tambahan lain yang menyerupai seni lainnya,jawaban siswa,0.0
seni,jelaskan perbedaan antara seni murni dan seni rupa terapan,seni murni sama seperti dimensi yang hnya bisa dinikmati melalui penglihatan seni terapan seni yang bisa difungsikan dan bisa dinikmati melalui indra penglihatan dan dirasakan dengan rabaan,jawaban siswa,10.0
seni,jelaskan perbedaan antara seni murni dan seni rupa terapan,sei murni adalah seni yang terbuat sendiri seperti batu yang terbentuk atau terpecah sendiri dan seni rupa terapan adalah seni yang di gambar atau di lukis yang dibiarkan contohnya seperti gambaran atau lukisan,jawaban siswa,0.0
seni,jelaskan perbedaan antara seni murni dan seni rupa terapan,seni murni fungsi utamanya estetika contoh patung pameran seni terapan adalah simpel dan estetik contoh piring hiasan,jawaban siswa,5.0
seni,jelaskan perbedaan antara seni murni dan seni rupa terapan,seni murni adalah karya seni yang mengutamakan keindahan contoh lukisan seni terapan adalag karya seni yang memiliki fungsi pakai contoh kerajinan desain,jawaban siswa,10.0
seni,jelaskan perbedaan antara seni murni dan seni rupa terapan,seni murni seni yang asli seni terapan seni yang ditampilkan,jawaban siswa,0.0
seni,jelaskan perbedaan antara seni murni dan seni rupa terapan,seni rupa seni yang hasilnya dapat dilihat saja keindahannya lukisan seni terapan seni yang hasilnya keindahan dapat digunakan batik,jawaban siswa,10.0
seni,jelaskan perbedaan antara seni murni dan seni rupa terapan,seni murni ialah seni yang biasa saja tidak mencampurkan warna apapun kalau seni rupa adalah seni gambar atau lukis,jawaban siswa,0.0
seni,jelaskan perbedaan antara seni murni dan seni rupa terapan,seni murni untuk keindahan lukisan seni terapan memiliki fungsi pakai poster,jawaban siswa,10.0
seni,jelaskan perbedaan antara seni murni dan seni rupa terapan,seni murni adalah seni yang dibuat oleh tangan manusia dan seni rupa terapan seni yang dibantu dengan alat lain,jawaban siswa,0.0
seni,jelaskan perbedaan antara seni murni dan seni rupa terapan,seni rupa murni yaitu suatu karya seni yang dibuat untuk dinikmati keindahannya saja seni rupa terapan yaitu suatu karya seni yang memiliki nilai keindahannya sekaligus fungsi pakai,jawaban siswa,10.0
seni,jelaskan perbedaan antara seni murni dan seni rupa terapan,seni murni lukisan patung seni grafis atau dibuat melalui teknik cetak sablon cap poster dan lain lain fokus pada nilai estetika dan ekspresi pribadi seni rupa desain produk desain interior industri menggabungkan nilai seni dengan fungsi praktis,jawaban siswa,10.0
seni,jelaskan perbedaan antara seni murni dan seni rupa terapan,seni murni merupakan seni yang tanpa campuran sedangkan seni terapan merupakan karya seni yang dapat di terapkan dan dicampurkan,jawaban siswa,0.0
seni,jelaskan perbedaan antara seni murni dan seni rupa terapan,seni murni adalah seni yang hanya bisa dilihat saja termasuk seni d seni terapan adalah cabang seni rupa yang menciptakan karya fungsional untuk digunakan dalam kehidupan sehari hari tanpa menghilangkan nilai estetika yang bisa difungsikan contohnya patung,jawaban siswa,10.0
seni,jelaskan perbedaan antara seni murni dan seni rupa terapan,beda niat dan tujuannya,jawaban siswa,0.0
seni,mengapa karya seni rupa dua dimensi memiliki peluang besar dalam industri kreatif,karena memiliki nilai estetika yang tiggi di banding karya seni yang lainnya,jawaban siswa,0.0
seni,mengapa karya seni rupa dua dimensi memiliki peluang besar dalam industri kreatif,seni rupa dua dimensi memang memiliki peluang yang sangat luas dan menjanjikan dalam industri kreatif terutama dengan dukungan teknologi digital yang mempermudah proses produksi,jawaban siswa,10.0
seni,mengapa karya seni rupa dua dimensi memiliki peluang besar dalam industri kreatif,karena banyak peluang kerja dari karya seni rupa dua dimensi contoh jasa desain logo jasa ilustrasi jasa banner dan poster lukisan custom desain konten media sosial karena banyak umkm dan bisnis yang membutuhkan itu,jawaban siswa,10.0
seni,mengapa karya seni rupa dua dimensi memiliki peluang besar dalam industri kreatif,karena karya seni dua dimensi sangat diminati oleh banyak orang dan digemari oleh berbagai karangan,jawaban siswa,5.0
seni,mengapa karya seni rupa dua dimensi memiliki peluang besar dalam industri kreatif,peluang usaha seni rupa d desain poster ilustrasi komik sablon kaos desain logo dan konten digital,jawaban siswa,0.0
seni,mengapa karya seni rupa dua dimensi memiliki peluang besar dalam industri kreatif,karya seni rupa adalah terbentuk karya seni rupa yang sangat detail sekali dan rapi,jawaban siswa,0.0
seni,mengapa karya seni rupa dua dimensi memiliki peluang besar dalam industri kreatif,kerajinan yang bagus seperti lukisan yang bagus dan menarik kerajinan kayu dan dikung oleh mentri,jawaban siswa,0.0
seni,mengapa karya seni rupa dua dimensi memiliki peluang besar dalam industri kreatif,karena menghasilkan lukisan yang bagus atau indah,jawaban siswa,5.0
seni,mengapa karya seni rupa dua dimensi memiliki peluang besar dalam industri kreatif,karena hasil karyanya sangat bagus dan memiliki industri kreatif,jawaban siswa,0.0
seni,mengapa karya seni rupa dua dimensi memiliki peluang besar dalam industri kreatif,karena modal pembuatannya lebih sedikit ditambah lagi proses membuatnya lebih mudah dan orang orang lebih,jawaban siswa,0.0
seni,nama lain dari dua dimensi,karya seni rupa dan industri kreatif lainnya,jawaban siswa,0.0
seni,nama lain dari dua dimensi,d,jawaban siswa,0.0
seni,nama lain dari dua dimensi,seni rupa seni murni seni terapan,jawaban siswa,0.0
seni,nama lain dari dua dimensi,nama lain yang saya satu yaitu komposisi perspektif proporsi,jawaban siswa,0.0
seni,nama lain dari dua dimensi,dwi marta,jawaban siswa,10.0
seni,nama lain dari dua dimensi,satu arah penglihatan,jawaban siswa,0.0
seni,nama lain dari dua dimensi,gambar,jawaban siswa,0.0
seni,nama lain dari dua dimensi,cabang seni visual yang dinikmati melalui penglihatan dan peradaban,jawaban siswa,0.0
seni,nama lain dari dua dimensi,ekraf,jawaban siswa,0.0
seni,nama lain dari dua dimensi,istilah dalam karya seni rupa contohnya komposisi proporsi perspektif gradasi kontras harmoni,jawaban siswa,0.0
seni,nama lain dari dua dimensi,modern,jawaban siswa,0.0
seni,nama lain dari dua dimensi,dua arah,jawaban siswa,0.0
seni,nama lain dari dua dimensi,dwimatra,jawaban siswa,10.0
seni,nama lain dari dua dimensi,nama lain dari dua dimensi yaitu dwimatra,jawaban siswa,10.0
seni,nama lain dari dua dimensi,seni rupa,jawaban siswa,0.0
seni,nama lain dari dua dimensi,dwi matra,jawaban siswa,10.0
seni,nama lain dari dua dimensi,nama lain dari dimensi adalah dwi matra,jawaban siswa,10.0
seni,nama lain dari dua dimensi,komposisi perspektif proporsi,jawaban siswa,0.0
seni,sebutkan contoh produk industri kreatif di bidang atau subsector kriya dan kuliner,memakan waktu sepanjang hari,jawaban siswa,0.0
seni,sebutkan contoh produk industri kreatif di bidang atau subsector kriya dan kuliner,batik ukiran kayu jepara fashion nail art arsitektur,jawaban siswa,5.0
seni,sebutkan contoh produk industri kreatif di bidang atau subsector kriya dan kuliner,kriya anyaman bambu seperti tas kuliner pempek keripik singkong,jawaban siswa,10.0
seni,sebutkan contoh produk industri kreatif di bidang atau subsector kriya dan kuliner,kriya batik ukiran keramik kuliner basreng bakso goreng,jawaban siswa,10.0
seni,sebutkan contoh produk industri kreatif di bidang atau subsector kriya dan kuliner,kriya patung kuliner batagor,jawaban siswa,10.0
seni,sebutkan contoh produk industri kreatif di bidang atau subsector kriya dan kuliner,contoh produk kriya tas anyaman rotan modern batik contoh kuliner rendang kemasan,jawaban siswa,10.0
seni,sebutkan contoh produk industri kreatif di bidang atau subsector kriya dan kuliner,di bidang kriya contohnya seperti lukisan langsung menggunakan warna dan tinta kalau kuliner yang di cetak atau di desain langsung di cetak menggunakan mesin seperti banner banner yang biasanya di buat untuk promosi,jawaban siswa,10.0
seni,sebutkan contoh produk industri kreatif di bidang atau subsector kriya dan kuliner,kuliner bakso karya seni membuat lukisan,jawaban siswa,5.0
seni,sebutkan contoh produk industri kreatif di bidang atau subsector kriya dan kuliner,kriya contohnya tas anyaman kuliner contohnya makanan khas daerah seperti kue dan lain lain,jawaban siswa,10.0
seni,sebutkan contoh produk industri kreatif di bidang atau subsector kriya dan kuliner,kriya keramik hias anyaman rotan kuliner makanan khas daerah atau tradisional,jawaban siswa,5.0
seni,sebutkan contoh produk industri kreatif di bidang atau subsector kriya dan kuliner,karya seni tangan sendiri dan diciptakan oleh tangan sendiri,jawaban siswa,0.0
seni,sebutkan contoh produk industri kreatif di bidang atau subsector kriya dan kuliner,kriya contoh karya batik tulism anyaman rotan kuliner makanan khas seperti rendang nasi padang,jawaban siswa,10.0
seni,sebutkan contoh produk industri kreatif di bidang atau subsector kriya dan kuliner,kriya kerajinan tangan anyaman atau aksesoris kerajinan keras kuliner olahan kreatif makanan kemasan camilan ringan,jawaban siswa,10.0
seni,sebutkan contoh produk industri kreatif di bidang atau subsector kriya dan kuliner,candi kriya kuliner nasi padang,jawaban siswa,5.0
seni,sebutkan contoh produk industri kreatif di bidang atau subsector kriya dan kuliner,kriya kerajinan tangan seperti batik anyaman dan keramik kuliner makanan khas daerah kue tradisional minuman kekinian,jawaban siswa,10.0
seni,sebutkan contoh produk industri kreatif di bidang atau subsector kriya dan kuliner,kriya kerajinan tangan seperti rajut keramik anyaman kuliner makanan atau minuman kreatif seperti dessertbox kopi kekinian makanan tradisional kemasan modern,jawaban siswa,10.0
seni,sebutkan contoh produk industri kreatif di bidang atau subsector kriya dan kuliner,contoh produk ekraf karya dan kuliner kriya kerajinan kayu anyaman batik kuliner kue tradisional minuman kekinian makanan khas daerah,jawaban siswa,10.0
seni,sebutkan contoh produk industri kreatif di bidang atau subsector kriya dan kuliner,nasi padang nasi tempong lalapan nagor pecel,jawaban siswa,5.0
seni,sebutkan contoh produk industri kreatif di bidang atau subsector kriya dan kuliner,kriya rajut kramik kuliner kopi kekinian,jawaban siswa,10.0
seni,sebutkan contoh produk industri kreatif di bidang atau subsector kriya dan kuliner,kriya seperti kerajinan tangan tas anyaman atau rajut patung dan lain lain kuliner seperti makanan kekinian dan jenis jenis minuman,jawaban siswa,10.0
seni,sebutkan contoh produk industri kreatif di bidang atau subsector kriya dan kuliner,kriya funiture dan kerajinan tangan kuliner makanan lokal,jawaban siswa,10.0
seni,sebutkan contoh produk industri kreatif di bidang atau subsector kriya dan kuliner,grabah aksesoris dan makanan seperti nasi pecel atau bakso,jawaban siswa,5.0
seni,sebutkan contoh produk industri kreatif di bidang atau subsector kriya dan kuliner,industry kreatif di bidang subsector kriya seperti spart motor komponen komponen motor kuliner seperti makanan makanan khas daerah jajanan dengan bahan minimalis,jawaban siswa,5.0
seni,sebutkan contoh produk industri kreatif di bidang atau subsector kriya dan kuliner,bidang kriya batik anyaman bambu tas rajut ukiran kayu kriya berfokus pada kerajinan tangan yang bernilai seni bidang kuliner makanan tradisional makanan daerah minuman kekinian kripik kuliner yang berfokus pada makanan,jawaban siswa,5.0
seni,sebutkan contoh produk industri kreatif di bidang atau subsector kriya dan kuliner,hp batako dan makanan,jawaban siswa,0.0
seni,sebutkan contoh produk industri kreatif di bidang atau subsector kriya dan kuliner,membuat lukisan gambar atau membuat karya seni rupa dimensi,jawaban siswa,0.0
seni,sebutkan contoh produk industri kreatif di bidang atau subsector kriya dan kuliner,kriya kerajinan tangan dan batik kuliner makanan khas daerah dan produk olahan,jawaban siswa,10.0
seni,sebutkan contoh produk industri kreatif di bidang atau subsector kriya dan kuliner,kriya ada kerjainan bambu sedangkan kuliner berfokus ke makanan salah satunya seperti pecel lele,jawaban siswa,8.0
seni,sebutkan contoh produk industri kreatif di bidang atau subsector kriya dan kuliner,kriya kerajinan tangan contoh batik anyaman dan keramik kuliner makanan khas daerah contoh kue tradisional atau minuman kekinian,jawaban siswa,10.0
seni,sebutkan dan jelaskan tiga unsur unsur seni rupa dua dimensi,titik garis bidang,jawaban siswa,10.0
seni,sebutkan dan jelaskan tiga unsur unsur seni rupa dua dimensi,pencampuran warna dengan ungu dan merah pencampuran warna kuning dan merah pencampuran warna hijau dan merah,jawaban siswa,0.0
seni,sebutkan dan jelaskan tiga unsur unsur seni rupa dua dimensi,datar dilihat dari satu arah tidak melebihi dimensi lebih,jawaban siswa,0.0
seni,sebutkan dan jelaskan tiga unsur unsur seni rupa dua dimensi,unsur unsur seni rupa garis untuk menghubungkan antara dua titik warna untuk mewarnai lukisan agar terlihat menarik ruang ilusi atau dimensi,jawaban siswa,8.0
seni,sebutkan dan jelaskan tiga unsur unsur seni rupa dua dimensi,titik unsur yang paling kecil garis batas limit dari suatu bidang bidang unsur seni yang terbentuk dari beberapa garis,jawaban siswa,10.0
seni,sebutkan dan jelaskan tiga unsur unsur seni rupa dua dimensi,titik unsur paling terkecil yang semua terwujud di awali dengan titik goresan batas limit dari suatu benda ruang bidang dan lain lain bentuk untuk seni rupa yang terbentuk dari beberapa bidang,jawaban siswa,10.0
seni,sebutkan dan jelaskan tiga unsur unsur seni rupa dua dimensi,unsur titik untuk membuat garis unsur garis untuk membuat seninya unsur warna untuk menghiasi atau menambahi seni agar enak dilihat bentuk dan ruang,jawaban siswa,10.0
seni,sebutkan dan jelaskan tiga unsur unsur seni rupa dua dimensi,garis bentuk titik,jawaban siswa,10.0
seni,sebutkan dan jelaskan tiga unsur unsur seni rupa dua dimensi,titik karena setiap karya seni selalu mulai dari titik garis,jawaban siswa,2.0
seni,sebutkan dan jelaskan tiga unsur unsur seni rupa dua dimensi,tekstur sebagai rasa atau sifat karya menjadi nyata titik sebagai awalan memulai suatu karya garis coretan yang di awali titik ke titik lain,jawaban siswa,10.0
seni,sebutkan sepuluh subsektor di industri ekonomi kreatif,seni pertunjukkan seni rupa desain film kerajinan tangan kuliner penerbitan arsitektur pariwisata,jawaban siswa,5.0
seni,sebutkan sepuluh subsektor di industri ekonomi kreatif,arsitektur desaininterior dkv desain produk film animasi fotografi kriya kuliner musik fashion,jawaban siswa,10.0
seni,sebutkan sepuluh subsektor di industri ekonomi kreatif,kuliner kriya lukis kerajinan tangan,jawaban siswa,5.0
seni,sebutkan sepuluh subsektor di industri ekonomi kreatif,arsitektur desain internal dkv desain produk film animasi fotografi kriya kuliner musik dan vidiografi,jawaban siswa,10.0
seni,sebutkan sepuluh subsektor di industri ekonomi kreatif,kriya kuliner desain film animasi fotografi musik dkv fashion iklan,jawaban siswa,10.0
seni,sebutkan sepuluh subsektor di industri ekonomi kreatif,film dan animasi musik fotografi dkv kriya kuliner fashion seni rupa desain grafis,jawaban siswa,8.0
seni,sebutkan sepuluh subsektor di industri ekonomi kreatif,berbasis pada ide pengetahuan dan kreativitas seni untuk menciptakan nilai,jawaban siswa,0.0
seni,sebutkan sepuluh subsektor di industri ekonomi kreatif,fashion arsitektur,jawaban siswa,4.0
seni,sebutkan sepuluh subsektor di industri ekonomi kreatif,subjektor ekonomi kreatif ekraf contoh kuliner kriya fashion desain grafis film musik fotografi dan aplikasi,jawaban siswa,5.0
seni,sebutkan unsur unsur seni rupa,titik garis bidang bentuk ruang warna tekstur dan gelap terang,jawaban siswa,10.0
seni,sebutkan unsur unsur seni rupa,bisa di lihat dari segala arah,jawaban siswa,0.0
seni,sebutkan unsur unsur seni rupa,analisasi unsur seni rupa berarti mengidentifikasi dari penjelasan penggunaan titik garis warna bentuk dan unsur lain dalam sebuah karya,jawaban siswa,10.0
seni,sebutkan unsur unsur seni rupa,titik garis bidang bentuk warna,jawaban siswa,5.0
seni,sebutkan unsur unsur seni rupa,garis bentuk titik,jawaban siswa,5.0
seni,sebutkan unsur unsur seni rupa,titik garis bidang warna tekstur gelap terang,jawaban siswa,8.0
seni,sebutkan unsur unsur seni rupa,titik garis bidang bentuk tekstur,jawaban siswa,10.0
seni,sebutkan unsur unsur seni rupa,titik garis bidang bentuk tekstur warna gelap terang ruang,jawaban siswa,10.0
seni,sebutkan unsur unsur seni rupa,tidak ada,jawaban siswa,0.0
seni,sebutkan unsur unsur seni rupa,titik garis bidang tekstur bentuk warna gelap terang,jawaban siswa,10.0
seni,sebutkan unsur unsur seni rupa,titik garis bidang bentuk ruang tekstur gelap terang,jawaban siswa,10.0
seni,sebutkan unsur unsur seni rupa,titik dan garis,jawaban siswa,2.0
seni,sebutkan unsur unsur seni rupa,dapat dilihat dinikmati dirasakan,jawaban siswa,0.0
seni,sebutkan unsur unsur seni rupa,titik dan garis dasar seni rupa yang dapat dihubungkan goresan membentuk struktur bidang dan bentuk permukaan datar hasil pertemuan garis ruang karya seni d kesan di kerja d warna elemen ekspresif atau kesan nyata tekstur sifat permukaan benda gelap terang kesan d dalam konstruktor,jawaban siswa,10.0
seni,sebutkan unsur unsur seni rupa,budaya jawa budaya seni dan masih banyak lagi,jawaban siswa,0.0
seni,sebutkan unsur unsur seni rupa,garis unsur seni rupa yang terbentuk dari rangkaian titik yang memanjang dan dapat di gunakan untuk embentuk objek atau gambar,jawaban siswa,0.0
seni,sebutkan unsur unsur seni rupa,titik garis bidang warna,jawaban siswa,5.0
seni,sebutkan unsur unsur seni rupa,mempunyai warna yang bagus gambar yang rapi dan menjadi seni rupa,jawaban siswa,0.0
seni,sebutkan unsur unsur seni rupa,titik garis bidang warna gelap terang tekstur,jawaban siswa,7.0
seni,sebutkan unsur unsur seni rupa,unsur unsur seni rupa yaitu garis titik ruang bidang tekstur warna gelap terang,jawaban siswa,10.0
seni,sebutkan unsur unsur seni rupa,garis warna titik garis bidang gelap terang tekstur,jawaban siswa,10.0
seni,sebutkan unsur unsur seni rupa,titik garis bidang bentuk warna tesktur gelap terang,jawaban siswa,10.0
seni,sebutkan unsur unsur seni rupa,titik garis gambar warna,jawaban siswa,5.0
seni,sebutkan unsur unsur seni rupa,titik garis bidang tekstur warna bidang terang gelap ruang,jawaban siswa,10.0
seni,sebutkan unsur unsur seni rupa,titik garis bidang bentuk warna gelap terang ruang,jawaban siswa,10.0
seni,sebutkan unsur unsur seni rupa,titik garis bentuk tekstur warna,jawaban siswa,5.0
